system:index,Date,area_km2,lake,.geo
0,1985-01-01T00:00:00,0.0,shangshehu,"{""type"":""MultiPoint"",""coordinates"":[]}"
1,1985-02-01T00:00:00,0.0,shangshehu,"{""type"":""MultiPoint"",""coordinates"":[]}"
2,1985-03-01T00:00:00,0.0,shangshehu,"{""type"":""MultiPoint"",""coordinates"":[]}"
3,1985-04-01T00:00:00,0.0,shangshehu,"{""type"":""MultiPoint"",""coordinates"":[]}"
4,1985-05-01T00:00:00,0.0,shangshehu,"{""type"":""MultiPoint"",""coordinates"":[]}"
5,1985-06-01T00:00:00,0.0,shangshehu,"{""type"":""MultiPoint"",""coordinates"":[]}"
6,1985-07-01T00:00:00,0.0,shangshehu,"{""type"":""MultiPoint"",""coordinates"":[]}"
7,1985-08-01T00:00:00,0.0,shangshehu,"{""type"":""MultiPoint"",""coordinates"":[]}"
8,1985-09-01T00:00:00,0.0,shangshehu,"{""type"":""MultiPoint"",""coordinates"":[]}"
9,1985-10-01T00:00:00,0.0,shangshehu,"{""type"":""MultiPoint"",""coordinates"":[]}"
10,1985-11-01T00:00:00,0.0,shangshehu,"{""type"":""MultiPoint"",""coordinates"":[]}"
11,1985-12-01T00:00:00,0.0,shangshehu,"{""type"":""MultiPoint"",""coordinates"":[]}"
12,1986-01-01T00:00:00,0.0,shangshehu,"{""type"":""MultiPoint"",""coordinates"":[]}"
13,1986-02-01T00:00:00,0.0,shangshehu,"{""type"":""MultiPoint"",""coordinates"":[]}"
14,1986-03-01T00:00:00,0.0,shangshehu,"{""type"":""MultiPoint"",""coordinates"":[]}"
15,1986-04-01T00:00:00,0.0,shangshehu,"{""type"":""MultiPoint"",""coordinates"":[]}"
16,1986-05-01T00:00:00,0.0,shangshehu,"{""type"":""MultiPoint"",""coordinates"":[]}"
17,1986-06-01T00:00:00,0.0,shangshehu,"{""type"":""MultiPoint"",""coordinates"":[]}"
18,1986-07-01T00:00:00,0.0,shangshehu,"{""type"":""MultiPoint"",""coordinates"":[]}"
19,1986-08-01T00:00:00,0.0,shangshehu,"{""type"":""MultiPoint"",""coordinates"":[]}"
20,1986-09-01T00:00:00,0.0,shangshehu,"{""type"":""MultiPoint"",""coordinates"":[]}"
21,1986-10-01T00:00:00,0.0,shangshehu,"{""type"":""MultiPoint"",""coordinates"":[]}"
22,1986-11-01T00:00:00,0.0,shangshehu,"{""type"":""MultiPoint"",""coordinates"":[]}"
23,1986-12-01T00:00:00,0.0,shangshehu,"{""type"":""MultiPoint"",""coordinates"":[]}"
24,1987-01-01T00:00:00,0.0,shangshehu,"{""type"":""MultiPoint"",""coordinates"":[]}"
25,1987-02-01T00:00:00,0.0,shangshehu,"{""type"":""MultiPoint"",""coordinates"":[]}"
26,1987-03-01T00:00:00,0.0,shangshehu,"{""type"":""MultiPoint"",""coordinates"":[]}"
27,1987-04-01T00:00:00,0.0,shangshehu,"{""type"":""MultiPoint"",""coordinates"":[]}"
28,1987-05-01T00:00:00,0.0,shangshehu,"{""type"":""MultiPoint"",""coordinates"":[]}"
29,1987-06-01T00:00:00,0.0,shangshehu,"{""type"":""MultiPoint"",""coordinates"":[]}"
30,1987-07-01T00:00:00,0.0,shangshehu,"{""type"":""MultiPoint"",""coordinates"":[]}"
31,1987-08-01T00:00:00,0.0,shangshehu,"{""type"":""MultiPoint"",""coordinates"":[]}"
32,1987-09-01T00:00:00,6.228003942184149,shangshehu,"{""type"":""MultiPoint"",""coordinates"":[]}"
33,1987-10-01T00:00:00,0.0,shangshehu,"{""type"":""MultiPoint"",""coordinates"":[]}"
34,1987-11-01T00:00:00,0.0,shangshehu,"{""type"":""MultiPoint"",""coordinates"":[]}"
35,1987-12-01T00:00:00,0.0,shangshehu,"{""type"":""MultiPoint"",""coordinates"":[]}"
36,1988-01-01T00:00:00,0.0,shangshehu,"{""type"":""MultiPoint"",""coordinates"":[]}"
37,1988-02-01T00:00:00,0.0,shangshehu,"{""type"":""MultiPoint"",""coordinates"":[]}"
38,1988-03-01T00:00:00,0.0,shangshehu,"{""type"":""MultiPoint"",""coordinates"":[]}"
39,1988-04-01T00:00:00,0.0,shangshehu,"{""type"":""MultiPoint"",""coordinates"":[]}"
40,1988-05-01T00:00:00,0.0,shangshehu,"{""type"":""MultiPoint"",""coordinates"":[]}"
41,1988-06-01T00:00:00,0.0,shangshehu,"{""type"":""MultiPoint"",""coordinates"":[]}"
42,1988-07-01T00:00:00,0.0,shangshehu,"{""type"":""MultiPoint"",""coordinates"":[]}"
43,1988-08-01T00:00:00,0.0,shangshehu,"{""type"":""MultiPoint"",""coordinates"":[]}"
44,1988-09-01T00:00:00,0.0,shangshehu,"{""type"":""MultiPoint"",""coordinates"":[]}"
45,1988-10-01T00:00:00,0.0,shangshehu,"{""type"":""MultiPoint"",""coordinates"":[]}"
46,1988-11-01T00:00:00,0.0,shangshehu,"{""type"":""MultiPoint"",""coordinates"":[]}"
47,1988-12-01T00:00:00,0.0,shangshehu,"{""type"":""MultiPoint"",""coordinates"":[]}"
48,1989-01-01T00:00:00,0.0,shangshehu,"{""type"":""MultiPoint"",""coordinates"":[]}"
49,1989-02-01T00:00:00,0.0,shangshehu,"{""type"":""MultiPoint"",""coordinates"":[]}"
50,1989-03-01T00:00:00,0.0,shangshehu,"{""type"":""MultiPoint"",""coordinates"":[]}"
51,1989-04-01T00:00:00,0.0,shangshehu,"{""type"":""MultiPoint"",""coordinates"":[]}"
52,1989-05-01T00:00:00,0.0,shangshehu,"{""type"":""MultiPoint"",""coordinates"":[]}"
53,1989-06-01T00:00:00,0.0,shangshehu,"{""type"":""MultiPoint"",""coordinates"":[]}"
54,1989-07-01T00:00:00,0.0,shangshehu,"{""type"":""MultiPoint"",""coordinates"":[]}"
55,1989-08-01T00:00:00,0.0,shangshehu,"{""type"":""MultiPoint"",""coordinates"":[]}"
56,1989-09-01T00:00:00,0.0,shangshehu,"{""type"":""MultiPoint"",""coordinates"":[]}"
57,1989-10-01T00:00:00,0.0,shangshehu,"{""type"":""MultiPoint"",""coordinates"":[]}"
58,1989-11-01T00:00:00,0.0,shangshehu,"{""type"":""MultiPoint"",""coordinates"":[]}"
59,1989-12-01T00:00:00,0.0,shangshehu,"{""type"":""MultiPoint"",""coordinates"":[]}"
60,1990-01-01T00:00:00,0.0,shangshehu,"{""type"":""MultiPoint"",""coordinates"":[]}"
61,1990-02-01T00:00:00,0.0,shangshehu,"{""type"":""MultiPoint"",""coordinates"":[]}"
62,1990-03-01T00:00:00,0.0,shangshehu,"{""type"":""MultiPoint"",""coordinates"":[]}"
63,1990-04-01T00:00:00,0.0,shangshehu,"{""type"":""MultiPoint"",""coordinates"":[]}"
64,1990-05-01T00:00:00,0.0,shangshehu,"{""type"":""MultiPoint"",""coordinates"":[]}"
65,1990-06-01T00:00:00,0.0,shangshehu,"{""type"":""MultiPoint"",""coordinates"":[]}"
66,1990-07-01T00:00:00,0.0,shangshehu,"{""type"":""MultiPoint"",""coordinates"":[]}"
67,1990-08-01T00:00:00,0.0,shangshehu,"{""type"":""MultiPoint"",""coordinates"":[]}"
68,1990-09-01T00:00:00,5.766036697024834,shangshehu,"{""type"":""MultiPoint"",""coordinates"":[]}"
69,1990-10-01T00:00:00,0.0,shangshehu,"{""type"":""MultiPoint"",""coordinates"":[]}"
70,1990-11-01T00:00:00,0.0,shangshehu,"{""type"":""MultiPoint"",""coordinates"":[]}"
71,1990-12-01T00:00:00,0.0,shangshehu,"{""type"":""MultiPoint"",""coordinates"":[]}"
72,1991-01-01T00:00:00,0.0,shangshehu,"{""type"":""MultiPoint"",""coordinates"":[]}"
73,1991-02-01T00:00:00,0.0,shangshehu,"{""type"":""MultiPoint"",""coordinates"":[]}"
74,1991-03-01T00:00:00,0.0,shangshehu,"{""type"":""MultiPoint"",""coordinates"":[]}"
75,1991-04-01T00:00:00,0.0,shangshehu,"{""type"":""MultiPoint"",""coordinates"":[]}"
76,1991-05-01T00:00:00,0.0,shangshehu,"{""type"":""MultiPoint"",""coordinates"":[]}"
77,1991-06-01T00:00:00,0.0,shangshehu,"{""type"":""MultiPoint"",""coordinates"":[]}"
78,1991-07-01T00:00:00,5.4419438296075535,shangshehu,"{""type"":""MultiPoint"",""coordinates"":[]}"
79,1991-08-01T00:00:00,0.0,shangshehu,"{""type"":""MultiPoint"",""coordinates"":[]}"
80,1991-09-01T00:00:00,0.0,shangshehu,"{""type"":""MultiPoint"",""coordinates"":[]}"
81,1991-10-01T00:00:00,0.0,shangshehu,"{""type"":""MultiPoint"",""coordinates"":[]}"
82,1991-11-01T00:00:00,0.0,shangshehu,"{""type"":""MultiPoint"",""coordinates"":[]}"
83,1991-12-01T00:00:00,0.0,shangshehu,"{""type"":""MultiPoint"",""coordinates"":[]}"
84,1992-01-01T00:00:00,8.76944783793993,shangshehu,"{""type"":""MultiPoint"",""coordinates"":[]}"
85,1992-02-01T00:00:00,7.875432537671855,shangshehu,"{""type"":""MultiPoint"",""coordinates"":[]}"
86,1992-03-01T00:00:00,0.0,shangshehu,"{""type"":""MultiPoint"",""coordinates"":[]}"
87,1992-04-01T00:00:00,0.0,shangshehu,"{""type"":""MultiPoint"",""coordinates"":[]}"
88,1992-05-01T00:00:00,0.0,shangshehu,"{""type"":""MultiPoint"",""coordinates"":[]}"
89,1992-06-01T00:00:00,0.0,shangshehu,"{""type"":""MultiPoint"",""coordinates"":[]}"
90,1992-07-01T00:00:00,0.357879566891659,shangshehu,"{""type"":""MultiPoint"",""coordinates"":[]}"
91,1992-08-01T00:00:00,0.0,shangshehu,"{""type"":""MultiPoint"",""coordinates"":[]}"
92,1992-09-01T00:00:00,0.0,shangshehu,"{""type"":""MultiPoint"",""coordinates"":[]}"
93,1992-10-01T00:00:00,0.0,shangshehu,"{""type"":""MultiPoint"",""coordinates"":[]}"
94,1992-11-01T00:00:00,0.0,shangshehu,"{""type"":""MultiPoint"",""coordinates"":[]}"
95,1992-12-01T00:00:00,0.0,shangshehu,"{""type"":""MultiPoint"",""coordinates"":[]}"
96,1993-01-01T00:00:00,0.0,shangshehu,"{""type"":""MultiPoint"",""coordinates"":[]}"
97,1993-02-01T00:00:00,0.0,shangshehu,"{""type"":""MultiPoint"",""coordinates"":[]}"
98,1993-03-01T00:00:00,0.0,shangshehu,"{""type"":""MultiPoint"",""coordinates"":[]}"
99,1993-04-01T00:00:00,0.0,shangshehu,"{""type"":""MultiPoint"",""coordinates"":[]}"
100,1993-05-01T00:00:00,0.0,shangshehu,"{""type"":""MultiPoint"",""coordinates"":[]}"
101,1993-06-01T00:00:00,0.0,shangshehu,"{""type"":""MultiPoint"",""coordinates"":[]}"
102,1993-07-01T00:00:00,0.0,shangshehu,"{""type"":""MultiPoint"",""coordinates"":[]}"
103,1993-08-01T00:00:00,0.0,shangshehu,"{""type"":""MultiPoint"",""coordinates"":[]}"
104,1993-09-01T00:00:00,0.0,shangshehu,"{""type"":""MultiPoint"",""coordinates"":[]}"
105,1993-10-01T00:00:00,4.960620212568931,shangshehu,"{""type"":""MultiPoint"",""coordinates"":[]}"
106,1993-11-01T00:00:00,0.0,shangshehu,"{""type"":""MultiPoint"",""coordinates"":[]}"
107,1993-12-01T00:00:00,0.0,shangshehu,"{""type"":""MultiPoint"",""coordinates"":[]}"
108,1994-01-01T00:00:00,0.0,shangshehu,"{""type"":""MultiPoint"",""coordinates"":[]}"
109,1994-02-01T00:00:00,0.0,shangshehu,"{""type"":""MultiPoint"",""coordinates"":[]}"
110,1994-03-01T00:00:00,0.0,shangshehu,"{""type"":""MultiPoint"",""coordinates"":[]}"
111,1994-04-01T00:00:00,0.0,shangshehu,"{""type"":""MultiPoint"",""coordinates"":[]}"
112,1994-05-01T00:00:00,0.0,shangshehu,"{""type"":""MultiPoint"",""coordinates"":[]}"
113,1994-06-01T00:00:00,0.0,shangshehu,"{""type"":""MultiPoint"",""coordinates"":[]}"
114,1994-07-01T00:00:00,0.0,shangshehu,"{""type"":""MultiPoint"",""coordinates"":[]}"
115,1994-08-01T00:00:00,1.7988861097684972,shangshehu,"{""type"":""MultiPoint"",""coordinates"":[]}"
116,1994-09-01T00:00:00,1.8713560509234257,shangshehu,"{""type"":""MultiPoint"",""coordinates"":[]}"
117,1994-10-01T00:00:00,0.0,shangshehu,"{""type"":""MultiPoint"",""coordinates"":[]}"
118,1994-11-01T00:00:00,0.0,shangshehu,"{""type"":""MultiPoint"",""coordinates"":[]}"
119,1994-12-01T00:00:00,0.0,shangshehu,"{""type"":""MultiPoint"",""coordinates"":[]}"
120,1995-01-01T00:00:00,0.0,shangshehu,"{""type"":""MultiPoint"",""coordinates"":[]}"
121,1995-02-01T00:00:00,0.0,shangshehu,"{""type"":""MultiPoint"",""coordinates"":[]}"
122,1995-03-01T00:00:00,0.0,shangshehu,"{""type"":""MultiPoint"",""coordinates"":[]}"
123,1995-04-01T00:00:00,6.166321433271102,shangshehu,"{""type"":""MultiPoint"",""coordinates"":[]}"
124,1995-05-01T00:00:00,0.008533714599609376,shangshehu,"{""type"":""MultiPoint"",""coordinates"":[]}"
125,1995-06-01T00:00:00,0.0,shangshehu,"{""type"":""MultiPoint"",""coordinates"":[]}"
126,1995-07-01T00:00:00,0.0,shangshehu,"{""type"":""MultiPoint"",""coordinates"":[]}"
127,1995-08-01T00:00:00,0.0,shangshehu,"{""type"":""MultiPoint"",""coordinates"":[]}"
128,1995-09-01T00:00:00,0.0,shangshehu,"{""type"":""MultiPoint"",""coordinates"":[]}"
129,1995-10-01T00:00:00,4.326798197833849,shangshehu,"{""type"":""MultiPoint"",""coordinates"":[]}"
130,1995-11-01T00:00:00,0.0,shangshehu,"{""type"":""MultiPoint"",""coordinates"":[]}"
131,1995-12-01T00:00:00,0.0,shangshehu,"{""type"":""MultiPoint"",""coordinates"":[]}"
132,1996-01-01T00:00:00,0.0,shangshehu,"{""type"":""MultiPoint"",""coordinates"":[]}"
133,1996-02-01T00:00:00,1.5233566398451868,shangshehu,"{""type"":""MultiPoint"",""coordinates"":[]}"
134,1996-03-01T00:00:00,0.0,shangshehu,"{""type"":""MultiPoint"",""coordinates"":[]}"
135,1996-04-01T00:00:00,0.0,shangshehu,"{""type"":""MultiPoint"",""coordinates"":[]}"
136,1996-05-01T00:00:00,3.2980217320671534,shangshehu,"{""type"":""MultiPoint"",""coordinates"":[]}"
137,1996-06-01T00:00:00,4.851816368416819,shangshehu,"{""type"":""MultiPoint"",""coordinates"":[]}"
138,1996-07-01T00:00:00,0.0,shangshehu,"{""type"":""MultiPoint"",""coordinates"":[]}"
139,1996-08-01T00:00:00,1.2323304313826018,shangshehu,"{""type"":""MultiPoint"",""coordinates"":[]}"
140,1996-09-01T00:00:00,1.4832158238989737,shangshehu,"{""type"":""MultiPoint"",""coordinates"":[]}"
141,1996-10-01T00:00:00,6.307003377425128,shangshehu,"{""type"":""MultiPoint"",""coordinates"":[]}"
142,1996-11-01T00:00:00,0.0,shangshehu,"{""type"":""MultiPoint"",""coordinates"":[]}"
143,1996-12-01T00:00:00,0.0,shangshehu,"{""type"":""MultiPoint"",""coordinates"":[]}"
144,1997-01-01T00:00:00,0.0,shangshehu,"{""type"":""MultiPoint"",""coordinates"":[]}"
145,1997-02-01T00:00:00,0.0,shangshehu,"{""type"":""MultiPoint"",""coordinates"":[]}"
146,1997-03-01T00:00:00,0.0,shangshehu,"{""type"":""MultiPoint"",""coordinates"":[]}"
147,1997-04-01T00:00:00,0.0,shangshehu,"{""type"":""MultiPoint"",""coordinates"":[]}"
148,1997-05-01T00:00:00,0.0,shangshehu,"{""type"":""MultiPoint"",""coordinates"":[]}"
149,1997-06-01T00:00:00,0.0,shangshehu,"{""type"":""MultiPoint"",""coordinates"":[]}"
150,1997-07-01T00:00:00,0.0,shangshehu,"{""type"":""MultiPoint"",""coordinates"":[]}"
151,1997-08-01T00:00:00,0.0,shangshehu,"{""type"":""MultiPoint"",""coordinates"":[]}"
152,1997-09-01T00:00:00,0.0,shangshehu,"{""type"":""MultiPoint"",""coordinates"":[]}"
153,1997-10-01T00:00:00,0.0,shangshehu,"{""type"":""MultiPoint"",""coordinates"":[]}"
154,1997-11-01T00:00:00,0.0,shangshehu,"{""type"":""MultiPoint"",""coordinates"":[]}"
155,1997-12-01T00:00:00,0.0,shangshehu,"{""type"":""MultiPoint"",""coordinates"":[]}"
156,1998-01-01T00:00:00,0.0,shangshehu,"{""type"":""MultiPoint"",""coordinates"":[]}"
157,1998-02-01T00:00:00,0.0,shangshehu,"{""type"":""MultiPoint"",""coordinates"":[]}"
158,1998-03-01T00:00:00,0.0,shangshehu,"{""type"":""MultiPoint"",""coordinates"":[]}"
159,1998-04-01T00:00:00,0.0,shangshehu,"{""type"":""MultiPoint"",""coordinates"":[]}"
160,1998-05-01T00:00:00,0.0,shangshehu,"{""type"":""MultiPoint"",""coordinates"":[]}"
161,1998-06-01T00:00:00,0.0,shangshehu,"{""type"":""MultiPoint"",""coordinates"":[]}"
162,1998-07-01T00:00:00,0.0,shangshehu,"{""type"":""MultiPoint"",""coordinates"":[]}"
163,1998-08-01T00:00:00,0.0,shangshehu,"{""type"":""MultiPoint"",""coordinates"":[]}"
164,1998-09-01T00:00:00,0.0,shangshehu,"{""type"":""MultiPoint"",""coordinates"":[]}"
165,1998-10-01T00:00:00,0.0,shangshehu,"{""type"":""MultiPoint"",""coordinates"":[]}"
166,1998-11-01T00:00:00,0.0,shangshehu,"{""type"":""MultiPoint"",""coordinates"":[]}"
167,1998-12-01T00:00:00,0.0,shangshehu,"{""type"":""MultiPoint"",""coordinates"":[]}"
168,1999-01-01T00:00:00,0.0,shangshehu,"{""type"":""MultiPoint"",""coordinates"":[]}"
169,1999-02-01T00:00:00,0.0,shangshehu,"{""type"":""MultiPoint"",""coordinates"":[]}"
170,1999-03-01T00:00:00,0.0,shangshehu,"{""type"":""MultiPoint"",""coordinates"":[]}"
171,1999-04-01T00:00:00,0.0,shangshehu,"{""type"":""MultiPoint"",""coordinates"":[]}"
172,1999-05-01T00:00:00,0.0,shangshehu,"{""type"":""MultiPoint"",""coordinates"":[]}"
173,1999-06-01T00:00:00,0.0,shangshehu,"{""type"":""MultiPoint"",""coordinates"":[]}"
174,1999-07-01T00:00:00,0.0,shangshehu,"{""type"":""MultiPoint"",""coordinates"":[]}"
175,1999-08-01T00:00:00,0.0,shangshehu,"{""type"":""MultiPoint"",""coordinates"":[]}"
176,1999-09-01T00:00:00,5.606790017183191,shangshehu,"{""type"":""MultiPoint"",""coordinates"":[]}"
177,1999-10-01T00:00:00,0.0,shangshehu,"{""type"":""MultiPoint"",""coordinates"":[]}"
178,1999-11-01T00:00:00,9.66868662199803,shangshehu,"{""type"":""MultiPoint"",""coordinates"":[]}"
179,1999-12-01T00:00:00,0.0,shangshehu,"{""type"":""MultiPoint"",""coordinates"":[]}"
180,2000-01-01T00:00:00,5.548181193983129,shangshehu,"{""type"":""MultiPoint"",""coordinates"":[]}"
181,2000-02-01T00:00:00,8.737573709929821,shangshehu,"{""type"":""MultiPoint"",""coordinates"":[]}"
182,2000-03-01T00:00:00,0.0,shangshehu,"{""type"":""MultiPoint"",""coordinates"":[]}"
183,2000-04-01T00:00:00,0.0,shangshehu,"{""type"":""MultiPoint"",""coordinates"":[]}"
184,2000-05-01T00:00:00,0.0,shangshehu,"{""type"":""MultiPoint"",""coordinates"":[]}"
185,2000-06-01T00:00:00,0.36461351904296874,shangshehu,"{""type"":""MultiPoint"",""coordinates"":[]}"
186,2000-07-01T00:00:00,2.3737867600576363,shangshehu,"{""type"":""MultiPoint"",""coordinates"":[]}"
187,2000-08-01T00:00:00,1.5315981486323338,shangshehu,"{""type"":""MultiPoint"",""coordinates"":[]}"
188,2000-09-01T00:00:00,2.7852602235815906,shangshehu,"{""type"":""MultiPoint"",""coordinates"":[]}"
189,2000-10-01T00:00:00,6.339249776349952,shangshehu,"{""type"":""MultiPoint"",""coordinates"":[]}"
190,2000-11-01T00:00:00,0.0,shangshehu,"{""type"":""MultiPoint"",""coordinates"":[]}"
191,2000-12-01T00:00:00,0.0,shangshehu,"{""type"":""MultiPoint"",""coordinates"":[]}"
192,2001-01-01T00:00:00,8.684355594558536,shangshehu,"{""type"":""MultiPoint"",""coordinates"":[]}"
193,2001-02-01T00:00:00,0.26831311948433667,shangshehu,"{""type"":""MultiPoint"",""coordinates"":[]}"
194,2001-03-01T00:00:00,6.828567363466509,shangshehu,"{""type"":""MultiPoint"",""coordinates"":[]}"
195,2001-04-01T00:00:00,0.6803528701171875,shangshehu,"{""type"":""MultiPoint"",""coordinates"":[]}"
196,2001-05-01T00:00:00,3.1622714199802777,shangshehu,"{""type"":""MultiPoint"",""coordinates"":[]}"
197,2001-06-01T00:00:00,0.16049410054668353,shangshehu,"{""type"":""MultiPoint"",""coordinates"":[]}"
198,2001-07-01T00:00:00,1.2600448449893726,shangshehu,"{""type"":""MultiPoint"",""coordinates"":[]}"
199,2001-08-01T00:00:00,0.0,shangshehu,"{""type"":""MultiPoint"",""coordinates"":[]}"
200,2001-09-01T00:00:00,3.9017440479788985,shangshehu,"{""type"":""MultiPoint"",""coordinates"":[]}"
201,2001-10-01T00:00:00,0.19308626344831875,shangshehu,"{""type"":""MultiPoint"",""coordinates"":[]}"
202,2001-11-01T00:00:00,6.896087886827414,shangshehu,"{""type"":""MultiPoint"",""coordinates"":[]}"
203,2001-12-01T00:00:00,0.0,shangshehu,"{""type"":""MultiPoint"",""coordinates"":[]}"
204,2002-01-01T00:00:00,2.0248892609748386,shangshehu,"{""type"":""MultiPoint"",""coordinates"":[]}"
205,2002-02-01T00:00:00,7.039773071172736,shangshehu,"{""type"":""MultiPoint"",""coordinates"":[]}"
206,2002-03-01T00:00:00,7.022056423984181,shangshehu,"{""type"":""MultiPoint"",""coordinates"":[]}"
207,2002-04-01T00:00:00,0.004654423461914062,shangshehu,"{""type"":""MultiPoint"",""coordinates"":[]}"
208,2002-05-01T00:00:00,0.8566636867125268,shangshehu,"{""type"":""MultiPoint"",""coordinates"":[]}"
209,2002-06-01T00:00:00,0.0023274119873046874,shangshehu,"{""type"":""MultiPoint"",""coordinates"":[]}"
210,2002-07-01T00:00:00,4.620355235230927,shangshehu,"{""type"":""MultiPoint"",""coordinates"":[]}"
211,2002-08-01T00:00:00,5.1213323037425305,shangshehu,"{""type"":""MultiPoint"",""coordinates"":[]}"
212,2002-09-01T00:00:00,5.550126737071078,shangshehu,"{""type"":""MultiPoint"",""coordinates"":[]}"
213,2002-10-01T00:00:00,6.806358437646485,shangshehu,"{""type"":""MultiPoint"",""coordinates"":[]}"
214,2002-11-01T00:00:00,0.642301286079676,shangshehu,"{""type"":""MultiPoint"",""coordinates"":[]}"
215,2002-12-01T00:00:00,0.0,shangshehu,"{""type"":""MultiPoint"",""coordinates"":[]}"
216,2003-01-01T00:00:00,9.183554769773481,shangshehu,"{""type"":""MultiPoint"",""coordinates"":[]}"
217,2003-02-01T00:00:00,8.970756892632226,shangshehu,"{""type"":""MultiPoint"",""coordinates"":[]}"
218,2003-03-01T00:00:00,8.290973524649585,shangshehu,"{""type"":""MultiPoint"",""coordinates"":[]}"
219,2003-04-01T00:00:00,8.38749991492082,shangshehu,"{""type"":""MultiPoint"",""coordinates"":[]}"
220,2003-05-01T00:00:00,8.265455295568128,shangshehu,"{""type"":""MultiPoint"",""coordinates"":[]}"
221,2003-06-01T00:00:00,1.6974424837646485,shangshehu,"{""type"":""MultiPoint"",""coordinates"":[]}"
222,2003-07-01T00:00:00,4.278163202197266,shangshehu,"{""type"":""MultiPoint"",""coordinates"":[]}"
223,2003-08-01T00:00:00,2.4127294106445314,shangshehu,"{""type"":""MultiPoint"",""coordinates"":[]}"
224,2003-09-01T00:00:00,6.811932794521195,shangshehu,"{""type"":""MultiPoint"",""coordinates"":[]}"
225,2003-10-01T00:00:00,8.916601288821234,shangshehu,"{""type"":""MultiPoint"",""coordinates"":[]}"
226,2003-11-01T00:00:00,9.366331279273421,shangshehu,"{""type"":""MultiPoint"",""coordinates"":[]}"
227,2003-12-01T00:00:00,0.0,shangshehu,"{""type"":""MultiPoint"",""coordinates"":[]}"
228,2004-01-01T00:00:00,8.902364144683478,shangshehu,"{""type"":""MultiPoint"",""coordinates"":[]}"
229,2004-02-01T00:00:00,8.415032588496189,shangshehu,"{""type"":""MultiPoint"",""coordinates"":[]}"
230,2004-03-01T00:00:00,7.170292474945906,shangshehu,"{""type"":""MultiPoint"",""coordinates"":[]}"
231,2004-04-01T00:00:00,6.641378075977041,shangshehu,"{""type"":""MultiPoint"",""coordinates"":[]}"
232,2004-05-01T00:00:00,0.6230932085056679,shangshehu,"{""type"":""MultiPoint"",""coordinates"":[]}"
233,2004-06-01T00:00:00,0.0,shangshehu,"{""type"":""MultiPoint"",""coordinates"":[]}"
234,2004-07-01T00:00:00,7.578874503312653,shangshehu,"{""type"":""MultiPoint"",""coordinates"":[]}"
235,2004-08-01T00:00:00,3.391795579956055,shangshehu,"{""type"":""MultiPoint"",""coordinates"":[]}"
236,2004-09-01T00:00:00,7.991948596487247,shangshehu,"{""type"":""MultiPoint"",""coordinates"":[]}"
237,2004-10-01T00:00:00,9.22224230107039,shangshehu,"{""type"":""MultiPoint"",""coordinates"":[]}"
238,2004-11-01T00:00:00,8.114032629411284,shangshehu,"{""type"":""MultiPoint"",""coordinates"":[]}"
239,2004-12-01T00:00:00,0.0,shangshehu,"{""type"":""MultiPoint"",""coordinates"":[]}"
240,2005-01-01T00:00:00,8.663213228885663,shangshehu,"{""type"":""MultiPoint"",""coordinates"":[]}"
241,2005-02-01T00:00:00,6.741694520649987,shangshehu,"{""type"":""MultiPoint"",""coordinates"":[]}"
242,2005-03-01T00:00:00,8.68916601930147,shangshehu,"{""type"":""MultiPoint"",""coordinates"":[]}"
243,2005-04-01T00:00:00,8.15336019570887,shangshehu,"{""type"":""MultiPoint"",""coordinates"":[]}"
244,2005-05-01T00:00:00,6.7510618850763064,shangshehu,"{""type"":""MultiPoint"",""coordinates"":[]}"
245,2005-06-01T00:00:00,0.13964267517089843,shangshehu,"{""type"":""MultiPoint"",""coordinates"":[]}"
246,2005-07-01T00:00:00,2.245927582522882,shangshehu,"{""type"":""MultiPoint"",""coordinates"":[]}"
247,2005-08-01T00:00:00,0.9438301933263441,shangshehu,"{""type"":""MultiPoint"",""coordinates"":[]}"
248,2005-09-01T00:00:00,5.005587814425839,shangshehu,"{""type"":""MultiPoint"",""coordinates"":[]}"
249,2005-10-01T00:00:00,0.9221738523576325,shangshehu,"{""type"":""MultiPoint"",""coordinates"":[]}"
250,2005-11-01T00:00:00,6.8716201276041655,shangshehu,"{""type"":""MultiPoint"",""coordinates"":[]}"
251,2005-12-01T00:00:00,0.0,shangshehu,"{""type"":""MultiPoint"",""coordinates"":[]}"
252,2006-01-01T00:00:00,9.367092102610867,shangshehu,"{""type"":""MultiPoint"",""coordinates"":[]}"
253,2006-02-01T00:00:00,6.800150419053018,shangshehu,"{""type"":""MultiPoint"",""coordinates"":[]}"
254,2006-03-01T00:00:00,9.123803327957454,shangshehu,"{""type"":""MultiPoint"",""coordinates"":[]}"
255,2006-04-01T00:00:00,8.119917951820042,shangshehu,"{""type"":""MultiPoint"",""coordinates"":[]}"
256,2006-05-01T00:00:00,0.004654674560546875,shangshehu,"{""type"":""MultiPoint"",""coordinates"":[]}"
257,2006-06-01T00:00:00,5.164838129572131,shangshehu,"{""type"":""MultiPoint"",""coordinates"":[]}"
258,2006-07-01T00:00:00,4.334142967230584,shangshehu,"{""type"":""MultiPoint"",""coordinates"":[]}"
259,2006-08-01T00:00:00,0.39410799682617187,shangshehu,"{""type"":""MultiPoint"",""coordinates"":[]}"
260,2006-09-01T00:00:00,5.849165155660232,shangshehu,"{""type"":""MultiPoint"",""coordinates"":[]}"
261,2006-10-01T00:00:00,7.797217302685545,shangshehu,"{""type"":""MultiPoint"",""coordinates"":[]}"
262,2006-11-01T00:00:00,8.170818703903855,shangshehu,"{""type"":""MultiPoint"",""coordinates"":[]}"
263,2006-12-01T00:00:00,0.0,shangshehu,"{""type"":""MultiPoint"",""coordinates"":[]}"
264,2007-01-01T00:00:00,8.926056960710595,shangshehu,"{""type"":""MultiPoint"",""coordinates"":[]}"
265,2007-02-01T00:00:00,8.995155550048349,shangshehu,"{""type"":""MultiPoint"",""coordinates"":[]}"
266,2007-03-01T00:00:00,8.737293395605946,shangshehu,"{""type"":""MultiPoint"",""coordinates"":[]}"
267,2007-04-01T00:00:00,7.661205323312555,shangshehu,"{""type"":""MultiPoint"",""coordinates"":[]}"
268,2007-05-01T00:00:00,5.800733696791226,shangshehu,"{""type"":""MultiPoint"",""coordinates"":[]}"
269,2007-06-01T00:00:00,0.24005236851016773,shangshehu,"{""type"":""MultiPoint"",""coordinates"":[]}"
270,2007-07-01T00:00:00,0.922715036506204,shangshehu,"{""type"":""MultiPoint"",""coordinates"":[]}"
271,2007-08-01T00:00:00,1.0791172369384765,shangshehu,"{""type"":""MultiPoint"",""coordinates"":[]}"
272,2007-09-01T00:00:00,2.3219123106689454,shangshehu,"{""type"":""MultiPoint"",""coordinates"":[]}"
273,2007-10-01T00:00:00,3.7301918702330346,shangshehu,"{""type"":""MultiPoint"",""coordinates"":[]}"
274,2007-11-01T00:00:00,5.982290527160405,shangshehu,"{""type"":""MultiPoint"",""coordinates"":[]}"
275,2007-12-01T00:00:00,0.0,shangshehu,"{""type"":""MultiPoint"",""coordinates"":[]}"
276,2008-01-01T00:00:00,0.0,shangshehu,"{""type"":""MultiPoint"",""coordinates"":[]}"
277,2008-02-01T00:00:00,6.317405919642309,shangshehu,"{""type"":""MultiPoint"",""coordinates"":[]}"
278,2008-03-01T00:00:00,8.074916915172622,shangshehu,"{""type"":""MultiPoint"",""coordinates"":[]}"
279,2008-04-01T00:00:00,4.970259742341643,shangshehu,"{""type"":""MultiPoint"",""coordinates"":[]}"
280,2008-05-01T00:00:00,3.3401890938165404,shangshehu,"{""type"":""MultiPoint"",""coordinates"":[]}"
281,2008-06-01T00:00:00,0.8944691430697571,shangshehu,"{""type"":""MultiPoint"",""coordinates"":[]}"
282,2008-07-01T00:00:00,0.695100187866211,shangshehu,"{""type"":""MultiPoint"",""coordinates"":[]}"
283,2008-08-01T00:00:00,0.8099120059814453,shangshehu,"{""type"":""MultiPoint"",""coordinates"":[]}"
284,2008-09-01T00:00:00,0.6462249553222656,shangshehu,"{""type"":""MultiPoint"",""coordinates"":[]}"
285,2008-10-01T00:00:00,4.11113499690085,shangshehu,"{""type"":""MultiPoint"",""coordinates"":[]}"
286,2008-11-01T00:00:00,7.879522703274834,shangshehu,"{""type"":""MultiPoint"",""coordinates"":[]}"
287,2008-12-01T00:00:00,0.0,shangshehu,"{""type"":""MultiPoint"",""coordinates"":[]}"
288,2009-01-01T00:00:00,7.694778935616766,shangshehu,"{""type"":""MultiPoint"",""coordinates"":[]}"
289,2009-02-01T00:00:00,6.97615483859576,shangshehu,"{""type"":""MultiPoint"",""coordinates"":[]}"
290,2009-03-01T00:00:00,8.234541747550454,shangshehu,"{""type"":""MultiPoint"",""coordinates"":[]}"
291,2009-04-01T00:00:00,7.634053194826134,shangshehu,"{""type"":""MultiPoint"",""coordinates"":[]}"
292,2009-05-01T00:00:00,5.053139449617511,shangshehu,"{""type"":""MultiPoint"",""coordinates"":[]}"
293,2009-06-01T00:00:00,1.0501342844769648,shangshehu,"{""type"":""MultiPoint"",""coordinates"":[]}"
294,2009-07-01T00:00:00,6.504411043326823,shangshehu,"{""type"":""MultiPoint"",""coordinates"":[]}"
295,2009-08-01T00:00:00,5.745728542093194,shangshehu,"{""type"":""MultiPoint"",""coordinates"":[]}"
296,2009-09-01T00:00:00,6.687185934208888,shangshehu,"{""type"":""MultiPoint"",""coordinates"":[]}"
297,2009-10-01T00:00:00,7.759231524970798,shangshehu,"{""type"":""MultiPoint"",""coordinates"":[]}"
298,2009-11-01T00:00:00,9.007022018073105,shangshehu,"{""type"":""MultiPoint"",""coordinates"":[]}"
299,2009-12-01T00:00:00,0.0,shangshehu,"{""type"":""MultiPoint"",""coordinates"":[]}"
300,2010-01-01T00:00:00,0.33640953532140394,shangshehu,"{""type"":""MultiPoint"",""coordinates"":[]}"
301,2010-02-01T00:00:00,6.3408757213939,shangshehu,"{""type"":""MultiPoint"",""coordinates"":[]}"
302,2010-03-01T00:00:00,8.279824783026479,shangshehu,"{""type"":""MultiPoint"",""coordinates"":[]}"
303,2010-04-01T00:00:00,0.0,shangshehu,"{""type"":""MultiPoint"",""coordinates"":[]}"
304,2010-05-01T00:00:00,0.0,shangshehu,"{""type"":""MultiPoint"",""coordinates"":[]}"
305,2010-06-01T00:00:00,0.0,shangshehu,"{""type"":""MultiPoint"",""coordinates"":[]}"
306,2010-07-01T00:00:00,1.9576820827043115,shangshehu,"{""type"":""MultiPoint"",""coordinates"":[]}"
307,2010-08-01T00:00:00,2.5941960474346084,shangshehu,"{""type"":""MultiPoint"",""coordinates"":[]}"
308,2010-09-01T00:00:00,4.337320034049479,shangshehu,"{""type"":""MultiPoint"",""coordinates"":[]}"
309,2010-10-01T00:00:00,6.957448350279085,shangshehu,"{""type"":""MultiPoint"",""coordinates"":[]}"
310,2010-11-01T00:00:00,2.4436058803088634,shangshehu,"{""type"":""MultiPoint"",""coordinates"":[]}"
311,2010-12-01T00:00:00,0.0,shangshehu,"{""type"":""MultiPoint"",""coordinates"":[]}"
312,2011-01-01T00:00:00,8.981486353197761,shangshehu,"{""type"":""MultiPoint"",""coordinates"":[]}"
313,2011-02-01T00:00:00,8.677663600567744,shangshehu,"{""type"":""MultiPoint"",""coordinates"":[]}"
314,2011-03-01T00:00:00,7.613753972388653,shangshehu,"{""type"":""MultiPoint"",""coordinates"":[]}"
315,2011-04-01T00:00:00,0.0,shangshehu,"{""type"":""MultiPoint"",""coordinates"":[]}"
316,2011-05-01T00:00:00,0.0,shangshehu,"{""type"":""MultiPoint"",""coordinates"":[]}"
317,2011-06-01T00:00:00,3.5524239511000686,shangshehu,"{""type"":""MultiPoint"",""coordinates"":[]}"
318,2011-07-01T00:00:00,0.0,shangshehu,"{""type"":""MultiPoint"",""coordinates"":[]}"
319,2011-08-01T00:00:00,0.07757757177734376,shangshehu,"{""type"":""MultiPoint"",""coordinates"":[]}"
320,2011-09-01T00:00:00,3.3571270255710974,shangshehu,"{""type"":""MultiPoint"",""coordinates"":[]}"
321,2011-10-01T00:00:00,1.0147145892721736,shangshehu,"{""type"":""MultiPoint"",""coordinates"":[]}"
322,2011-11-01T00:00:00,6.564067372827626,shangshehu,"{""type"":""MultiPoint"",""coordinates"":[]}"
323,2011-12-01T00:00:00,0.0,shangshehu,"{""type"":""MultiPoint"",""coordinates"":[]}"
324,2012-01-01T00:00:00,6.320920045979817,shangshehu,"{""type"":""MultiPoint"",""coordinates"":[]}"
325,2012-02-01T00:00:00,6.343876400460516,shangshehu,"{""type"":""MultiPoint"",""coordinates"":[]}"
326,2012-03-01T00:00:00,6.760169421365176,shangshehu,"{""type"":""MultiPoint"",""coordinates"":[]}"
327,2012-04-01T00:00:00,0.0,shangshehu,"{""type"":""MultiPoint"",""coordinates"":[]}"
328,2012-05-01T00:00:00,5.963098039738913,shangshehu,"{""type"":""MultiPoint"",""coordinates"":[]}"
329,2012-06-01T00:00:00,0.003103131591796875,shangshehu,"{""type"":""MultiPoint"",""coordinates"":[]}"
330,2012-07-01T00:00:00,2.967549122324506,shangshehu,"{""type"":""MultiPoint"",""coordinates"":[]}"
331,2012-08-01T00:00:00,0.0,shangshehu,"{""type"":""MultiPoint"",""coordinates"":[]}"
332,2012-09-01T00:00:00,0.6423504018554688,shangshehu,"{""type"":""MultiPoint"",""coordinates"":[]}"
333,2012-10-01T00:00:00,0.0,shangshehu,"{""type"":""MultiPoint"",""coordinates"":[]}"
334,2012-11-01T00:00:00,0.0,shangshehu,"{""type"":""MultiPoint"",""coordinates"":[]}"
335,2012-12-01T00:00:00,0.0,shangshehu,"{""type"":""MultiPoint"",""coordinates"":[]}"
336,2013-01-01T00:00:00,8.901905870848651,shangshehu,"{""type"":""MultiPoint"",""coordinates"":[]}"
337,2013-02-01T00:00:00,0.0,shangshehu,"{""type"":""MultiPoint"",""coordinates"":[]}"
338,2013-03-01T00:00:00,0.0,shangshehu,"{""type"":""MultiPoint"",""coordinates"":[]}"
339,2013-04-01T00:00:00,7.500301017085535,shangshehu,"{""type"":""MultiPoint"",""coordinates"":[]}"
340,2013-05-01T00:00:00,7.697724086431045,shangshehu,"{""type"":""MultiPoint"",""coordinates"":[]}"
341,2013-06-01T00:00:00,5.837598274522248,shangshehu,"{""type"":""MultiPoint"",""coordinates"":[]}"
342,2013-07-01T00:00:00,7.837138608296949,shangshehu,"{""type"":""MultiPoint"",""coordinates"":[]}"
343,2013-08-01T00:00:00,7.869415453179571,shangshehu,"{""type"":""MultiPoint"",""coordinates"":[]}"
344,2013-09-01T00:00:00,7.87122649277918,shangshehu,"{""type"":""MultiPoint"",""coordinates"":[]}"
345,2013-10-01T00:00:00,8.388575366591027,shangshehu,"{""type"":""MultiPoint"",""coordinates"":[]}"
346,2013-11-01T00:00:00,8.74655345818206,shangshehu,"{""type"":""MultiPoint"",""coordinates"":[]}"
347,2013-12-01T00:00:00,0.0,shangshehu,"{""type"":""MultiPoint"",""coordinates"":[]}"
348,2014-01-01T00:00:00,8.845785480752623,shangshehu,"{""type"":""MultiPoint"",""coordinates"":[]}"
349,2014-02-01T00:00:00,0.0,shangshehu,"{""type"":""MultiPoint"",""coordinates"":[]}"
350,2014-03-01T00:00:00,0.0,shangshehu,"{""type"":""MultiPoint"",""coordinates"":[]}"
351,2014-04-01T00:00:00,4.886176220093731,shangshehu,"{""type"":""MultiPoint"",""coordinates"":[]}"
352,2014-05-01T00:00:00,7.316613745909925,shangshehu,"{""type"":""MultiPoint"",""coordinates"":[]}"
353,2014-06-01T00:00:00,0.0,shangshehu,"{""type"":""MultiPoint"",""coordinates"":[]}"
354,2014-07-01T00:00:00,4.169131429931641,shangshehu,"{""type"":""MultiPoint"",""coordinates"":[]}"
355,2014-08-01T00:00:00,7.7038465723460465,shangshehu,"{""type"":""MultiPoint"",""coordinates"":[]}"
356,2014-09-01T00:00:00,2.309146347642846,shangshehu,"{""type"":""MultiPoint"",""coordinates"":[]}"
357,2014-10-01T00:00:00,8.217581889006489,shangshehu,"{""type"":""MultiPoint"",""coordinates"":[]}"
358,2014-11-01T00:00:00,0.0,shangshehu,"{""type"":""MultiPoint"",""coordinates"":[]}"
359,2014-12-01T00:00:00,0.0,shangshehu,"{""type"":""MultiPoint"",""coordinates"":[]}"
360,2015-01-01T00:00:00,0.0,shangshehu,"{""type"":""MultiPoint"",""coordinates"":[]}"
361,2015-02-01T00:00:00,0.0,shangshehu,"{""type"":""MultiPoint"",""coordinates"":[]}"
362,2015-03-01T00:00:00,8.861546948855413,shangshehu,"{""type"":""MultiPoint"",""coordinates"":[]}"
363,2015-04-01T00:00:00,7.659339285769473,shangshehu,"{""type"":""MultiPoint"",""coordinates"":[]}"
364,2015-05-01T00:00:00,2.423601010887236,shangshehu,"{""type"":""MultiPoint"",""coordinates"":[]}"
365,2015-06-01T00:00:00,2.712132796242628,shangshehu,"{""type"":""MultiPoint"",""coordinates"":[]}"
366,2015-07-01T00:00:00,4.8394631308679905,shangshehu,"{""type"":""MultiPoint"",""coordinates"":[]}"
367,2015-08-01T00:00:00,3.7277411621740004,shangshehu,"{""type"":""MultiPoint"",""coordinates"":[]}"
368,2015-09-01T00:00:00,2.2546675606115003,shangshehu,"{""type"":""MultiPoint"",""coordinates"":[]}"
369,2015-10-01T00:00:00,7.722071632141351,shangshehu,"{""type"":""MultiPoint"",""coordinates"":[]}"
370,2015-11-01T00:00:00,8.977995243307673,shangshehu,"{""type"":""MultiPoint"",""coordinates"":[]}"
371,2015-12-01T00:00:00,0.0,shangshehu,"{""type"":""MultiPoint"",""coordinates"":[]}"
372,2016-01-01T00:00:00,0.0,shangshehu,"{""type"":""MultiPoint"",""coordinates"":[]}"
373,2016-02-01T00:00:00,6.7473357942765775,shangshehu,"{""type"":""MultiPoint"",""coordinates"":[]}"
374,2016-03-01T00:00:00,6.817318697412108,shangshehu,"{""type"":""MultiPoint"",""coordinates"":[]}"
375,2016-04-01T00:00:00,7.155187617226274,shangshehu,"{""type"":""MultiPoint"",""coordinates"":[]}"
376,2016-05-01T00:00:00,4.510637779765051,shangshehu,"{""type"":""MultiPoint"",""coordinates"":[]}"
377,2016-06-01T00:00:00,5.776763849043065,shangshehu,"{""type"":""MultiPoint"",""coordinates"":[]}"
378,2016-07-01T00:00:00,8.086209563264973,shangshehu,"{""type"":""MultiPoint"",""coordinates"":[]}"
379,2016-08-01T00:00:00,4.683531674497356,shangshehu,"{""type"":""MultiPoint"",""coordinates"":[]}"
380,2016-09-01T00:00:00,5.935184269845759,shangshehu,"{""type"":""MultiPoint"",""coordinates"":[]}"
381,2016-10-01T00:00:00,7.7576318359375E-4,shangshehu,"{""type"":""MultiPoint"",""coordinates"":[]}"
382,2016-11-01T00:00:00,9.284529117349306,shangshehu,"{""type"":""MultiPoint"",""coordinates"":[]}"
383,2016-12-01T00:00:00,0.0,shangshehu,"{""type"":""MultiPoint"",""coordinates"":[]}"
384,2017-01-01T00:00:00,0.0,shangshehu,"{""type"":""MultiPoint"",""coordinates"":[]}"
385,2017-02-01T00:00:00,8.892203387963873,shangshehu,"{""type"":""MultiPoint"",""coordinates"":[]}"
386,2017-03-01T00:00:00,1.131024253046971,shangshehu,"{""type"":""MultiPoint"",""coordinates"":[]}"
387,2017-04-01T00:00:00,6.776230085547352,shangshehu,"{""type"":""MultiPoint"",""coordinates"":[]}"
388,2017-05-01T00:00:00,0.0,shangshehu,"{""type"":""MultiPoint"",""coordinates"":[]}"
389,2017-06-01T00:00:00,0.0,shangshehu,"{""type"":""MultiPoint"",""coordinates"":[]}"
390,2017-07-01T00:00:00,6.3750469012302755,shangshehu,"{""type"":""MultiPoint"",""coordinates"":[]}"
391,2017-08-01T00:00:00,6.242877092861997,shangshehu,"{""type"":""MultiPoint"",""coordinates"":[]}"
392,2017-09-01T00:00:00,3.490446243456074,shangshehu,"{""type"":""MultiPoint"",""coordinates"":[]}"
393,2017-10-01T00:00:00,8.05461775195408,shangshehu,"{""type"":""MultiPoint"",""coordinates"":[]}"
394,2017-11-01T00:00:00,7.369205846605487,shangshehu,"{""type"":""MultiPoint"",""coordinates"":[]}"
395,2017-12-01T00:00:00,0.0,shangshehu,"{""type"":""MultiPoint"",""coordinates"":[]}"
396,2018-01-01T00:00:00,0.0,shangshehu,"{""type"":""MultiPoint"",""coordinates"":[]}"
397,2018-02-01T00:00:00,8.493263767513975,shangshehu,"{""type"":""MultiPoint"",""coordinates"":[]}"
398,2018-03-01T00:00:00,6.745920720856789,shangshehu,"{""type"":""MultiPoint"",""coordinates"":[]}"
399,2018-04-01T00:00:00,8.165374696208158,shangshehu,"{""type"":""MultiPoint"",""coordinates"":[]}"
400,2018-05-01T00:00:00,0.0,shangshehu,"{""type"":""MultiPoint"",""coordinates"":[]}"
401,2018-06-01T00:00:00,5.251585838654162,shangshehu,"{""type"":""MultiPoint"",""coordinates"":[]}"
402,2018-07-01T00:00:00,3.996448163829371,shangshehu,"{""type"":""MultiPoint"",""coordinates"":[]}"
403,2018-08-01T00:00:00,2.8008066351911967,shangshehu,"{""type"":""MultiPoint"",""coordinates"":[]}"
404,2018-09-01T00:00:00,3.497609947416418,shangshehu,"{""type"":""MultiPoint"",""coordinates"":[]}"
405,2018-10-01T00:00:00,3.8497541601347085,shangshehu,"{""type"":""MultiPoint"",""coordinates"":[]}"
406,2018-11-01T00:00:00,6.450344235203164,shangshehu,"{""type"":""MultiPoint"",""coordinates"":[]}"
407,2018-12-01T00:00:00,0.0,shangshehu,"{""type"":""MultiPoint"",""coordinates"":[]}"
408,2019-01-01T00:00:00,0.0,shangshehu,"{""type"":""MultiPoint"",""coordinates"":[]}"
409,2019-02-01T00:00:00,6.005067267440735,shangshehu,"{""type"":""MultiPoint"",""coordinates"":[]}"
410,2019-03-01T00:00:00,8.453095916946708,shangshehu,"{""type"":""MultiPoint"",""coordinates"":[]}"
411,2019-04-01T00:00:00,1.6999459635943244,shangshehu,"{""type"":""MultiPoint"",""coordinates"":[]}"
412,2019-05-01T00:00:00,0.9437355147499233,shangshehu,"{""type"":""MultiPoint"",""coordinates"":[]}"
413,2019-06-01T00:00:00,5.695937192025216,shangshehu,"{""type"":""MultiPoint"",""coordinates"":[]}"
414,2019-07-01T00:00:00,4.247514580573586,shangshehu,"{""type"":""MultiPoint"",""coordinates"":[]}"
415,2019-08-01T00:00:00,5.608667609193569,shangshehu,"{""type"":""MultiPoint"",""coordinates"":[]}"
416,2019-09-01T00:00:00,0.6579307633717257,shangshehu,"{""type"":""MultiPoint"",""coordinates"":[]}"
417,2019-10-01T00:00:00,5.877841707544424,shangshehu,"{""type"":""MultiPoint"",""coordinates"":[]}"
418,2019-11-01T00:00:00,5.78538937204111,shangshehu,"{""type"":""MultiPoint"",""coordinates"":[]}"
419,2019-12-01T00:00:00,0.0,shangshehu,"{""type"":""MultiPoint"",""coordinates"":[]}"
420,2020-01-01T00:00:00,0.0,shangshehu,"{""type"":""MultiPoint"",""coordinates"":[]}"
421,2020-02-01T00:00:00,8.426665285451133,shangshehu,"{""type"":""MultiPoint"",""coordinates"":[]}"
422,2020-03-01T00:00:00,6.954111609449197,shangshehu,"{""type"":""MultiPoint"",""coordinates"":[]}"
423,2020-04-01T00:00:00,8.33028869045362,shangshehu,"{""type"":""MultiPoint"",""coordinates"":[]}"
424,2020-05-01T00:00:00,5.655552306326594,shangshehu,"{""type"":""MultiPoint"",""coordinates"":[]}"
425,2020-06-01T00:00:00,5.732751043841433,shangshehu,"{""type"":""MultiPoint"",""coordinates"":[]}"
426,2020-07-01T00:00:00,0.016291435668945312,shangshehu,"{""type"":""MultiPoint"",""coordinates"":[]}"
427,2020-08-01T00:00:00,8.553479011732152,shangshehu,"{""type"":""MultiPoint"",""coordinates"":[]}"
428,2020-09-01T00:00:00,3.0551595143813195,shangshehu,"{""type"":""MultiPoint"",""coordinates"":[]}"
429,2020-10-01T00:00:00,7.275427066237744,shangshehu,"{""type"":""MultiPoint"",""coordinates"":[]}"
430,2020-11-01T00:00:00,4.743000751012945,shangshehu,"{""type"":""MultiPoint"",""coordinates"":[]}"
431,2020-12-01T00:00:00,0.0,shangshehu,"{""type"":""MultiPoint"",""coordinates"":[]}"
