system:index,Date,area_km2,lake,.geo
0,1985-01-01T00:00:00,0.0,baoxiehu,"{""type"":""MultiPoint"",""coordinates"":[]}"
1,1985-02-01T00:00:00,0.0,baoxiehu,"{""type"":""MultiPoint"",""coordinates"":[]}"
2,1985-03-01T00:00:00,0.0,baoxiehu,"{""type"":""MultiPoint"",""coordinates"":[]}"
3,1985-04-01T00:00:00,0.0,baoxiehu,"{""type"":""MultiPoint"",""coordinates"":[]}"
4,1985-05-01T00:00:00,0.0,baoxiehu,"{""type"":""MultiPoint"",""coordinates"":[]}"
5,1985-06-01T00:00:00,0.0,baoxiehu,"{""type"":""MultiPoint"",""coordinates"":[]}"
6,1985-07-01T00:00:00,0.0,baoxiehu,"{""type"":""MultiPoint"",""coordinates"":[]}"
7,1985-08-01T00:00:00,0.0,baoxiehu,"{""type"":""MultiPoint"",""coordinates"":[]}"
8,1985-09-01T00:00:00,0.0,baoxiehu,"{""type"":""MultiPoint"",""coordinates"":[]}"
9,1985-10-01T00:00:00,0.0,baoxiehu,"{""type"":""MultiPoint"",""coordinates"":[]}"
10,1985-11-01T00:00:00,0.0,baoxiehu,"{""type"":""MultiPoint"",""coordinates"":[]}"
11,1985-12-01T00:00:00,0.0,baoxiehu,"{""type"":""MultiPoint"",""coordinates"":[]}"
12,1986-01-01T00:00:00,0.0,baoxiehu,"{""type"":""MultiPoint"",""coordinates"":[]}"
13,1986-02-01T00:00:00,0.0,baoxiehu,"{""type"":""MultiPoint"",""coordinates"":[]}"
14,1986-03-01T00:00:00,0.0,baoxiehu,"{""type"":""MultiPoint"",""coordinates"":[]}"
15,1986-04-01T00:00:00,0.0,baoxiehu,"{""type"":""MultiPoint"",""coordinates"":[]}"
16,1986-05-01T00:00:00,0.0,baoxiehu,"{""type"":""MultiPoint"",""coordinates"":[]}"
17,1986-06-01T00:00:00,0.0,baoxiehu,"{""type"":""MultiPoint"",""coordinates"":[]}"
18,1986-07-01T00:00:00,0.0,baoxiehu,"{""type"":""MultiPoint"",""coordinates"":[]}"
19,1986-08-01T00:00:00,0.0,baoxiehu,"{""type"":""MultiPoint"",""coordinates"":[]}"
20,1986-09-01T00:00:00,0.0,baoxiehu,"{""type"":""MultiPoint"",""coordinates"":[]}"
21,1986-10-01T00:00:00,0.0,baoxiehu,"{""type"":""MultiPoint"",""coordinates"":[]}"
22,1986-11-01T00:00:00,0.0,baoxiehu,"{""type"":""MultiPoint"",""coordinates"":[]}"
23,1986-12-01T00:00:00,0.0,baoxiehu,"{""type"":""MultiPoint"",""coordinates"":[]}"
24,1987-01-01T00:00:00,0.0,baoxiehu,"{""type"":""MultiPoint"",""coordinates"":[]}"
25,1987-02-01T00:00:00,0.0,baoxiehu,"{""type"":""MultiPoint"",""coordinates"":[]}"
26,1987-03-01T00:00:00,0.0,baoxiehu,"{""type"":""MultiPoint"",""coordinates"":[]}"
27,1987-04-01T00:00:00,0.0,baoxiehu,"{""type"":""MultiPoint"",""coordinates"":[]}"
28,1987-05-01T00:00:00,0.0,baoxiehu,"{""type"":""MultiPoint"",""coordinates"":[]}"
29,1987-06-01T00:00:00,0.09774568457055186,baoxiehu,"{""type"":""MultiPoint"",""coordinates"":[]}"
30,1987-07-01T00:00:00,0.0,baoxiehu,"{""type"":""MultiPoint"",""coordinates"":[]}"
31,1987-08-01T00:00:00,0.0,baoxiehu,"{""type"":""MultiPoint"",""coordinates"":[]}"
32,1987-09-01T00:00:00,21.65143520381529,baoxiehu,"{""type"":""MultiPoint"",""coordinates"":[]}"
33,1987-10-01T00:00:00,0.0,baoxiehu,"{""type"":""MultiPoint"",""coordinates"":[]}"
34,1987-11-01T00:00:00,0.0,baoxiehu,"{""type"":""MultiPoint"",""coordinates"":[]}"
35,1987-12-01T00:00:00,0.0,baoxiehu,"{""type"":""MultiPoint"",""coordinates"":[]}"
36,1988-01-01T00:00:00,0.0,baoxiehu,"{""type"":""MultiPoint"",""coordinates"":[]}"
37,1988-02-01T00:00:00,0.0,baoxiehu,"{""type"":""MultiPoint"",""coordinates"":[]}"
38,1988-03-01T00:00:00,0.0,baoxiehu,"{""type"":""MultiPoint"",""coordinates"":[]}"
39,1988-04-01T00:00:00,0.0,baoxiehu,"{""type"":""MultiPoint"",""coordinates"":[]}"
40,1988-05-01T00:00:00,0.0,baoxiehu,"{""type"":""MultiPoint"",""coordinates"":[]}"
41,1988-06-01T00:00:00,0.0,baoxiehu,"{""type"":""MultiPoint"",""coordinates"":[]}"
42,1988-07-01T00:00:00,21.884500031286613,baoxiehu,"{""type"":""MultiPoint"",""coordinates"":[]}"
43,1988-08-01T00:00:00,0.0,baoxiehu,"{""type"":""MultiPoint"",""coordinates"":[]}"
44,1988-09-01T00:00:00,0.0,baoxiehu,"{""type"":""MultiPoint"",""coordinates"":[]}"
45,1988-10-01T00:00:00,0.0,baoxiehu,"{""type"":""MultiPoint"",""coordinates"":[]}"
46,1988-11-01T00:00:00,0.0,baoxiehu,"{""type"":""MultiPoint"",""coordinates"":[]}"
47,1988-12-01T00:00:00,0.0,baoxiehu,"{""type"":""MultiPoint"",""coordinates"":[]}"
48,1989-01-01T00:00:00,0.0,baoxiehu,"{""type"":""MultiPoint"",""coordinates"":[]}"
49,1989-02-01T00:00:00,0.0,baoxiehu,"{""type"":""MultiPoint"",""coordinates"":[]}"
50,1989-03-01T00:00:00,0.0,baoxiehu,"{""type"":""MultiPoint"",""coordinates"":[]}"
51,1989-04-01T00:00:00,0.0,baoxiehu,"{""type"":""MultiPoint"",""coordinates"":[]}"
52,1989-05-01T00:00:00,0.0,baoxiehu,"{""type"":""MultiPoint"",""coordinates"":[]}"
53,1989-06-01T00:00:00,0.0,baoxiehu,"{""type"":""MultiPoint"",""coordinates"":[]}"
54,1989-07-01T00:00:00,0.0,baoxiehu,"{""type"":""MultiPoint"",""coordinates"":[]}"
55,1989-08-01T00:00:00,0.0,baoxiehu,"{""type"":""MultiPoint"",""coordinates"":[]}"
56,1989-09-01T00:00:00,0.0,baoxiehu,"{""type"":""MultiPoint"",""coordinates"":[]}"
57,1989-10-01T00:00:00,0.0,baoxiehu,"{""type"":""MultiPoint"",""coordinates"":[]}"
58,1989-11-01T00:00:00,0.0,baoxiehu,"{""type"":""MultiPoint"",""coordinates"":[]}"
59,1989-12-01T00:00:00,0.0,baoxiehu,"{""type"":""MultiPoint"",""coordinates"":[]}"
60,1990-01-01T00:00:00,0.0,baoxiehu,"{""type"":""MultiPoint"",""coordinates"":[]}"
61,1990-02-01T00:00:00,0.0,baoxiehu,"{""type"":""MultiPoint"",""coordinates"":[]}"
62,1990-03-01T00:00:00,0.0,baoxiehu,"{""type"":""MultiPoint"",""coordinates"":[]}"
63,1990-04-01T00:00:00,0.0,baoxiehu,"{""type"":""MultiPoint"",""coordinates"":[]}"
64,1990-05-01T00:00:00,0.0,baoxiehu,"{""type"":""MultiPoint"",""coordinates"":[]}"
65,1990-06-01T00:00:00,0.0,baoxiehu,"{""type"":""MultiPoint"",""coordinates"":[]}"
66,1990-07-01T00:00:00,0.0,baoxiehu,"{""type"":""MultiPoint"",""coordinates"":[]}"
67,1990-08-01T00:00:00,0.0,baoxiehu,"{""type"":""MultiPoint"",""coordinates"":[]}"
68,1990-09-01T00:00:00,21.10650666400265,baoxiehu,"{""type"":""MultiPoint"",""coordinates"":[]}"
69,1990-10-01T00:00:00,0.0,baoxiehu,"{""type"":""MultiPoint"",""coordinates"":[]}"
70,1990-11-01T00:00:00,0.0,baoxiehu,"{""type"":""MultiPoint"",""coordinates"":[]}"
71,1990-12-01T00:00:00,0.0,baoxiehu,"{""type"":""MultiPoint"",""coordinates"":[]}"
72,1991-01-01T00:00:00,0.0,baoxiehu,"{""type"":""MultiPoint"",""coordinates"":[]}"
73,1991-02-01T00:00:00,0.0,baoxiehu,"{""type"":""MultiPoint"",""coordinates"":[]}"
74,1991-03-01T00:00:00,0.0,baoxiehu,"{""type"":""MultiPoint"",""coordinates"":[]}"
75,1991-04-01T00:00:00,0.0,baoxiehu,"{""type"":""MultiPoint"",""coordinates"":[]}"
76,1991-05-01T00:00:00,0.0,baoxiehu,"{""type"":""MultiPoint"",""coordinates"":[]}"
77,1991-06-01T00:00:00,0.0,baoxiehu,"{""type"":""MultiPoint"",""coordinates"":[]}"
78,1991-07-01T00:00:00,25.35930462129242,baoxiehu,"{""type"":""MultiPoint"",""coordinates"":[]}"
79,1991-08-01T00:00:00,0.0,baoxiehu,"{""type"":""MultiPoint"",""coordinates"":[]}"
80,1991-09-01T00:00:00,0.0,baoxiehu,"{""type"":""MultiPoint"",""coordinates"":[]}"
81,1991-10-01T00:00:00,0.0,baoxiehu,"{""type"":""MultiPoint"",""coordinates"":[]}"
82,1991-11-01T00:00:00,0.0,baoxiehu,"{""type"":""MultiPoint"",""coordinates"":[]}"
83,1991-12-01T00:00:00,0.0,baoxiehu,"{""type"":""MultiPoint"",""coordinates"":[]}"
84,1992-01-01T00:00:00,22.294283903529504,baoxiehu,"{""type"":""MultiPoint"",""coordinates"":[]}"
85,1992-02-01T00:00:00,20.440805878026865,baoxiehu,"{""type"":""MultiPoint"",""coordinates"":[]}"
86,1992-03-01T00:00:00,0.0,baoxiehu,"{""type"":""MultiPoint"",""coordinates"":[]}"
87,1992-04-01T00:00:00,0.0,baoxiehu,"{""type"":""MultiPoint"",""coordinates"":[]}"
88,1992-05-01T00:00:00,0.0,baoxiehu,"{""type"":""MultiPoint"",""coordinates"":[]}"
89,1992-06-01T00:00:00,0.0,baoxiehu,"{""type"":""MultiPoint"",""coordinates"":[]}"
90,1992-07-01T00:00:00,21.17771454111351,baoxiehu,"{""type"":""MultiPoint"",""coordinates"":[]}"
91,1992-08-01T00:00:00,0.0,baoxiehu,"{""type"":""MultiPoint"",""coordinates"":[]}"
92,1992-09-01T00:00:00,0.0,baoxiehu,"{""type"":""MultiPoint"",""coordinates"":[]}"
93,1992-10-01T00:00:00,14.086459070954204,baoxiehu,"{""type"":""MultiPoint"",""coordinates"":[]}"
94,1992-11-01T00:00:00,0.0,baoxiehu,"{""type"":""MultiPoint"",""coordinates"":[]}"
95,1992-12-01T00:00:00,0.0,baoxiehu,"{""type"":""MultiPoint"",""coordinates"":[]}"
96,1993-01-01T00:00:00,0.0,baoxiehu,"{""type"":""MultiPoint"",""coordinates"":[]}"
97,1993-02-01T00:00:00,0.0,baoxiehu,"{""type"":""MultiPoint"",""coordinates"":[]}"
98,1993-03-01T00:00:00,0.0,baoxiehu,"{""type"":""MultiPoint"",""coordinates"":[]}"
99,1993-04-01T00:00:00,0.0,baoxiehu,"{""type"":""MultiPoint"",""coordinates"":[]}"
100,1993-05-01T00:00:00,0.0,baoxiehu,"{""type"":""MultiPoint"",""coordinates"":[]}"
101,1993-06-01T00:00:00,0.0,baoxiehu,"{""type"":""MultiPoint"",""coordinates"":[]}"
102,1993-07-01T00:00:00,0.0,baoxiehu,"{""type"":""MultiPoint"",""coordinates"":[]}"
103,1993-08-01T00:00:00,0.0,baoxiehu,"{""type"":""MultiPoint"",""coordinates"":[]}"
104,1993-09-01T00:00:00,7.738526000976562E-4,baoxiehu,"{""type"":""MultiPoint"",""coordinates"":[]}"
105,1993-10-01T00:00:00,17.841303891362198,baoxiehu,"{""type"":""MultiPoint"",""coordinates"":[]}"
106,1993-11-01T00:00:00,0.0,baoxiehu,"{""type"":""MultiPoint"",""coordinates"":[]}"
107,1993-12-01T00:00:00,0.0,baoxiehu,"{""type"":""MultiPoint"",""coordinates"":[]}"
108,1994-01-01T00:00:00,0.0,baoxiehu,"{""type"":""MultiPoint"",""coordinates"":[]}"
109,1994-02-01T00:00:00,0.0,baoxiehu,"{""type"":""MultiPoint"",""coordinates"":[]}"
110,1994-03-01T00:00:00,0.0,baoxiehu,"{""type"":""MultiPoint"",""coordinates"":[]}"
111,1994-04-01T00:00:00,0.0,baoxiehu,"{""type"":""MultiPoint"",""coordinates"":[]}"
112,1994-05-01T00:00:00,0.0,baoxiehu,"{""type"":""MultiPoint"",""coordinates"":[]}"
113,1994-06-01T00:00:00,0.0,baoxiehu,"{""type"":""MultiPoint"",""coordinates"":[]}"
114,1994-07-01T00:00:00,0.0,baoxiehu,"{""type"":""MultiPoint"",""coordinates"":[]}"
115,1994-08-01T00:00:00,16.126735099136177,baoxiehu,"{""type"":""MultiPoint"",""coordinates"":[]}"
116,1994-09-01T00:00:00,15.143119008768473,baoxiehu,"{""type"":""MultiPoint"",""coordinates"":[]}"
117,1994-10-01T00:00:00,20.470439864595544,baoxiehu,"{""type"":""MultiPoint"",""coordinates"":[]}"
118,1994-11-01T00:00:00,0.0,baoxiehu,"{""type"":""MultiPoint"",""coordinates"":[]}"
119,1994-12-01T00:00:00,0.0,baoxiehu,"{""type"":""MultiPoint"",""coordinates"":[]}"
120,1995-01-01T00:00:00,0.0,baoxiehu,"{""type"":""MultiPoint"",""coordinates"":[]}"
121,1995-02-01T00:00:00,0.0,baoxiehu,"{""type"":""MultiPoint"",""coordinates"":[]}"
122,1995-03-01T00:00:00,0.0,baoxiehu,"{""type"":""MultiPoint"",""coordinates"":[]}"
123,1995-04-01T00:00:00,11.759825461687393,baoxiehu,"{""type"":""MultiPoint"",""coordinates"":[]}"
124,1995-05-01T00:00:00,9.584796968440516,baoxiehu,"{""type"":""MultiPoint"",""coordinates"":[]}"
125,1995-06-01T00:00:00,22.097567600670196,baoxiehu,"{""type"":""MultiPoint"",""coordinates"":[]}"
126,1995-07-01T00:00:00,0.0,baoxiehu,"{""type"":""MultiPoint"",""coordinates"":[]}"
127,1995-08-01T00:00:00,0.0,baoxiehu,"{""type"":""MultiPoint"",""coordinates"":[]}"
128,1995-09-01T00:00:00,0.0,baoxiehu,"{""type"":""MultiPoint"",""coordinates"":[]}"
129,1995-10-01T00:00:00,21.98561289346327,baoxiehu,"{""type"":""MultiPoint"",""coordinates"":[]}"
130,1995-11-01T00:00:00,22.04890432221057,baoxiehu,"{""type"":""MultiPoint"",""coordinates"":[]}"
131,1995-12-01T00:00:00,0.0,baoxiehu,"{""type"":""MultiPoint"",""coordinates"":[]}"
132,1996-01-01T00:00:00,20.03454809317867,baoxiehu,"{""type"":""MultiPoint"",""coordinates"":[]}"
133,1996-02-01T00:00:00,11.539225111669678,baoxiehu,"{""type"":""MultiPoint"",""coordinates"":[]}"
134,1996-03-01T00:00:00,0.0,baoxiehu,"{""type"":""MultiPoint"",""coordinates"":[]}"
135,1996-04-01T00:00:00,0.0029142209975298716,baoxiehu,"{""type"":""MultiPoint"",""coordinates"":[]}"
136,1996-05-01T00:00:00,0.0,baoxiehu,"{""type"":""MultiPoint"",""coordinates"":[]}"
137,1996-06-01T00:00:00,15.460758135539935,baoxiehu,"{""type"":""MultiPoint"",""coordinates"":[]}"
138,1996-07-01T00:00:00,0.0,baoxiehu,"{""type"":""MultiPoint"",""coordinates"":[]}"
139,1996-08-01T00:00:00,13.135967264854042,baoxiehu,"{""type"":""MultiPoint"",""coordinates"":[]}"
140,1996-09-01T00:00:00,14.713358932836913,baoxiehu,"{""type"":""MultiPoint"",""coordinates"":[]}"
141,1996-10-01T00:00:00,20.411070453676235,baoxiehu,"{""type"":""MultiPoint"",""coordinates"":[]}"
142,1996-11-01T00:00:00,0.0,baoxiehu,"{""type"":""MultiPoint"",""coordinates"":[]}"
143,1996-12-01T00:00:00,0.0,baoxiehu,"{""type"":""MultiPoint"",""coordinates"":[]}"
144,1997-01-01T00:00:00,0.0,baoxiehu,"{""type"":""MultiPoint"",""coordinates"":[]}"
145,1997-02-01T00:00:00,0.0,baoxiehu,"{""type"":""MultiPoint"",""coordinates"":[]}"
146,1997-03-01T00:00:00,0.0,baoxiehu,"{""type"":""MultiPoint"",""coordinates"":[]}"
147,1997-04-01T00:00:00,0.0,baoxiehu,"{""type"":""MultiPoint"",""coordinates"":[]}"
148,1997-05-01T00:00:00,0.0,baoxiehu,"{""type"":""MultiPoint"",""coordinates"":[]}"
149,1997-06-01T00:00:00,0.0,baoxiehu,"{""type"":""MultiPoint"",""coordinates"":[]}"
150,1997-07-01T00:00:00,0.0,baoxiehu,"{""type"":""MultiPoint"",""coordinates"":[]}"
151,1997-08-01T00:00:00,0.0,baoxiehu,"{""type"":""MultiPoint"",""coordinates"":[]}"
152,1997-09-01T00:00:00,0.0,baoxiehu,"{""type"":""MultiPoint"",""coordinates"":[]}"
153,1997-10-01T00:00:00,0.0,baoxiehu,"{""type"":""MultiPoint"",""coordinates"":[]}"
154,1997-11-01T00:00:00,0.0,baoxiehu,"{""type"":""MultiPoint"",""coordinates"":[]}"
155,1997-12-01T00:00:00,0.0,baoxiehu,"{""type"":""MultiPoint"",""coordinates"":[]}"
156,1998-01-01T00:00:00,0.0,baoxiehu,"{""type"":""MultiPoint"",""coordinates"":[]}"
157,1998-02-01T00:00:00,0.0,baoxiehu,"{""type"":""MultiPoint"",""coordinates"":[]}"
158,1998-03-01T00:00:00,0.0,baoxiehu,"{""type"":""MultiPoint"",""coordinates"":[]}"
159,1998-04-01T00:00:00,0.0,baoxiehu,"{""type"":""MultiPoint"",""coordinates"":[]}"
160,1998-05-01T00:00:00,0.0,baoxiehu,"{""type"":""MultiPoint"",""coordinates"":[]}"
161,1998-06-01T00:00:00,0.0,baoxiehu,"{""type"":""MultiPoint"",""coordinates"":[]}"
162,1998-07-01T00:00:00,0.0,baoxiehu,"{""type"":""MultiPoint"",""coordinates"":[]}"
163,1998-08-01T00:00:00,0.0,baoxiehu,"{""type"":""MultiPoint"",""coordinates"":[]}"
164,1998-09-01T00:00:00,0.0,baoxiehu,"{""type"":""MultiPoint"",""coordinates"":[]}"
165,1998-10-01T00:00:00,0.0,baoxiehu,"{""type"":""MultiPoint"",""coordinates"":[]}"
166,1998-11-01T00:00:00,0.0,baoxiehu,"{""type"":""MultiPoint"",""coordinates"":[]}"
167,1998-12-01T00:00:00,0.0,baoxiehu,"{""type"":""MultiPoint"",""coordinates"":[]}"
168,1999-01-01T00:00:00,0.0,baoxiehu,"{""type"":""MultiPoint"",""coordinates"":[]}"
169,1999-02-01T00:00:00,0.0,baoxiehu,"{""type"":""MultiPoint"",""coordinates"":[]}"
170,1999-03-01T00:00:00,0.0,baoxiehu,"{""type"":""MultiPoint"",""coordinates"":[]}"
171,1999-04-01T00:00:00,0.0,baoxiehu,"{""type"":""MultiPoint"",""coordinates"":[]}"
172,1999-05-01T00:00:00,0.0,baoxiehu,"{""type"":""MultiPoint"",""coordinates"":[]}"
173,1999-06-01T00:00:00,0.0,baoxiehu,"{""type"":""MultiPoint"",""coordinates"":[]}"
174,1999-07-01T00:00:00,0.0,baoxiehu,"{""type"":""MultiPoint"",""coordinates"":[]}"
175,1999-08-01T00:00:00,3.1307109064694876,baoxiehu,"{""type"":""MultiPoint"",""coordinates"":[]}"
176,1999-09-01T00:00:00,19.531333197143557,baoxiehu,"{""type"":""MultiPoint"",""coordinates"":[]}"
177,1999-10-01T00:00:00,0.0,baoxiehu,"{""type"":""MultiPoint"",""coordinates"":[]}"
178,1999-11-01T00:00:00,14.394053117280137,baoxiehu,"{""type"":""MultiPoint"",""coordinates"":[]}"
179,1999-12-01T00:00:00,0.0,baoxiehu,"{""type"":""MultiPoint"",""coordinates"":[]}"
180,2000-01-01T00:00:00,22.867596774502175,baoxiehu,"{""type"":""MultiPoint"",""coordinates"":[]}"
181,2000-02-01T00:00:00,20.850618921292895,baoxiehu,"{""type"":""MultiPoint"",""coordinates"":[]}"
182,2000-03-01T00:00:00,20.85865021695631,baoxiehu,"{""type"":""MultiPoint"",""coordinates"":[]}"
183,2000-04-01T00:00:00,0.0,baoxiehu,"{""type"":""MultiPoint"",""coordinates"":[]}"
184,2000-05-01T00:00:00,13.584628208867812,baoxiehu,"{""type"":""MultiPoint"",""coordinates"":[]}"
185,2000-06-01T00:00:00,12.975251195340507,baoxiehu,"{""type"":""MultiPoint"",""coordinates"":[]}"
186,2000-07-01T00:00:00,8.317608613957663,baoxiehu,"{""type"":""MultiPoint"",""coordinates"":[]}"
187,2000-08-01T00:00:00,16.790572416897405,baoxiehu,"{""type"":""MultiPoint"",""coordinates"":[]}"
188,2000-09-01T00:00:00,16.87476626528177,baoxiehu,"{""type"":""MultiPoint"",""coordinates"":[]}"
189,2000-10-01T00:00:00,21.881155856902016,baoxiehu,"{""type"":""MultiPoint"",""coordinates"":[]}"
190,2000-11-01T00:00:00,23.976706646453756,baoxiehu,"{""type"":""MultiPoint"",""coordinates"":[]}"
191,2000-12-01T00:00:00,0.0,baoxiehu,"{""type"":""MultiPoint"",""coordinates"":[]}"
192,2001-01-01T00:00:00,23.899089994941527,baoxiehu,"{""type"":""MultiPoint"",""coordinates"":[]}"
193,2001-02-01T00:00:00,0.2373872740203259,baoxiehu,"{""type"":""MultiPoint"",""coordinates"":[]}"
194,2001-03-01T00:00:00,23.437158473578016,baoxiehu,"{""type"":""MultiPoint"",""coordinates"":[]}"
195,2001-04-01T00:00:00,19.198040282526957,baoxiehu,"{""type"":""MultiPoint"",""coordinates"":[]}"
196,2001-05-01T00:00:00,17.195630091855286,baoxiehu,"{""type"":""MultiPoint"",""coordinates"":[]}"
197,2001-06-01T00:00:00,6.409211007090371,baoxiehu,"{""type"":""MultiPoint"",""coordinates"":[]}"
198,2001-07-01T00:00:00,19.71306201716573,baoxiehu,"{""type"":""MultiPoint"",""coordinates"":[]}"
199,2001-08-01T00:00:00,0.6239042585461186,baoxiehu,"{""type"":""MultiPoint"",""coordinates"":[]}"
200,2001-09-01T00:00:00,16.611295217462278,baoxiehu,"{""type"":""MultiPoint"",""coordinates"":[]}"
201,2001-10-01T00:00:00,19.628390764309987,baoxiehu,"{""type"":""MultiPoint"",""coordinates"":[]}"
202,2001-11-01T00:00:00,21.89431371035663,baoxiehu,"{""type"":""MultiPoint"",""coordinates"":[]}"
203,2001-12-01T00:00:00,0.0,baoxiehu,"{""type"":""MultiPoint"",""coordinates"":[]}"
204,2002-01-01T00:00:00,6.301971962543798,baoxiehu,"{""type"":""MultiPoint"",""coordinates"":[]}"
205,2002-02-01T00:00:00,13.596396104488843,baoxiehu,"{""type"":""MultiPoint"",""coordinates"":[]}"
206,2002-03-01T00:00:00,20.383783012529936,baoxiehu,"{""type"":""MultiPoint"",""coordinates"":[]}"
207,2002-04-01T00:00:00,18.30149821229082,baoxiehu,"{""type"":""MultiPoint"",""coordinates"":[]}"
208,2002-05-01T00:00:00,21.196844032027208,baoxiehu,"{""type"":""MultiPoint"",""coordinates"":[]}"
209,2002-06-01T00:00:00,0.0,baoxiehu,"{""type"":""MultiPoint"",""coordinates"":[]}"
210,2002-07-01T00:00:00,20.02205981909276,baoxiehu,"{""type"":""MultiPoint"",""coordinates"":[]}"
211,2002-08-01T00:00:00,19.683805927696078,baoxiehu,"{""type"":""MultiPoint"",""coordinates"":[]}"
212,2002-09-01T00:00:00,19.31470658092232,baoxiehu,"{""type"":""MultiPoint"",""coordinates"":[]}"
213,2002-10-01T00:00:00,21.59086199373973,baoxiehu,"{""type"":""MultiPoint"",""coordinates"":[]}"
214,2002-11-01T00:00:00,21.508870882739274,baoxiehu,"{""type"":""MultiPoint"",""coordinates"":[]}"
215,2002-12-01T00:00:00,0.0,baoxiehu,"{""type"":""MultiPoint"",""coordinates"":[]}"
216,2003-01-01T00:00:00,23.963658958461867,baoxiehu,"{""type"":""MultiPoint"",""coordinates"":[]}"
217,2003-02-01T00:00:00,22.983501427699185,baoxiehu,"{""type"":""MultiPoint"",""coordinates"":[]}"
218,2003-03-01T00:00:00,23.149049804230838,baoxiehu,"{""type"":""MultiPoint"",""coordinates"":[]}"
219,2003-04-01T00:00:00,22.78500164148358,baoxiehu,"{""type"":""MultiPoint"",""coordinates"":[]}"
220,2003-05-01T00:00:00,22.373640671407067,baoxiehu,"{""type"":""MultiPoint"",""coordinates"":[]}"
221,2003-06-01T00:00:00,16.03699652815444,baoxiehu,"{""type"":""MultiPoint"",""coordinates"":[]}"
222,2003-07-01T00:00:00,22.886455901597447,baoxiehu,"{""type"":""MultiPoint"",""coordinates"":[]}"
223,2003-08-01T00:00:00,20.199337456724894,baoxiehu,"{""type"":""MultiPoint"",""coordinates"":[]}"
224,2003-09-01T00:00:00,21.367983083483434,baoxiehu,"{""type"":""MultiPoint"",""coordinates"":[]}"
225,2003-10-01T00:00:00,23.13308135782353,baoxiehu,"{""type"":""MultiPoint"",""coordinates"":[]}"
226,2003-11-01T00:00:00,23.506598001988333,baoxiehu,"{""type"":""MultiPoint"",""coordinates"":[]}"
227,2003-12-01T00:00:00,0.0,baoxiehu,"{""type"":""MultiPoint"",""coordinates"":[]}"
228,2004-01-01T00:00:00,21.930997061561975,baoxiehu,"{""type"":""MultiPoint"",""coordinates"":[]}"
229,2004-02-01T00:00:00,20.849700199681443,baoxiehu,"{""type"":""MultiPoint"",""coordinates"":[]}"
230,2004-03-01T00:00:00,19.619543156641832,baoxiehu,"{""type"":""MultiPoint"",""coordinates"":[]}"
231,2004-04-01T00:00:00,17.104033866275323,baoxiehu,"{""type"":""MultiPoint"",""coordinates"":[]}"
232,2004-05-01T00:00:00,17.489612595815863,baoxiehu,"{""type"":""MultiPoint"",""coordinates"":[]}"
233,2004-06-01T00:00:00,18.80330787542773,baoxiehu,"{""type"":""MultiPoint"",""coordinates"":[]}"
234,2004-07-01T00:00:00,19.10202923378141,baoxiehu,"{""type"":""MultiPoint"",""coordinates"":[]}"
235,2004-08-01T00:00:00,15.877565553512756,baoxiehu,"{""type"":""MultiPoint"",""coordinates"":[]}"
236,2004-09-01T00:00:00,19.33597707364119,baoxiehu,"{""type"":""MultiPoint"",""coordinates"":[]}"
237,2004-10-01T00:00:00,21.151649794311062,baoxiehu,"{""type"":""MultiPoint"",""coordinates"":[]}"
238,2004-11-01T00:00:00,21.90255207177713,baoxiehu,"{""type"":""MultiPoint"",""coordinates"":[]}"
239,2004-12-01T00:00:00,0.0,baoxiehu,"{""type"":""MultiPoint"",""coordinates"":[]}"
240,2005-01-01T00:00:00,22.979479624175227,baoxiehu,"{""type"":""MultiPoint"",""coordinates"":[]}"
241,2005-02-01T00:00:00,15.020849340876323,baoxiehu,"{""type"":""MultiPoint"",""coordinates"":[]}"
242,2005-03-01T00:00:00,21.691716854168842,baoxiehu,"{""type"":""MultiPoint"",""coordinates"":[]}"
243,2005-04-01T00:00:00,17.664676162995704,baoxiehu,"{""type"":""MultiPoint"",""coordinates"":[]}"
244,2005-05-01T00:00:00,16.91347656024505,baoxiehu,"{""type"":""MultiPoint"",""coordinates"":[]}"
245,2005-06-01T00:00:00,13.629750001218309,baoxiehu,"{""type"":""MultiPoint"",""coordinates"":[]}"
246,2005-07-01T00:00:00,16.699224879599655,baoxiehu,"{""type"":""MultiPoint"",""coordinates"":[]}"
247,2005-08-01T00:00:00,11.285762183025769,baoxiehu,"{""type"":""MultiPoint"",""coordinates"":[]}"
248,2005-09-01T00:00:00,18.98355686940104,baoxiehu,"{""type"":""MultiPoint"",""coordinates"":[]}"
249,2005-10-01T00:00:00,18.801226904248303,baoxiehu,"{""type"":""MultiPoint"",""coordinates"":[]}"
250,2005-11-01T00:00:00,21.990672043599464,baoxiehu,"{""type"":""MultiPoint"",""coordinates"":[]}"
251,2005-12-01T00:00:00,0.0,baoxiehu,"{""type"":""MultiPoint"",""coordinates"":[]}"
252,2006-01-01T00:00:00,23.405999494937,baoxiehu,"{""type"":""MultiPoint"",""coordinates"":[]}"
253,2006-02-01T00:00:00,0.39110155564299937,baoxiehu,"{""type"":""MultiPoint"",""coordinates"":[]}"
254,2006-03-01T00:00:00,20.743945924476062,baoxiehu,"{""type"":""MultiPoint"",""coordinates"":[]}"
255,2006-04-01T00:00:00,15.935596968012556,baoxiehu,"{""type"":""MultiPoint"",""coordinates"":[]}"
256,2006-05-01T00:00:00,15.741370837325274,baoxiehu,"{""type"":""MultiPoint"",""coordinates"":[]}"
257,2006-06-01T00:00:00,18.931754296890794,baoxiehu,"{""type"":""MultiPoint"",""coordinates"":[]}"
258,2006-07-01T00:00:00,18.84876020829983,baoxiehu,"{""type"":""MultiPoint"",""coordinates"":[]}"
259,2006-08-01T00:00:00,16.929536039645807,baoxiehu,"{""type"":""MultiPoint"",""coordinates"":[]}"
260,2006-09-01T00:00:00,16.361816826397828,baoxiehu,"{""type"":""MultiPoint"",""coordinates"":[]}"
261,2006-10-01T00:00:00,20.807247225231237,baoxiehu,"{""type"":""MultiPoint"",""coordinates"":[]}"
262,2006-11-01T00:00:00,20.328035233531768,baoxiehu,"{""type"":""MultiPoint"",""coordinates"":[]}"
263,2006-12-01T00:00:00,0.0,baoxiehu,"{""type"":""MultiPoint"",""coordinates"":[]}"
264,2007-01-01T00:00:00,21.045749447268268,baoxiehu,"{""type"":""MultiPoint"",""coordinates"":[]}"
265,2007-02-01T00:00:00,20.82658193691767,baoxiehu,"{""type"":""MultiPoint"",""coordinates"":[]}"
266,2007-03-01T00:00:00,20.54537927992615,baoxiehu,"{""type"":""MultiPoint"",""coordinates"":[]}"
267,2007-04-01T00:00:00,18.711499902874163,baoxiehu,"{""type"":""MultiPoint"",""coordinates"":[]}"
268,2007-05-01T00:00:00,17.483977413755408,baoxiehu,"{""type"":""MultiPoint"",""coordinates"":[]}"
269,2007-06-01T00:00:00,2.805481699524884,baoxiehu,"{""type"":""MultiPoint"",""coordinates"":[]}"
270,2007-07-01T00:00:00,17.436482085187844,baoxiehu,"{""type"":""MultiPoint"",""coordinates"":[]}"
271,2007-08-01T00:00:00,17.281474485171803,baoxiehu,"{""type"":""MultiPoint"",""coordinates"":[]}"
272,2007-09-01T00:00:00,15.797518552039053,baoxiehu,"{""type"":""MultiPoint"",""coordinates"":[]}"
273,2007-10-01T00:00:00,4.863305891791848,baoxiehu,"{""type"":""MultiPoint"",""coordinates"":[]}"
274,2007-11-01T00:00:00,21.325626314059665,baoxiehu,"{""type"":""MultiPoint"",""coordinates"":[]}"
275,2007-12-01T00:00:00,0.0,baoxiehu,"{""type"":""MultiPoint"",""coordinates"":[]}"
276,2008-01-01T00:00:00,0.0,baoxiehu,"{""type"":""MultiPoint"",""coordinates"":[]}"
277,2008-02-01T00:00:00,23.744674689610388,baoxiehu,"{""type"":""MultiPoint"",""coordinates"":[]}"
278,2008-03-01T00:00:00,22.4954196702359,baoxiehu,"{""type"":""MultiPoint"",""coordinates"":[]}"
279,2008-04-01T00:00:00,18.047153108800316,baoxiehu,"{""type"":""MultiPoint"",""coordinates"":[]}"
280,2008-05-01T00:00:00,15.705503017147528,baoxiehu,"{""type"":""MultiPoint"",""coordinates"":[]}"
281,2008-06-01T00:00:00,0.7794355342407226,baoxiehu,"{""type"":""MultiPoint"",""coordinates"":[]}"
282,2008-07-01T00:00:00,15.589170221404911,baoxiehu,"{""type"":""MultiPoint"",""coordinates"":[]}"
283,2008-08-01T00:00:00,16.350630514504584,baoxiehu,"{""type"":""MultiPoint"",""coordinates"":[]}"
284,2008-09-01T00:00:00,16.271645822293628,baoxiehu,"{""type"":""MultiPoint"",""coordinates"":[]}"
285,2008-10-01T00:00:00,18.578560554172665,baoxiehu,"{""type"":""MultiPoint"",""coordinates"":[]}"
286,2008-11-01T00:00:00,21.240823894443917,baoxiehu,"{""type"":""MultiPoint"",""coordinates"":[]}"
287,2008-12-01T00:00:00,0.0,baoxiehu,"{""type"":""MultiPoint"",""coordinates"":[]}"
288,2009-01-01T00:00:00,20.84343896334327,baoxiehu,"{""type"":""MultiPoint"",""coordinates"":[]}"
289,2009-02-01T00:00:00,18.901633657509965,baoxiehu,"{""type"":""MultiPoint"",""coordinates"":[]}"
290,2009-03-01T00:00:00,20.407690214028516,baoxiehu,"{""type"":""MultiPoint"",""coordinates"":[]}"
291,2009-04-01T00:00:00,19.265324015585264,baoxiehu,"{""type"":""MultiPoint"",""coordinates"":[]}"
292,2009-05-01T00:00:00,19.460948628531423,baoxiehu,"{""type"":""MultiPoint"",""coordinates"":[]}"
293,2009-06-01T00:00:00,17.759757992568076,baoxiehu,"{""type"":""MultiPoint"",""coordinates"":[]}"
294,2009-07-01T00:00:00,17.83558745949731,baoxiehu,"{""type"":""MultiPoint"",""coordinates"":[]}"
295,2009-08-01T00:00:00,16.389471582714375,baoxiehu,"{""type"":""MultiPoint"",""coordinates"":[]}"
296,2009-09-01T00:00:00,17.192337857688273,baoxiehu,"{""type"":""MultiPoint"",""coordinates"":[]}"
297,2009-10-01T00:00:00,18.497495123344418,baoxiehu,"{""type"":""MultiPoint"",""coordinates"":[]}"
298,2009-11-01T00:00:00,21.334754042412772,baoxiehu,"{""type"":""MultiPoint"",""coordinates"":[]}"
299,2009-12-01T00:00:00,0.0,baoxiehu,"{""type"":""MultiPoint"",""coordinates"":[]}"
300,2010-01-01T00:00:00,22.392689949758296,baoxiehu,"{""type"":""MultiPoint"",""coordinates"":[]}"
301,2010-02-01T00:00:00,19.741066697885554,baoxiehu,"{""type"":""MultiPoint"",""coordinates"":[]}"
302,2010-03-01T00:00:00,21.127684522369275,baoxiehu,"{""type"":""MultiPoint"",""coordinates"":[]}"
303,2010-04-01T00:00:00,5.297957053905053,baoxiehu,"{""type"":""MultiPoint"",""coordinates"":[]}"
304,2010-05-01T00:00:00,0.0,baoxiehu,"{""type"":""MultiPoint"",""coordinates"":[]}"
305,2010-06-01T00:00:00,7.659940110850375,baoxiehu,"{""type"":""MultiPoint"",""coordinates"":[]}"
306,2010-07-01T00:00:00,17.14014721874999,baoxiehu,"{""type"":""MultiPoint"",""coordinates"":[]}"
307,2010-08-01T00:00:00,19.775755960112694,baoxiehu,"{""type"":""MultiPoint"",""coordinates"":[]}"
308,2010-09-01T00:00:00,18.783923400485637,baoxiehu,"{""type"":""MultiPoint"",""coordinates"":[]}"
309,2010-10-01T00:00:00,23.70961395764592,baoxiehu,"{""type"":""MultiPoint"",""coordinates"":[]}"
310,2010-11-01T00:00:00,24.486314886944,baoxiehu,"{""type"":""MultiPoint"",""coordinates"":[]}"
311,2010-12-01T00:00:00,0.0,baoxiehu,"{""type"":""MultiPoint"",""coordinates"":[]}"
312,2011-01-01T00:00:00,24.770284544813453,baoxiehu,"{""type"":""MultiPoint"",""coordinates"":[]}"
313,2011-02-01T00:00:00,22.37151805217813,baoxiehu,"{""type"":""MultiPoint"",""coordinates"":[]}"
314,2011-03-01T00:00:00,19.869070790963953,baoxiehu,"{""type"":""MultiPoint"",""coordinates"":[]}"
315,2011-04-01T00:00:00,8.028182046820188,baoxiehu,"{""type"":""MultiPoint"",""coordinates"":[]}"
316,2011-05-01T00:00:00,10.404315827202053,baoxiehu,"{""type"":""MultiPoint"",""coordinates"":[]}"
317,2011-06-01T00:00:00,16.78388305267023,baoxiehu,"{""type"":""MultiPoint"",""coordinates"":[]}"
318,2011-07-01T00:00:00,1.554924957465198,baoxiehu,"{""type"":""MultiPoint"",""coordinates"":[]}"
319,2011-08-01T00:00:00,16.608324158927417,baoxiehu,"{""type"":""MultiPoint"",""coordinates"":[]}"
320,2011-09-01T00:00:00,16.493897851973955,baoxiehu,"{""type"":""MultiPoint"",""coordinates"":[]}"
321,2011-10-01T00:00:00,18.409624185175165,baoxiehu,"{""type"":""MultiPoint"",""coordinates"":[]}"
322,2011-11-01T00:00:00,17.332851672758455,baoxiehu,"{""type"":""MultiPoint"",""coordinates"":[]}"
323,2011-12-01T00:00:00,0.0,baoxiehu,"{""type"":""MultiPoint"",""coordinates"":[]}"
324,2012-01-01T00:00:00,20.431137821831687,baoxiehu,"{""type"":""MultiPoint"",""coordinates"":[]}"
325,2012-02-01T00:00:00,12.747868731378292,baoxiehu,"{""type"":""MultiPoint"",""coordinates"":[]}"
326,2012-03-01T00:00:00,13.639788260760138,baoxiehu,"{""type"":""MultiPoint"",""coordinates"":[]}"
327,2012-04-01T00:00:00,0.0,baoxiehu,"{""type"":""MultiPoint"",""coordinates"":[]}"
328,2012-05-01T00:00:00,13.37357467818388,baoxiehu,"{""type"":""MultiPoint"",""coordinates"":[]}"
329,2012-06-01T00:00:00,10.948188966290884,baoxiehu,"{""type"":""MultiPoint"",""coordinates"":[]}"
330,2012-07-01T00:00:00,14.291647810096418,baoxiehu,"{""type"":""MultiPoint"",""coordinates"":[]}"
331,2012-08-01T00:00:00,0.0,baoxiehu,"{""type"":""MultiPoint"",""coordinates"":[]}"
332,2012-09-01T00:00:00,9.250659564990237,baoxiehu,"{""type"":""MultiPoint"",""coordinates"":[]}"
333,2012-10-01T00:00:00,15.739499433259606,baoxiehu,"{""type"":""MultiPoint"",""coordinates"":[]}"
334,2012-11-01T00:00:00,13.072388531712901,baoxiehu,"{""type"":""MultiPoint"",""coordinates"":[]}"
335,2012-12-01T00:00:00,0.0,baoxiehu,"{""type"":""MultiPoint"",""coordinates"":[]}"
336,2013-01-01T00:00:00,12.65495832779062,baoxiehu,"{""type"":""MultiPoint"",""coordinates"":[]}"
337,2013-02-01T00:00:00,0.6555512027992398,baoxiehu,"{""type"":""MultiPoint"",""coordinates"":[]}"
338,2013-03-01T00:00:00,0.0,baoxiehu,"{""type"":""MultiPoint"",""coordinates"":[]}"
339,2013-04-01T00:00:00,17.013049632998477,baoxiehu,"{""type"":""MultiPoint"",""coordinates"":[]}"
340,2013-05-01T00:00:00,17.433064912426765,baoxiehu,"{""type"":""MultiPoint"",""coordinates"":[]}"
341,2013-06-01T00:00:00,13.039821805559221,baoxiehu,"{""type"":""MultiPoint"",""coordinates"":[]}"
342,2013-07-01T00:00:00,19.582737812565576,baoxiehu,"{""type"":""MultiPoint"",""coordinates"":[]}"
343,2013-08-01T00:00:00,17.97088045163455,baoxiehu,"{""type"":""MultiPoint"",""coordinates"":[]}"
344,2013-09-01T00:00:00,16.861703825220218,baoxiehu,"{""type"":""MultiPoint"",""coordinates"":[]}"
345,2013-10-01T00:00:00,19.23938939710289,baoxiehu,"{""type"":""MultiPoint"",""coordinates"":[]}"
346,2013-11-01T00:00:00,21.13405022178358,baoxiehu,"{""type"":""MultiPoint"",""coordinates"":[]}"
347,2013-12-01T00:00:00,0.0,baoxiehu,"{""type"":""MultiPoint"",""coordinates"":[]}"
348,2014-01-01T00:00:00,19.60949533707706,baoxiehu,"{""type"":""MultiPoint"",""coordinates"":[]}"
349,2014-02-01T00:00:00,18.911669987868358,baoxiehu,"{""type"":""MultiPoint"",""coordinates"":[]}"
350,2014-03-01T00:00:00,18.462523381465648,baoxiehu,"{""type"":""MultiPoint"",""coordinates"":[]}"
351,2014-04-01T00:00:00,16.88974879831639,baoxiehu,"{""type"":""MultiPoint"",""coordinates"":[]}"
352,2014-05-01T00:00:00,14.280855588360957,baoxiehu,"{""type"":""MultiPoint"",""coordinates"":[]}"
353,2014-06-01T00:00:00,2.314109588928223,baoxiehu,"{""type"":""MultiPoint"",""coordinates"":[]}"
354,2014-07-01T00:00:00,12.487605002526138,baoxiehu,"{""type"":""MultiPoint"",""coordinates"":[]}"
355,2014-08-01T00:00:00,14.899996052769563,baoxiehu,"{""type"":""MultiPoint"",""coordinates"":[]}"
356,2014-09-01T00:00:00,15.74003917971718,baoxiehu,"{""type"":""MultiPoint"",""coordinates"":[]}"
357,2014-10-01T00:00:00,17.62078821795007,baoxiehu,"{""type"":""MultiPoint"",""coordinates"":[]}"
358,2014-11-01T00:00:00,0.0,baoxiehu,"{""type"":""MultiPoint"",""coordinates"":[]}"
359,2014-12-01T00:00:00,0.0,baoxiehu,"{""type"":""MultiPoint"",""coordinates"":[]}"
360,2015-01-01T00:00:00,2.835255797773533,baoxiehu,"{""type"":""MultiPoint"",""coordinates"":[]}"
361,2015-02-01T00:00:00,11.302842765678605,baoxiehu,"{""type"":""MultiPoint"",""coordinates"":[]}"
362,2015-03-01T00:00:00,19.54994534483907,baoxiehu,"{""type"":""MultiPoint"",""coordinates"":[]}"
363,2015-04-01T00:00:00,15.63001750487659,baoxiehu,"{""type"":""MultiPoint"",""coordinates"":[]}"
364,2015-05-01T00:00:00,8.732850659075568,baoxiehu,"{""type"":""MultiPoint"",""coordinates"":[]}"
365,2015-06-01T00:00:00,16.161175727122103,baoxiehu,"{""type"":""MultiPoint"",""coordinates"":[]}"
366,2015-07-01T00:00:00,16.601324416091018,baoxiehu,"{""type"":""MultiPoint"",""coordinates"":[]}"
367,2015-08-01T00:00:00,16.121173152896656,baoxiehu,"{""type"":""MultiPoint"",""coordinates"":[]}"
368,2015-09-01T00:00:00,15.50207581239779,baoxiehu,"{""type"":""MultiPoint"",""coordinates"":[]}"
369,2015-10-01T00:00:00,19.2813611698508,baoxiehu,"{""type"":""MultiPoint"",""coordinates"":[]}"
370,2015-11-01T00:00:00,20.566243549337713,baoxiehu,"{""type"":""MultiPoint"",""coordinates"":[]}"
371,2015-12-01T00:00:00,0.0,baoxiehu,"{""type"":""MultiPoint"",""coordinates"":[]}"
372,2016-01-01T00:00:00,0.0,baoxiehu,"{""type"":""MultiPoint"",""coordinates"":[]}"
373,2016-02-01T00:00:00,20.893905685732374,baoxiehu,"{""type"":""MultiPoint"",""coordinates"":[]}"
374,2016-03-01T00:00:00,21.003588060894916,baoxiehu,"{""type"":""MultiPoint"",""coordinates"":[]}"
375,2016-04-01T00:00:00,20.07624690192226,baoxiehu,"{""type"":""MultiPoint"",""coordinates"":[]}"
376,2016-05-01T00:00:00,10.50783970645896,baoxiehu,"{""type"":""MultiPoint"",""coordinates"":[]}"
377,2016-06-01T00:00:00,17.19520701781652,baoxiehu,"{""type"":""MultiPoint"",""coordinates"":[]}"
378,2016-07-01T00:00:00,24.2609803072852,baoxiehu,"{""type"":""MultiPoint"",""coordinates"":[]}"
379,2016-08-01T00:00:00,22.594408575192233,baoxiehu,"{""type"":""MultiPoint"",""coordinates"":[]}"
380,2016-09-01T00:00:00,23.124122541396215,baoxiehu,"{""type"":""MultiPoint"",""coordinates"":[]}"
381,2016-10-01T00:00:00,21.818328635292936,baoxiehu,"{""type"":""MultiPoint"",""coordinates"":[]}"
382,2016-11-01T00:00:00,23.11742829022528,baoxiehu,"{""type"":""MultiPoint"",""coordinates"":[]}"
383,2016-12-01T00:00:00,0.0,baoxiehu,"{""type"":""MultiPoint"",""coordinates"":[]}"
384,2017-01-01T00:00:00,2.1352850343347884,baoxiehu,"{""type"":""MultiPoint"",""coordinates"":[]}"
385,2017-02-01T00:00:00,22.243544250975862,baoxiehu,"{""type"":""MultiPoint"",""coordinates"":[]}"
386,2017-03-01T00:00:00,12.112898832776603,baoxiehu,"{""type"":""MultiPoint"",""coordinates"":[]}"
387,2017-04-01T00:00:00,20.420652480952267,baoxiehu,"{""type"":""MultiPoint"",""coordinates"":[]}"
388,2017-05-01T00:00:00,9.533363149419328,baoxiehu,"{""type"":""MultiPoint"",""coordinates"":[]}"
389,2017-06-01T00:00:00,13.885212431932395,baoxiehu,"{""type"":""MultiPoint"",""coordinates"":[]}"
390,2017-07-01T00:00:00,17.417759170242615,baoxiehu,"{""type"":""MultiPoint"",""coordinates"":[]}"
391,2017-08-01T00:00:00,15.787594108593513,baoxiehu,"{""type"":""MultiPoint"",""coordinates"":[]}"
392,2017-09-01T00:00:00,14.202233061959303,baoxiehu,"{""type"":""MultiPoint"",""coordinates"":[]}"
393,2017-10-01T00:00:00,19.392999946428155,baoxiehu,"{""type"":""MultiPoint"",""coordinates"":[]}"
394,2017-11-01T00:00:00,19.974785663854757,baoxiehu,"{""type"":""MultiPoint"",""coordinates"":[]}"
395,2017-12-01T00:00:00,0.0,baoxiehu,"{""type"":""MultiPoint"",""coordinates"":[]}"
396,2018-01-01T00:00:00,0.0,baoxiehu,"{""type"":""MultiPoint"",""coordinates"":[]}"
397,2018-02-01T00:00:00,21.755322809552144,baoxiehu,"{""type"":""MultiPoint"",""coordinates"":[]}"
398,2018-03-01T00:00:00,19.88407089883891,baoxiehu,"{""type"":""MultiPoint"",""coordinates"":[]}"
399,2018-04-01T00:00:00,15.903464545190184,baoxiehu,"{""type"":""MultiPoint"",""coordinates"":[]}"
400,2018-05-01T00:00:00,0.0,baoxiehu,"{""type"":""MultiPoint"",""coordinates"":[]}"
401,2018-06-01T00:00:00,14.62235161323984,baoxiehu,"{""type"":""MultiPoint"",""coordinates"":[]}"
402,2018-07-01T00:00:00,15.718131526707307,baoxiehu,"{""type"":""MultiPoint"",""coordinates"":[]}"
403,2018-08-01T00:00:00,16.909334969745707,baoxiehu,"{""type"":""MultiPoint"",""coordinates"":[]}"
404,2018-09-01T00:00:00,16.315979102524462,baoxiehu,"{""type"":""MultiPoint"",""coordinates"":[]}"
405,2018-10-01T00:00:00,17.30246338904336,baoxiehu,"{""type"":""MultiPoint"",""coordinates"":[]}"
406,2018-11-01T00:00:00,19.934646168028593,baoxiehu,"{""type"":""MultiPoint"",""coordinates"":[]}"
407,2018-12-01T00:00:00,0.0,baoxiehu,"{""type"":""MultiPoint"",""coordinates"":[]}"
408,2019-01-01T00:00:00,0.0,baoxiehu,"{""type"":""MultiPoint"",""coordinates"":[]}"
409,2019-02-01T00:00:00,1.2361657725439932,baoxiehu,"{""type"":""MultiPoint"",""coordinates"":[]}"
410,2019-03-01T00:00:00,21.630197707070018,baoxiehu,"{""type"":""MultiPoint"",""coordinates"":[]}"
411,2019-04-01T00:00:00,17.48737423573932,baoxiehu,"{""type"":""MultiPoint"",""coordinates"":[]}"
412,2019-05-01T00:00:00,16.466831059503537,baoxiehu,"{""type"":""MultiPoint"",""coordinates"":[]}"
413,2019-06-01T00:00:00,17.442048534183996,baoxiehu,"{""type"":""MultiPoint"",""coordinates"":[]}"
414,2019-07-01T00:00:00,16.447274232363476,baoxiehu,"{""type"":""MultiPoint"",""coordinates"":[]}"
415,2019-08-01T00:00:00,17.051517720194024,baoxiehu,"{""type"":""MultiPoint"",""coordinates"":[]}"
416,2019-09-01T00:00:00,16.36939897500312,baoxiehu,"{""type"":""MultiPoint"",""coordinates"":[]}"
417,2019-10-01T00:00:00,17.689184843122423,baoxiehu,"{""type"":""MultiPoint"",""coordinates"":[]}"
418,2019-11-01T00:00:00,18.669896073184265,baoxiehu,"{""type"":""MultiPoint"",""coordinates"":[]}"
419,2019-12-01T00:00:00,0.0,baoxiehu,"{""type"":""MultiPoint"",""coordinates"":[]}"
420,2020-01-01T00:00:00,0.0,baoxiehu,"{""type"":""MultiPoint"",""coordinates"":[]}"
421,2020-02-01T00:00:00,21.744482173821194,baoxiehu,"{""type"":""MultiPoint"",""coordinates"":[]}"
422,2020-03-01T00:00:00,20.537966167154476,baoxiehu,"{""type"":""MultiPoint"",""coordinates"":[]}"
423,2020-04-01T00:00:00,18.626627576834657,baoxiehu,"{""type"":""MultiPoint"",""coordinates"":[]}"
424,2020-05-01T00:00:00,13.369292470297426,baoxiehu,"{""type"":""MultiPoint"",""coordinates"":[]}"
425,2020-06-01T00:00:00,15.373410651918421,baoxiehu,"{""type"":""MultiPoint"",""coordinates"":[]}"
426,2020-07-01T00:00:00,0.0,baoxiehu,"{""type"":""MultiPoint"",""coordinates"":[]}"
427,2020-08-01T00:00:00,21.320813458910198,baoxiehu,"{""type"":""MultiPoint"",""coordinates"":[]}"
428,2020-09-01T00:00:00,14.86511563264231,baoxiehu,"{""type"":""MultiPoint"",""coordinates"":[]}"
429,2020-10-01T00:00:00,20.715909027552975,baoxiehu,"{""type"":""MultiPoint"",""coordinates"":[]}"
430,2020-11-01T00:00:00,21.404601485062223,baoxiehu,"{""type"":""MultiPoint"",""coordinates"":[]}"
431,2020-12-01T00:00:00,0.0,baoxiehu,"{""type"":""MultiPoint"",""coordinates"":[]}"
