system:index,Date,area_km2,lake,.geo
0,1985-01-01T00:00:00,0.0,5hu,"{""type"":""MultiPoint"",""coordinates"":[]}"
1,1985-02-01T00:00:00,0.0,5hu,"{""type"":""MultiPoint"",""coordinates"":[]}"
2,1985-03-01T00:00:00,0.0,5hu,"{""type"":""MultiPoint"",""coordinates"":[]}"
3,1985-04-01T00:00:00,0.0,5hu,"{""type"":""MultiPoint"",""coordinates"":[]}"
4,1985-05-01T00:00:00,0.0,5hu,"{""type"":""MultiPoint"",""coordinates"":[]}"
5,1985-06-01T00:00:00,0.0,5hu,"{""type"":""MultiPoint"",""coordinates"":[]}"
6,1985-07-01T00:00:00,0.0,5hu,"{""type"":""MultiPoint"",""coordinates"":[]}"
7,1985-08-01T00:00:00,0.0,5hu,"{""type"":""MultiPoint"",""coordinates"":[]}"
8,1985-09-01T00:00:00,0.0,5hu,"{""type"":""MultiPoint"",""coordinates"":[]}"
9,1985-10-01T00:00:00,0.0,5hu,"{""type"":""MultiPoint"",""coordinates"":[]}"
10,1985-11-01T00:00:00,0.0,5hu,"{""type"":""MultiPoint"",""coordinates"":[]}"
11,1985-12-01T00:00:00,0.0,5hu,"{""type"":""MultiPoint"",""coordinates"":[]}"
12,1986-01-01T00:00:00,0.0,5hu,"{""type"":""MultiPoint"",""coordinates"":[]}"
13,1986-02-01T00:00:00,0.0,5hu,"{""type"":""MultiPoint"",""coordinates"":[]}"
14,1986-03-01T00:00:00,0.0,5hu,"{""type"":""MultiPoint"",""coordinates"":[]}"
15,1986-04-01T00:00:00,0.0,5hu,"{""type"":""MultiPoint"",""coordinates"":[]}"
16,1986-05-01T00:00:00,0.0,5hu,"{""type"":""MultiPoint"",""coordinates"":[]}"
17,1986-06-01T00:00:00,0.0,5hu,"{""type"":""MultiPoint"",""coordinates"":[]}"
18,1986-07-01T00:00:00,0.0,5hu,"{""type"":""MultiPoint"",""coordinates"":[]}"
19,1986-08-01T00:00:00,0.0,5hu,"{""type"":""MultiPoint"",""coordinates"":[]}"
20,1986-09-01T00:00:00,0.0,5hu,"{""type"":""MultiPoint"",""coordinates"":[]}"
21,1986-10-01T00:00:00,0.0,5hu,"{""type"":""MultiPoint"",""coordinates"":[]}"
22,1986-11-01T00:00:00,0.0,5hu,"{""type"":""MultiPoint"",""coordinates"":[]}"
23,1986-12-01T00:00:00,0.0,5hu,"{""type"":""MultiPoint"",""coordinates"":[]}"
24,1987-01-01T00:00:00,0.0,5hu,"{""type"":""MultiPoint"",""coordinates"":[]}"
25,1987-02-01T00:00:00,0.0,5hu,"{""type"":""MultiPoint"",""coordinates"":[]}"
26,1987-03-01T00:00:00,0.0,5hu,"{""type"":""MultiPoint"",""coordinates"":[]}"
27,1987-04-01T00:00:00,0.0,5hu,"{""type"":""MultiPoint"",""coordinates"":[]}"
28,1987-05-01T00:00:00,0.0,5hu,"{""type"":""MultiPoint"",""coordinates"":[]}"
29,1987-06-01T00:00:00,0.0,5hu,"{""type"":""MultiPoint"",""coordinates"":[]}"
30,1987-07-01T00:00:00,0.0,5hu,"{""type"":""MultiPoint"",""coordinates"":[]}"
31,1987-08-01T00:00:00,0.0,5hu,"{""type"":""MultiPoint"",""coordinates"":[]}"
32,1987-09-01T00:00:00,36.95822109643026,5hu,"{""type"":""MultiPoint"",""coordinates"":[]}"
33,1987-10-01T00:00:00,0.0,5hu,"{""type"":""MultiPoint"",""coordinates"":[]}"
34,1987-11-01T00:00:00,0.0,5hu,"{""type"":""MultiPoint"",""coordinates"":[]}"
35,1987-12-01T00:00:00,0.0,5hu,"{""type"":""MultiPoint"",""coordinates"":[]}"
36,1988-01-01T00:00:00,0.0,5hu,"{""type"":""MultiPoint"",""coordinates"":[]}"
37,1988-02-01T00:00:00,0.0,5hu,"{""type"":""MultiPoint"",""coordinates"":[]}"
38,1988-03-01T00:00:00,0.0,5hu,"{""type"":""MultiPoint"",""coordinates"":[]}"
39,1988-04-01T00:00:00,0.0,5hu,"{""type"":""MultiPoint"",""coordinates"":[]}"
40,1988-05-01T00:00:00,0.0,5hu,"{""type"":""MultiPoint"",""coordinates"":[]}"
41,1988-06-01T00:00:00,0.0,5hu,"{""type"":""MultiPoint"",""coordinates"":[]}"
42,1988-07-01T00:00:00,0.0,5hu,"{""type"":""MultiPoint"",""coordinates"":[]}"
43,1988-08-01T00:00:00,0.0,5hu,"{""type"":""MultiPoint"",""coordinates"":[]}"
44,1988-09-01T00:00:00,0.0,5hu,"{""type"":""MultiPoint"",""coordinates"":[]}"
45,1988-10-01T00:00:00,0.0,5hu,"{""type"":""MultiPoint"",""coordinates"":[]}"
46,1988-11-01T00:00:00,0.0,5hu,"{""type"":""MultiPoint"",""coordinates"":[]}"
47,1988-12-01T00:00:00,0.0,5hu,"{""type"":""MultiPoint"",""coordinates"":[]}"
48,1989-01-01T00:00:00,0.0,5hu,"{""type"":""MultiPoint"",""coordinates"":[]}"
49,1989-02-01T00:00:00,0.0,5hu,"{""type"":""MultiPoint"",""coordinates"":[]}"
50,1989-03-01T00:00:00,0.0,5hu,"{""type"":""MultiPoint"",""coordinates"":[]}"
51,1989-04-01T00:00:00,0.0,5hu,"{""type"":""MultiPoint"",""coordinates"":[]}"
52,1989-05-01T00:00:00,0.0,5hu,"{""type"":""MultiPoint"",""coordinates"":[]}"
53,1989-06-01T00:00:00,0.0,5hu,"{""type"":""MultiPoint"",""coordinates"":[]}"
54,1989-07-01T00:00:00,0.0,5hu,"{""type"":""MultiPoint"",""coordinates"":[]}"
55,1989-08-01T00:00:00,0.0,5hu,"{""type"":""MultiPoint"",""coordinates"":[]}"
56,1989-09-01T00:00:00,0.0,5hu,"{""type"":""MultiPoint"",""coordinates"":[]}"
57,1989-10-01T00:00:00,0.0,5hu,"{""type"":""MultiPoint"",""coordinates"":[]}"
58,1989-11-01T00:00:00,0.0,5hu,"{""type"":""MultiPoint"",""coordinates"":[]}"
59,1989-12-01T00:00:00,0.0,5hu,"{""type"":""MultiPoint"",""coordinates"":[]}"
60,1990-01-01T00:00:00,0.0,5hu,"{""type"":""MultiPoint"",""coordinates"":[]}"
61,1990-02-01T00:00:00,0.0,5hu,"{""type"":""MultiPoint"",""coordinates"":[]}"
62,1990-03-01T00:00:00,0.0,5hu,"{""type"":""MultiPoint"",""coordinates"":[]}"
63,1990-04-01T00:00:00,0.0,5hu,"{""type"":""MultiPoint"",""coordinates"":[]}"
64,1990-05-01T00:00:00,0.0,5hu,"{""type"":""MultiPoint"",""coordinates"":[]}"
65,1990-06-01T00:00:00,0.0,5hu,"{""type"":""MultiPoint"",""coordinates"":[]}"
66,1990-07-01T00:00:00,0.0,5hu,"{""type"":""MultiPoint"",""coordinates"":[]}"
67,1990-08-01T00:00:00,0.0,5hu,"{""type"":""MultiPoint"",""coordinates"":[]}"
68,1990-09-01T00:00:00,6.880732547422881,5hu,"{""type"":""MultiPoint"",""coordinates"":[]}"
69,1990-10-01T00:00:00,0.0,5hu,"{""type"":""MultiPoint"",""coordinates"":[]}"
70,1990-11-01T00:00:00,0.0,5hu,"{""type"":""MultiPoint"",""coordinates"":[]}"
71,1990-12-01T00:00:00,0.0,5hu,"{""type"":""MultiPoint"",""coordinates"":[]}"
72,1991-01-01T00:00:00,0.0,5hu,"{""type"":""MultiPoint"",""coordinates"":[]}"
73,1991-02-01T00:00:00,0.0,5hu,"{""type"":""MultiPoint"",""coordinates"":[]}"
74,1991-03-01T00:00:00,0.0,5hu,"{""type"":""MultiPoint"",""coordinates"":[]}"
75,1991-04-01T00:00:00,0.0,5hu,"{""type"":""MultiPoint"",""coordinates"":[]}"
76,1991-05-01T00:00:00,0.0,5hu,"{""type"":""MultiPoint"",""coordinates"":[]}"
77,1991-06-01T00:00:00,0.0,5hu,"{""type"":""MultiPoint"",""coordinates"":[]}"
78,1991-07-01T00:00:00,43.46873197951828,5hu,"{""type"":""MultiPoint"",""coordinates"":[]}"
79,1991-08-01T00:00:00,0.0,5hu,"{""type"":""MultiPoint"",""coordinates"":[]}"
80,1991-09-01T00:00:00,0.0,5hu,"{""type"":""MultiPoint"",""coordinates"":[]}"
81,1991-10-01T00:00:00,0.0,5hu,"{""type"":""MultiPoint"",""coordinates"":[]}"
82,1991-11-01T00:00:00,0.0,5hu,"{""type"":""MultiPoint"",""coordinates"":[]}"
83,1991-12-01T00:00:00,0.0,5hu,"{""type"":""MultiPoint"",""coordinates"":[]}"
84,1992-01-01T00:00:00,1.4427668667379938,5hu,"{""type"":""MultiPoint"",""coordinates"":[]}"
85,1992-02-01T00:00:00,0.05093372688203699,5hu,"{""type"":""MultiPoint"",""coordinates"":[]}"
86,1992-03-01T00:00:00,0.0,5hu,"{""type"":""MultiPoint"",""coordinates"":[]}"
87,1992-04-01T00:00:00,0.0,5hu,"{""type"":""MultiPoint"",""coordinates"":[]}"
88,1992-05-01T00:00:00,0.0,5hu,"{""type"":""MultiPoint"",""coordinates"":[]}"
89,1992-06-01T00:00:00,0.0,5hu,"{""type"":""MultiPoint"",""coordinates"":[]}"
90,1992-07-01T00:00:00,0.0,5hu,"{""type"":""MultiPoint"",""coordinates"":[]}"
91,1992-08-01T00:00:00,0.0,5hu,"{""type"":""MultiPoint"",""coordinates"":[]}"
92,1992-09-01T00:00:00,0.0,5hu,"{""type"":""MultiPoint"",""coordinates"":[]}"
93,1992-10-01T00:00:00,0.0,5hu,"{""type"":""MultiPoint"",""coordinates"":[]}"
94,1992-11-01T00:00:00,0.0,5hu,"{""type"":""MultiPoint"",""coordinates"":[]}"
95,1992-12-01T00:00:00,0.0,5hu,"{""type"":""MultiPoint"",""coordinates"":[]}"
96,1993-01-01T00:00:00,0.0,5hu,"{""type"":""MultiPoint"",""coordinates"":[]}"
97,1993-02-01T00:00:00,0.0,5hu,"{""type"":""MultiPoint"",""coordinates"":[]}"
98,1993-03-01T00:00:00,0.0,5hu,"{""type"":""MultiPoint"",""coordinates"":[]}"
99,1993-04-01T00:00:00,0.0,5hu,"{""type"":""MultiPoint"",""coordinates"":[]}"
100,1993-05-01T00:00:00,0.0,5hu,"{""type"":""MultiPoint"",""coordinates"":[]}"
101,1993-06-01T00:00:00,0.0,5hu,"{""type"":""MultiPoint"",""coordinates"":[]}"
102,1993-07-01T00:00:00,0.0,5hu,"{""type"":""MultiPoint"",""coordinates"":[]}"
103,1993-08-01T00:00:00,0.0,5hu,"{""type"":""MultiPoint"",""coordinates"":[]}"
104,1993-09-01T00:00:00,0.0,5hu,"{""type"":""MultiPoint"",""coordinates"":[]}"
105,1993-10-01T00:00:00,25.042342405688473,5hu,"{""type"":""MultiPoint"",""coordinates"":[]}"
106,1993-11-01T00:00:00,0.0,5hu,"{""type"":""MultiPoint"",""coordinates"":[]}"
107,1993-12-01T00:00:00,0.0,5hu,"{""type"":""MultiPoint"",""coordinates"":[]}"
108,1994-01-01T00:00:00,0.0,5hu,"{""type"":""MultiPoint"",""coordinates"":[]}"
109,1994-02-01T00:00:00,0.0,5hu,"{""type"":""MultiPoint"",""coordinates"":[]}"
110,1994-03-01T00:00:00,0.0,5hu,"{""type"":""MultiPoint"",""coordinates"":[]}"
111,1994-04-01T00:00:00,0.0,5hu,"{""type"":""MultiPoint"",""coordinates"":[]}"
112,1994-05-01T00:00:00,0.0,5hu,"{""type"":""MultiPoint"",""coordinates"":[]}"
113,1994-06-01T00:00:00,0.0,5hu,"{""type"":""MultiPoint"",""coordinates"":[]}"
114,1994-07-01T00:00:00,0.0,5hu,"{""type"":""MultiPoint"",""coordinates"":[]}"
115,1994-08-01T00:00:00,18.06291449642884,5hu,"{""type"":""MultiPoint"",""coordinates"":[]}"
116,1994-09-01T00:00:00,2.95221894482374,5hu,"{""type"":""MultiPoint"",""coordinates"":[]}"
117,1994-10-01T00:00:00,0.0,5hu,"{""type"":""MultiPoint"",""coordinates"":[]}"
118,1994-11-01T00:00:00,0.0,5hu,"{""type"":""MultiPoint"",""coordinates"":[]}"
119,1994-12-01T00:00:00,0.0,5hu,"{""type"":""MultiPoint"",""coordinates"":[]}"
120,1995-01-01T00:00:00,0.0,5hu,"{""type"":""MultiPoint"",""coordinates"":[]}"
121,1995-02-01T00:00:00,0.0,5hu,"{""type"":""MultiPoint"",""coordinates"":[]}"
122,1995-03-01T00:00:00,0.0,5hu,"{""type"":""MultiPoint"",""coordinates"":[]}"
123,1995-04-01T00:00:00,0.0,5hu,"{""type"":""MultiPoint"",""coordinates"":[]}"
124,1995-05-01T00:00:00,0.0,5hu,"{""type"":""MultiPoint"",""coordinates"":[]}"
125,1995-06-01T00:00:00,0.0,5hu,"{""type"":""MultiPoint"",""coordinates"":[]}"
126,1995-07-01T00:00:00,0.0,5hu,"{""type"":""MultiPoint"",""coordinates"":[]}"
127,1995-08-01T00:00:00,0.0,5hu,"{""type"":""MultiPoint"",""coordinates"":[]}"
128,1995-09-01T00:00:00,0.0,5hu,"{""type"":""MultiPoint"",""coordinates"":[]}"
129,1995-10-01T00:00:00,0.0,5hu,"{""type"":""MultiPoint"",""coordinates"":[]}"
130,1995-11-01T00:00:00,0.0,5hu,"{""type"":""MultiPoint"",""coordinates"":[]}"
131,1995-12-01T00:00:00,0.0,5hu,"{""type"":""MultiPoint"",""coordinates"":[]}"
132,1996-01-01T00:00:00,0.0,5hu,"{""type"":""MultiPoint"",""coordinates"":[]}"
133,1996-02-01T00:00:00,1.769620907169357,5hu,"{""type"":""MultiPoint"",""coordinates"":[]}"
134,1996-03-01T00:00:00,0.0,5hu,"{""type"":""MultiPoint"",""coordinates"":[]}"
135,1996-04-01T00:00:00,0.0,5hu,"{""type"":""MultiPoint"",""coordinates"":[]}"
136,1996-05-01T00:00:00,0.0,5hu,"{""type"":""MultiPoint"",""coordinates"":[]}"
137,1996-06-01T00:00:00,31.144681368883308,5hu,"{""type"":""MultiPoint"",""coordinates"":[]}"
138,1996-07-01T00:00:00,0.0,5hu,"{""type"":""MultiPoint"",""coordinates"":[]}"
139,1996-08-01T00:00:00,43.087805872637375,5hu,"{""type"":""MultiPoint"",""coordinates"":[]}"
140,1996-09-01T00:00:00,43.58429718862494,5hu,"{""type"":""MultiPoint"",""coordinates"":[]}"
141,1996-10-01T00:00:00,25.564940669789028,5hu,"{""type"":""MultiPoint"",""coordinates"":[]}"
142,1996-11-01T00:00:00,0.0,5hu,"{""type"":""MultiPoint"",""coordinates"":[]}"
143,1996-12-01T00:00:00,0.0,5hu,"{""type"":""MultiPoint"",""coordinates"":[]}"
144,1997-01-01T00:00:00,0.0,5hu,"{""type"":""MultiPoint"",""coordinates"":[]}"
145,1997-02-01T00:00:00,0.0,5hu,"{""type"":""MultiPoint"",""coordinates"":[]}"
146,1997-03-01T00:00:00,0.0,5hu,"{""type"":""MultiPoint"",""coordinates"":[]}"
147,1997-04-01T00:00:00,0.0,5hu,"{""type"":""MultiPoint"",""coordinates"":[]}"
148,1997-05-01T00:00:00,0.0,5hu,"{""type"":""MultiPoint"",""coordinates"":[]}"
149,1997-06-01T00:00:00,0.0,5hu,"{""type"":""MultiPoint"",""coordinates"":[]}"
150,1997-07-01T00:00:00,0.0,5hu,"{""type"":""MultiPoint"",""coordinates"":[]}"
151,1997-08-01T00:00:00,0.0,5hu,"{""type"":""MultiPoint"",""coordinates"":[]}"
152,1997-09-01T00:00:00,0.0,5hu,"{""type"":""MultiPoint"",""coordinates"":[]}"
153,1997-10-01T00:00:00,0.0,5hu,"{""type"":""MultiPoint"",""coordinates"":[]}"
154,1997-11-01T00:00:00,0.0,5hu,"{""type"":""MultiPoint"",""coordinates"":[]}"
155,1997-12-01T00:00:00,0.0,5hu,"{""type"":""MultiPoint"",""coordinates"":[]}"
156,1998-01-01T00:00:00,0.0,5hu,"{""type"":""MultiPoint"",""coordinates"":[]}"
157,1998-02-01T00:00:00,0.0,5hu,"{""type"":""MultiPoint"",""coordinates"":[]}"
158,1998-03-01T00:00:00,0.0,5hu,"{""type"":""MultiPoint"",""coordinates"":[]}"
159,1998-04-01T00:00:00,0.0,5hu,"{""type"":""MultiPoint"",""coordinates"":[]}"
160,1998-05-01T00:00:00,0.0,5hu,"{""type"":""MultiPoint"",""coordinates"":[]}"
161,1998-06-01T00:00:00,0.0,5hu,"{""type"":""MultiPoint"",""coordinates"":[]}"
162,1998-07-01T00:00:00,0.0,5hu,"{""type"":""MultiPoint"",""coordinates"":[]}"
163,1998-08-01T00:00:00,0.0,5hu,"{""type"":""MultiPoint"",""coordinates"":[]}"
164,1998-09-01T00:00:00,0.0,5hu,"{""type"":""MultiPoint"",""coordinates"":[]}"
165,1998-10-01T00:00:00,0.0,5hu,"{""type"":""MultiPoint"",""coordinates"":[]}"
166,1998-11-01T00:00:00,0.0,5hu,"{""type"":""MultiPoint"",""coordinates"":[]}"
167,1998-12-01T00:00:00,0.0,5hu,"{""type"":""MultiPoint"",""coordinates"":[]}"
168,1999-01-01T00:00:00,0.0,5hu,"{""type"":""MultiPoint"",""coordinates"":[]}"
169,1999-02-01T00:00:00,0.0,5hu,"{""type"":""MultiPoint"",""coordinates"":[]}"
170,1999-03-01T00:00:00,0.0,5hu,"{""type"":""MultiPoint"",""coordinates"":[]}"
171,1999-04-01T00:00:00,0.0,5hu,"{""type"":""MultiPoint"",""coordinates"":[]}"
172,1999-05-01T00:00:00,0.0,5hu,"{""type"":""MultiPoint"",""coordinates"":[]}"
173,1999-06-01T00:00:00,0.0,5hu,"{""type"":""MultiPoint"",""coordinates"":[]}"
174,1999-07-01T00:00:00,0.0,5hu,"{""type"":""MultiPoint"",""coordinates"":[]}"
175,1999-08-01T00:00:00,0.0,5hu,"{""type"":""MultiPoint"",""coordinates"":[]}"
176,1999-09-01T00:00:00,41.93919922156242,5hu,"{""type"":""MultiPoint"",""coordinates"":[]}"
177,1999-10-01T00:00:00,0.0,5hu,"{""type"":""MultiPoint"",""coordinates"":[]}"
178,1999-11-01T00:00:00,0.21165603802490235,5hu,"{""type"":""MultiPoint"",""coordinates"":[]}"
179,1999-12-01T00:00:00,0.0,5hu,"{""type"":""MultiPoint"",""coordinates"":[]}"
180,2000-01-01T00:00:00,0.0,5hu,"{""type"":""MultiPoint"",""coordinates"":[]}"
181,2000-02-01T00:00:00,3.0640759677413643,5hu,"{""type"":""MultiPoint"",""coordinates"":[]}"
182,2000-03-01T00:00:00,0.0,5hu,"{""type"":""MultiPoint"",""coordinates"":[]}"
183,2000-04-01T00:00:00,0.0,5hu,"{""type"":""MultiPoint"",""coordinates"":[]}"
184,2000-05-01T00:00:00,0.0,5hu,"{""type"":""MultiPoint"",""coordinates"":[]}"
185,2000-06-01T00:00:00,7.340490976513433,5hu,"{""type"":""MultiPoint"",""coordinates"":[]}"
186,2000-07-01T00:00:00,41.803715146773285,5hu,"{""type"":""MultiPoint"",""coordinates"":[]}"
187,2000-08-01T00:00:00,40.5235751656214,5hu,"{""type"":""MultiPoint"",""coordinates"":[]}"
188,2000-09-01T00:00:00,41.55021010462121,5hu,"{""type"":""MultiPoint"",""coordinates"":[]}"
189,2000-10-01T00:00:00,41.46257861573296,5hu,"{""type"":""MultiPoint"",""coordinates"":[]}"
190,2000-11-01T00:00:00,13.402044071608836,5hu,"{""type"":""MultiPoint"",""coordinates"":[]}"
191,2000-12-01T00:00:00,0.0,5hu,"{""type"":""MultiPoint"",""coordinates"":[]}"
192,2001-01-01T00:00:00,5.327110353675754,5hu,"{""type"":""MultiPoint"",""coordinates"":[]}"
193,2001-02-01T00:00:00,0.07883584127053653,5hu,"{""type"":""MultiPoint"",""coordinates"":[]}"
194,2001-03-01T00:00:00,6.2213300829307405,5hu,"{""type"":""MultiPoint"",""coordinates"":[]}"
195,2001-04-01T00:00:00,0.0031009354248046875,5hu,"{""type"":""MultiPoint"",""coordinates"":[]}"
196,2001-05-01T00:00:00,2.651477873291016,5hu,"{""type"":""MultiPoint"",""coordinates"":[]}"
197,2001-06-01T00:00:00,18.758255453542656,5hu,"{""type"":""MultiPoint"",""coordinates"":[]}"
198,2001-07-01T00:00:00,28.51349339336799,5hu,"{""type"":""MultiPoint"",""coordinates"":[]}"
199,2001-08-01T00:00:00,1.7204331478881836,5hu,"{""type"":""MultiPoint"",""coordinates"":[]}"
200,2001-09-01T00:00:00,28.021399951827462,5hu,"{""type"":""MultiPoint"",""coordinates"":[]}"
201,2001-10-01T00:00:00,0.9691552683531514,5hu,"{""type"":""MultiPoint"",""coordinates"":[]}"
202,2001-11-01T00:00:00,10.524510770676793,5hu,"{""type"":""MultiPoint"",""coordinates"":[]}"
203,2001-12-01T00:00:00,0.0,5hu,"{""type"":""MultiPoint"",""coordinates"":[]}"
204,2002-01-01T00:00:00,0.0866691008894378,5hu,"{""type"":""MultiPoint"",""coordinates"":[]}"
205,2002-02-01T00:00:00,2.7625564048926257,5hu,"{""type"":""MultiPoint"",""coordinates"":[]}"
206,2002-03-01T00:00:00,1.9780036998901367,5hu,"{""type"":""MultiPoint"",""coordinates"":[]}"
207,2002-04-01T00:00:00,5.651951990585512,5hu,"{""type"":""MultiPoint"",""coordinates"":[]}"
208,2002-05-01T00:00:00,0.0,5hu,"{""type"":""MultiPoint"",""coordinates"":[]}"
209,2002-06-01T00:00:00,19.638572436842963,5hu,"{""type"":""MultiPoint"",""coordinates"":[]}"
210,2002-07-01T00:00:00,42.796901997041374,5hu,"{""type"":""MultiPoint"",""coordinates"":[]}"
211,2002-08-01T00:00:00,40.15119309906889,5hu,"{""type"":""MultiPoint"",""coordinates"":[]}"
212,2002-09-01T00:00:00,43.554547874181196,5hu,"{""type"":""MultiPoint"",""coordinates"":[]}"
213,2002-10-01T00:00:00,12.959271898150275,5hu,"{""type"":""MultiPoint"",""coordinates"":[]}"
214,2002-11-01T00:00:00,0.3405419561533012,5hu,"{""type"":""MultiPoint"",""coordinates"":[]}"
215,2002-12-01T00:00:00,0.0,5hu,"{""type"":""MultiPoint"",""coordinates"":[]}"
216,2003-01-01T00:00:00,3.45861816361826,5hu,"{""type"":""MultiPoint"",""coordinates"":[]}"
217,2003-02-01T00:00:00,4.846482869113818,5hu,"{""type"":""MultiPoint"",""coordinates"":[]}"
218,2003-03-01T00:00:00,0.9823639326913871,5hu,"{""type"":""MultiPoint"",""coordinates"":[]}"
219,2003-04-01T00:00:00,1.7681566917731792,5hu,"{""type"":""MultiPoint"",""coordinates"":[]}"
220,2003-05-01T00:00:00,29.63369827673004,5hu,"{""type"":""MultiPoint"",""coordinates"":[]}"
221,2003-06-01T00:00:00,10.841516799456665,5hu,"{""type"":""MultiPoint"",""coordinates"":[]}"
222,2003-07-01T00:00:00,41.76485700949874,5hu,"{""type"":""MultiPoint"",""coordinates"":[]}"
223,2003-08-01T00:00:00,17.987889049581614,5hu,"{""type"":""MultiPoint"",""coordinates"":[]}"
224,2003-09-01T00:00:00,38.94676469523589,5hu,"{""type"":""MultiPoint"",""coordinates"":[]}"
225,2003-10-01T00:00:00,37.59196911319747,5hu,"{""type"":""MultiPoint"",""coordinates"":[]}"
226,2003-11-01T00:00:00,21.929623931317497,5hu,"{""type"":""MultiPoint"",""coordinates"":[]}"
227,2003-12-01T00:00:00,0.0,5hu,"{""type"":""MultiPoint"",""coordinates"":[]}"
228,2004-01-01T00:00:00,2.4622095156592274,5hu,"{""type"":""MultiPoint"",""coordinates"":[]}"
229,2004-02-01T00:00:00,1.8198741997699812,5hu,"{""type"":""MultiPoint"",""coordinates"":[]}"
230,2004-03-01T00:00:00,0.46989221881103516,5hu,"{""type"":""MultiPoint"",""coordinates"":[]}"
231,2004-04-01T00:00:00,0.08606691528320312,5hu,"{""type"":""MultiPoint"",""coordinates"":[]}"
232,2004-05-01T00:00:00,3.87994462049752,5hu,"{""type"":""MultiPoint"",""coordinates"":[]}"
233,2004-06-01T00:00:00,0.0,5hu,"{""type"":""MultiPoint"",""coordinates"":[]}"
234,2004-07-01T00:00:00,39.96409837846847,5hu,"{""type"":""MultiPoint"",""coordinates"":[]}"
235,2004-08-01T00:00:00,30.92121986120414,5hu,"{""type"":""MultiPoint"",""coordinates"":[]}"
236,2004-09-01T00:00:00,38.18392431313141,5hu,"{""type"":""MultiPoint"",""coordinates"":[]}"
237,2004-10-01T00:00:00,27.14089001186619,5hu,"{""type"":""MultiPoint"",""coordinates"":[]}"
238,2004-11-01T00:00:00,7.708708556846711,5hu,"{""type"":""MultiPoint"",""coordinates"":[]}"
239,2004-12-01T00:00:00,0.0,5hu,"{""type"":""MultiPoint"",""coordinates"":[]}"
240,2005-01-01T00:00:00,0.8150715013638365,5hu,"{""type"":""MultiPoint"",""coordinates"":[]}"
241,2005-02-01T00:00:00,4.057635147276157,5hu,"{""type"":""MultiPoint"",""coordinates"":[]}"
242,2005-03-01T00:00:00,2.6296894768121457,5hu,"{""type"":""MultiPoint"",""coordinates"":[]}"
243,2005-04-01T00:00:00,7.75270751953125E-4,5hu,"{""type"":""MultiPoint"",""coordinates"":[]}"
244,2005-05-01T00:00:00,18.39012136926724,5hu,"{""type"":""MultiPoint"",""coordinates"":[]}"
245,2005-06-01T00:00:00,26.63705680139472,5hu,"{""type"":""MultiPoint"",""coordinates"":[]}"
246,2005-07-01T00:00:00,33.94808672164379,5hu,"{""type"":""MultiPoint"",""coordinates"":[]}"
247,2005-08-01T00:00:00,32.55369998902106,5hu,"{""type"":""MultiPoint"",""coordinates"":[]}"
248,2005-09-01T00:00:00,41.9613685918859,5hu,"{""type"":""MultiPoint"",""coordinates"":[]}"
249,2005-10-01T00:00:00,14.099964816871553,5hu,"{""type"":""MultiPoint"",""coordinates"":[]}"
250,2005-11-01T00:00:00,22.285493125649364,5hu,"{""type"":""MultiPoint"",""coordinates"":[]}"
251,2005-12-01T00:00:00,0.0,5hu,"{""type"":""MultiPoint"",""coordinates"":[]}"
252,2006-01-01T00:00:00,2.204646496679687,5hu,"{""type"":""MultiPoint"",""coordinates"":[]}"
253,2006-02-01T00:00:00,1.8872421068699257,5hu,"{""type"":""MultiPoint"",""coordinates"":[]}"
254,2006-03-01T00:00:00,1.1108161366627411,5hu,"{""type"":""MultiPoint"",""coordinates"":[]}"
255,2006-04-01T00:00:00,0.09227008459472656,5hu,"{""type"":""MultiPoint"",""coordinates"":[]}"
256,2006-05-01T00:00:00,7.860929083897012,5hu,"{""type"":""MultiPoint"",""coordinates"":[]}"
257,2006-06-01T00:00:00,23.591599411016723,5hu,"{""type"":""MultiPoint"",""coordinates"":[]}"
258,2006-07-01T00:00:00,17.987937140914614,5hu,"{""type"":""MultiPoint"",""coordinates"":[]}"
259,2006-08-01T00:00:00,11.505003700119197,5hu,"{""type"":""MultiPoint"",""coordinates"":[]}"
260,2006-09-01T00:00:00,13.139786055030255,5hu,"{""type"":""MultiPoint"",""coordinates"":[]}"
261,2006-10-01T00:00:00,13.633291193353152,5hu,"{""type"":""MultiPoint"",""coordinates"":[]}"
262,2006-11-01T00:00:00,14.261396645662195,5hu,"{""type"":""MultiPoint"",""coordinates"":[]}"
263,2006-12-01T00:00:00,0.0,5hu,"{""type"":""MultiPoint"",""coordinates"":[]}"
264,2007-01-01T00:00:00,1.3319526237342987,5hu,"{""type"":""MultiPoint"",""coordinates"":[]}"
265,2007-02-01T00:00:00,5.586478207621258,5hu,"{""type"":""MultiPoint"",""coordinates"":[]}"
266,2007-03-01T00:00:00,2.616420055651377,5hu,"{""type"":""MultiPoint"",""coordinates"":[]}"
267,2007-04-01T00:00:00,0.5390639530220779,5hu,"{""type"":""MultiPoint"",""coordinates"":[]}"
268,2007-05-01T00:00:00,0.2869011123046875,5hu,"{""type"":""MultiPoint"",""coordinates"":[]}"
269,2007-06-01T00:00:00,28.654974409682094,5hu,"{""type"":""MultiPoint"",""coordinates"":[]}"
270,2007-07-01T00:00:00,34.83215430578922,5hu,"{""type"":""MultiPoint"",""coordinates"":[]}"
271,2007-08-01T00:00:00,35.870440412459786,5hu,"{""type"":""MultiPoint"",""coordinates"":[]}"
272,2007-09-01T00:00:00,37.07553262721044,5hu,"{""type"":""MultiPoint"",""coordinates"":[]}"
273,2007-10-01T00:00:00,32.10326206862338,5hu,"{""type"":""MultiPoint"",""coordinates"":[]}"
274,2007-11-01T00:00:00,11.091465537144321,5hu,"{""type"":""MultiPoint"",""coordinates"":[]}"
275,2007-12-01T00:00:00,0.0,5hu,"{""type"":""MultiPoint"",""coordinates"":[]}"
276,2008-01-01T00:00:00,0.0,5hu,"{""type"":""MultiPoint"",""coordinates"":[]}"
277,2008-02-01T00:00:00,3.8229831369691136,5hu,"{""type"":""MultiPoint"",""coordinates"":[]}"
278,2008-03-01T00:00:00,2.99111308261623,5hu,"{""type"":""MultiPoint"",""coordinates"":[]}"
279,2008-04-01T00:00:00,0.062808625,5hu,"{""type"":""MultiPoint"",""coordinates"":[]}"
280,2008-05-01T00:00:00,0.2512330161743164,5hu,"{""type"":""MultiPoint"",""coordinates"":[]}"
281,2008-06-01T00:00:00,0.11705285607910157,5hu,"{""type"":""MultiPoint"",""coordinates"":[]}"
282,2008-07-01T00:00:00,18.27970692511752,5hu,"{""type"":""MultiPoint"",""coordinates"":[]}"
283,2008-08-01T00:00:00,23.829097676596486,5hu,"{""type"":""MultiPoint"",""coordinates"":[]}"
284,2008-09-01T00:00:00,37.60519156038722,5hu,"{""type"":""MultiPoint"",""coordinates"":[]}"
285,2008-10-01T00:00:00,28.96825079363965,5hu,"{""type"":""MultiPoint"",""coordinates"":[]}"
286,2008-11-01T00:00:00,34.395677694213866,5hu,"{""type"":""MultiPoint"",""coordinates"":[]}"
287,2008-12-01T00:00:00,0.0,5hu,"{""type"":""MultiPoint"",""coordinates"":[]}"
288,2009-01-01T00:00:00,2.751258393367513,5hu,"{""type"":""MultiPoint"",""coordinates"":[]}"
289,2009-02-01T00:00:00,0.0,5hu,"{""type"":""MultiPoint"",""coordinates"":[]}"
290,2009-03-01T00:00:00,2.3028019249080884,5hu,"{""type"":""MultiPoint"",""coordinates"":[]}"
291,2009-04-01T00:00:00,0.0046514268188476565,5hu,"{""type"":""MultiPoint"",""coordinates"":[]}"
292,2009-05-01T00:00:00,0.3149784507293103,5hu,"{""type"":""MultiPoint"",""coordinates"":[]}"
293,2009-06-01T00:00:00,21.16192881241239,5hu,"{""type"":""MultiPoint"",""coordinates"":[]}"
294,2009-07-01T00:00:00,28.47753646315941,5hu,"{""type"":""MultiPoint"",""coordinates"":[]}"
295,2009-08-01T00:00:00,33.16086418715078,5hu,"{""type"":""MultiPoint"",""coordinates"":[]}"
296,2009-09-01T00:00:00,30.655165591218115,5hu,"{""type"":""MultiPoint"",""coordinates"":[]}"
297,2009-10-01T00:00:00,9.630502413223326,5hu,"{""type"":""MultiPoint"",""coordinates"":[]}"
298,2009-11-01T00:00:00,17.977715812026556,5hu,"{""type"":""MultiPoint"",""coordinates"":[]}"
299,2009-12-01T00:00:00,0.0,5hu,"{""type"":""MultiPoint"",""coordinates"":[]}"
300,2010-01-01T00:00:00,1.3174471868070716,5hu,"{""type"":""MultiPoint"",""coordinates"":[]}"
301,2010-02-01T00:00:00,3.3510495960276883,5hu,"{""type"":""MultiPoint"",""coordinates"":[]}"
302,2010-03-01T00:00:00,3.0883492132668886,5hu,"{""type"":""MultiPoint"",""coordinates"":[]}"
303,2010-04-01T00:00:00,0.0,5hu,"{""type"":""MultiPoint"",""coordinates"":[]}"
304,2010-05-01T00:00:00,0.0,5hu,"{""type"":""MultiPoint"",""coordinates"":[]}"
305,2010-06-01T00:00:00,27.239816768221505,5hu,"{""type"":""MultiPoint"",""coordinates"":[]}"
306,2010-07-01T00:00:00,43.70990174522422,5hu,"{""type"":""MultiPoint"",""coordinates"":[]}"
307,2010-08-01T00:00:00,39.66124903062313,5hu,"{""type"":""MultiPoint"",""coordinates"":[]}"
308,2010-09-01T00:00:00,43.05626547932321,5hu,"{""type"":""MultiPoint"",""coordinates"":[]}"
309,2010-10-01T00:00:00,39.65184828822835,5hu,"{""type"":""MultiPoint"",""coordinates"":[]}"
310,2010-11-01T00:00:00,0.0,5hu,"{""type"":""MultiPoint"",""coordinates"":[]}"
311,2010-12-01T00:00:00,0.0,5hu,"{""type"":""MultiPoint"",""coordinates"":[]}"
312,2011-01-01T00:00:00,7.103774882851037,5hu,"{""type"":""MultiPoint"",""coordinates"":[]}"
313,2011-02-01T00:00:00,6.247027056239948,5hu,"{""type"":""MultiPoint"",""coordinates"":[]}"
314,2011-03-01T00:00:00,1.551964348314951,5hu,"{""type"":""MultiPoint"",""coordinates"":[]}"
315,2011-04-01T00:00:00,0.0,5hu,"{""type"":""MultiPoint"",""coordinates"":[]}"
316,2011-05-01T00:00:00,0.013193441774375765,5hu,"{""type"":""MultiPoint"",""coordinates"":[]}"
317,2011-06-01T00:00:00,0.21261970219535078,5hu,"{""type"":""MultiPoint"",""coordinates"":[]}"
318,2011-07-01T00:00:00,18.009535856323243,5hu,"{""type"":""MultiPoint"",""coordinates"":[]}"
319,2011-08-01T00:00:00,22.392011596552827,5hu,"{""type"":""MultiPoint"",""coordinates"":[]}"
320,2011-09-01T00:00:00,21.23030613861084,5hu,"{""type"":""MultiPoint"",""coordinates"":[]}"
321,2011-10-01T00:00:00,0.0,5hu,"{""type"":""MultiPoint"",""coordinates"":[]}"
322,2011-11-01T00:00:00,16.262409340973974,5hu,"{""type"":""MultiPoint"",""coordinates"":[]}"
323,2011-12-01T00:00:00,0.0,5hu,"{""type"":""MultiPoint"",""coordinates"":[]}"
324,2012-01-01T00:00:00,4.1823585491845225,5hu,"{""type"":""MultiPoint"",""coordinates"":[]}"
325,2012-02-01T00:00:00,3.1593684409069582,5hu,"{""type"":""MultiPoint"",""coordinates"":[]}"
326,2012-03-01T00:00:00,3.2065604491596296,5hu,"{""type"":""MultiPoint"",""coordinates"":[]}"
327,2012-04-01T00:00:00,0.0,5hu,"{""type"":""MultiPoint"",""coordinates"":[]}"
328,2012-05-01T00:00:00,20.18993236230229,5hu,"{""type"":""MultiPoint"",""coordinates"":[]}"
329,2012-06-01T00:00:00,30.437284154259068,5hu,"{""type"":""MultiPoint"",""coordinates"":[]}"
330,2012-07-01T00:00:00,37.259165411048556,5hu,"{""type"":""MultiPoint"",""coordinates"":[]}"
331,2012-08-01T00:00:00,0.0,5hu,"{""type"":""MultiPoint"",""coordinates"":[]}"
332,2012-09-01T00:00:00,30.651222578770536,5hu,"{""type"":""MultiPoint"",""coordinates"":[]}"
333,2012-10-01T00:00:00,0.0,5hu,"{""type"":""MultiPoint"",""coordinates"":[]}"
334,2012-11-01T00:00:00,0.0,5hu,"{""type"":""MultiPoint"",""coordinates"":[]}"
335,2012-12-01T00:00:00,0.0,5hu,"{""type"":""MultiPoint"",""coordinates"":[]}"
336,2013-01-01T00:00:00,8.034209708570533,5hu,"{""type"":""MultiPoint"",""coordinates"":[]}"
337,2013-02-01T00:00:00,0.0,5hu,"{""type"":""MultiPoint"",""coordinates"":[]}"
338,2013-03-01T00:00:00,0.0,5hu,"{""type"":""MultiPoint"",""coordinates"":[]}"
339,2013-04-01T00:00:00,1.1918164637451172,5hu,"{""type"":""MultiPoint"",""coordinates"":[]}"
340,2013-05-01T00:00:00,20.341176917539105,5hu,"{""type"":""MultiPoint"",""coordinates"":[]}"
341,2013-06-01T00:00:00,33.323925721778295,5hu,"{""type"":""MultiPoint"",""coordinates"":[]}"
342,2013-07-01T00:00:00,35.43311235214174,5hu,"{""type"":""MultiPoint"",""coordinates"":[]}"
343,2013-08-01T00:00:00,32.55726860184925,5hu,"{""type"":""MultiPoint"",""coordinates"":[]}"
344,2013-09-01T00:00:00,27.153075684071496,5hu,"{""type"":""MultiPoint"",""coordinates"":[]}"
345,2013-10-01T00:00:00,28.34832548522087,5hu,"{""type"":""MultiPoint"",""coordinates"":[]}"
346,2013-11-01T00:00:00,23.22490646917102,5hu,"{""type"":""MultiPoint"",""coordinates"":[]}"
347,2013-12-01T00:00:00,0.0,5hu,"{""type"":""MultiPoint"",""coordinates"":[]}"
348,2014-01-01T00:00:00,5.062567806827082,5hu,"{""type"":""MultiPoint"",""coordinates"":[]}"
349,2014-02-01T00:00:00,0.0,5hu,"{""type"":""MultiPoint"",""coordinates"":[]}"
350,2014-03-01T00:00:00,0.5378178342304304,5hu,"{""type"":""MultiPoint"",""coordinates"":[]}"
351,2014-04-01T00:00:00,0.0,5hu,"{""type"":""MultiPoint"",""coordinates"":[]}"
352,2014-05-01T00:00:00,4.091283811869783,5hu,"{""type"":""MultiPoint"",""coordinates"":[]}"
353,2014-06-01T00:00:00,0.0,5hu,"{""type"":""MultiPoint"",""coordinates"":[]}"
354,2014-07-01T00:00:00,32.6229503004014,5hu,"{""type"":""MultiPoint"",""coordinates"":[]}"
355,2014-08-01T00:00:00,34.79401711993575,5hu,"{""type"":""MultiPoint"",""coordinates"":[]}"
356,2014-09-01T00:00:00,35.16688214139046,5hu,"{""type"":""MultiPoint"",""coordinates"":[]}"
357,2014-10-01T00:00:00,33.551913184926704,5hu,"{""type"":""MultiPoint"",""coordinates"":[]}"
358,2014-11-01T00:00:00,0.0,5hu,"{""type"":""MultiPoint"",""coordinates"":[]}"
359,2014-12-01T00:00:00,0.0,5hu,"{""type"":""MultiPoint"",""coordinates"":[]}"
360,2015-01-01T00:00:00,0.0,5hu,"{""type"":""MultiPoint"",""coordinates"":[]}"
361,2015-02-01T00:00:00,0.0,5hu,"{""type"":""MultiPoint"",""coordinates"":[]}"
362,2015-03-01T00:00:00,6.371980347756541,5hu,"{""type"":""MultiPoint"",""coordinates"":[]}"
363,2015-04-01T00:00:00,0.04185792578125,5hu,"{""type"":""MultiPoint"",""coordinates"":[]}"
364,2015-05-01T00:00:00,1.75769055657959,5hu,"{""type"":""MultiPoint"",""coordinates"":[]}"
365,2015-06-01T00:00:00,33.7175632011252,5hu,"{""type"":""MultiPoint"",""coordinates"":[]}"
366,2015-07-01T00:00:00,38.77402392596698,5hu,"{""type"":""MultiPoint"",""coordinates"":[]}"
367,2015-08-01T00:00:00,31.49348291783663,5hu,"{""type"":""MultiPoint"",""coordinates"":[]}"
368,2015-09-01T00:00:00,27.975873120064048,5hu,"{""type"":""MultiPoint"",""coordinates"":[]}"
369,2015-10-01T00:00:00,26.020461808180862,5hu,"{""type"":""MultiPoint"",""coordinates"":[]}"
370,2015-11-01T00:00:00,26.858336372194294,5hu,"{""type"":""MultiPoint"",""coordinates"":[]}"
371,2015-12-01T00:00:00,0.0,5hu,"{""type"":""MultiPoint"",""coordinates"":[]}"
372,2016-01-01T00:00:00,0.0,5hu,"{""type"":""MultiPoint"",""coordinates"":[]}"
373,2016-02-01T00:00:00,8.6563670624404,5hu,"{""type"":""MultiPoint"",""coordinates"":[]}"
374,2016-03-01T00:00:00,7.283307015271715,5hu,"{""type"":""MultiPoint"",""coordinates"":[]}"
375,2016-04-01T00:00:00,2.857542962535664,5hu,"{""type"":""MultiPoint"",""coordinates"":[]}"
376,2016-05-01T00:00:00,25.086130476561543,5hu,"{""type"":""MultiPoint"",""coordinates"":[]}"
377,2016-06-01T00:00:00,36.86096175973092,5hu,"{""type"":""MultiPoint"",""coordinates"":[]}"
378,2016-07-01T00:00:00,43.721192554644674,5hu,"{""type"":""MultiPoint"",""coordinates"":[]}"
379,2016-08-01T00:00:00,42.86777945614468,5hu,"{""type"":""MultiPoint"",""coordinates"":[]}"
380,2016-09-01T00:00:00,35.19886530186265,5hu,"{""type"":""MultiPoint"",""coordinates"":[]}"
381,2016-10-01T00:00:00,0.6708491081542969,5hu,"{""type"":""MultiPoint"",""coordinates"":[]}"
382,2016-11-01T00:00:00,25.604916299073217,5hu,"{""type"":""MultiPoint"",""coordinates"":[]}"
383,2016-12-01T00:00:00,0.0,5hu,"{""type"":""MultiPoint"",""coordinates"":[]}"
384,2017-01-01T00:00:00,0.0,5hu,"{""type"":""MultiPoint"",""coordinates"":[]}"
385,2017-02-01T00:00:00,7.465882755330883,5hu,"{""type"":""MultiPoint"",""coordinates"":[]}"
386,2017-03-01T00:00:00,0.006203706726074219,5hu,"{""type"":""MultiPoint"",""coordinates"":[]}"
387,2017-04-01T00:00:00,5.804799889635752,5hu,"{""type"":""MultiPoint"",""coordinates"":[]}"
388,2017-05-01T00:00:00,0.9024399682511871,5hu,"{""type"":""MultiPoint"",""coordinates"":[]}"
389,2017-06-01T00:00:00,10.630941465435672,5hu,"{""type"":""MultiPoint"",""coordinates"":[]}"
390,2017-07-01T00:00:00,41.86984807070073,5hu,"{""type"":""MultiPoint"",""coordinates"":[]}"
391,2017-08-01T00:00:00,34.68881755808679,5hu,"{""type"":""MultiPoint"",""coordinates"":[]}"
392,2017-09-01T00:00:00,18.315171328963455,5hu,"{""type"":""MultiPoint"",""coordinates"":[]}"
393,2017-10-01T00:00:00,34.37496050127935,5hu,"{""type"":""MultiPoint"",""coordinates"":[]}"
394,2017-11-01T00:00:00,28.796107970068125,5hu,"{""type"":""MultiPoint"",""coordinates"":[]}"
395,2017-12-01T00:00:00,0.0,5hu,"{""type"":""MultiPoint"",""coordinates"":[]}"
396,2018-01-01T00:00:00,0.0,5hu,"{""type"":""MultiPoint"",""coordinates"":[]}"
397,2018-02-01T00:00:00,8.676725292930932,5hu,"{""type"":""MultiPoint"",""coordinates"":[]}"
398,2018-03-01T00:00:00,0.10011813626756853,5hu,"{""type"":""MultiPoint"",""coordinates"":[]}"
399,2018-04-01T00:00:00,2.5419359131081976,5hu,"{""type"":""MultiPoint"",""coordinates"":[]}"
400,2018-05-01T00:00:00,0.0,5hu,"{""type"":""MultiPoint"",""coordinates"":[]}"
401,2018-06-01T00:00:00,20.35119352801825,5hu,"{""type"":""MultiPoint"",""coordinates"":[]}"
402,2018-07-01T00:00:00,31.585033492275805,5hu,"{""type"":""MultiPoint"",""coordinates"":[]}"
403,2018-08-01T00:00:00,28.932139282983865,5hu,"{""type"":""MultiPoint"",""coordinates"":[]}"
404,2018-09-01T00:00:00,22.770583320100677,5hu,"{""type"":""MultiPoint"",""coordinates"":[]}"
405,2018-10-01T00:00:00,15.427609924772613,5hu,"{""type"":""MultiPoint"",""coordinates"":[]}"
406,2018-11-01T00:00:00,20.086867681928325,5hu,"{""type"":""MultiPoint"",""coordinates"":[]}"
407,2018-12-01T00:00:00,0.0,5hu,"{""type"":""MultiPoint"",""coordinates"":[]}"
408,2019-01-01T00:00:00,0.0,5hu,"{""type"":""MultiPoint"",""coordinates"":[]}"
409,2019-02-01T00:00:00,0.0,5hu,"{""type"":""MultiPoint"",""coordinates"":[]}"
410,2019-03-01T00:00:00,5.122376245028627,5hu,"{""type"":""MultiPoint"",""coordinates"":[]}"
411,2019-04-01T00:00:00,0.8452461820520738,5hu,"{""type"":""MultiPoint"",""coordinates"":[]}"
412,2019-05-01T00:00:00,0.0,5hu,"{""type"":""MultiPoint"",""coordinates"":[]}"
413,2019-06-01T00:00:00,29.000794710462845,5hu,"{""type"":""MultiPoint"",""coordinates"":[]}"
414,2019-07-01T00:00:00,30.71305953763257,5hu,"{""type"":""MultiPoint"",""coordinates"":[]}"
415,2019-08-01T00:00:00,31.810240254816243,5hu,"{""type"":""MultiPoint"",""coordinates"":[]}"
416,2019-09-01T00:00:00,8.429511167274146,5hu,"{""type"":""MultiPoint"",""coordinates"":[]}"
417,2019-10-01T00:00:00,21.896733890433758,5hu,"{""type"":""MultiPoint"",""coordinates"":[]}"
418,2019-11-01T00:00:00,17.620754631509218,5hu,"{""type"":""MultiPoint"",""coordinates"":[]}"
419,2019-12-01T00:00:00,0.0,5hu,"{""type"":""MultiPoint"",""coordinates"":[]}"
420,2020-01-01T00:00:00,0.0,5hu,"{""type"":""MultiPoint"",""coordinates"":[]}"
421,2020-02-01T00:00:00,8.140159657266535,5hu,"{""type"":""MultiPoint"",""coordinates"":[]}"
422,2020-03-01T00:00:00,1.3587610349360448,5hu,"{""type"":""MultiPoint"",""coordinates"":[]}"
423,2020-04-01T00:00:00,2.738980120492733,5hu,"{""type"":""MultiPoint"",""coordinates"":[]}"
424,2020-05-01T00:00:00,1.0127377509021236,5hu,"{""type"":""MultiPoint"",""coordinates"":[]}"
425,2020-06-01T00:00:00,1.2959028273267559,5hu,"{""type"":""MultiPoint"",""coordinates"":[]}"
426,2020-07-01T00:00:00,39.784063990315985,5hu,"{""type"":""MultiPoint"",""coordinates"":[]}"
427,2020-08-01T00:00:00,43.89241861930246,5hu,"{""type"":""MultiPoint"",""coordinates"":[]}"
428,2020-09-01T00:00:00,40.307832300395646,5hu,"{""type"":""MultiPoint"",""coordinates"":[]}"
429,2020-10-01T00:00:00,36.57947408691571,5hu,"{""type"":""MultiPoint"",""coordinates"":[]}"
430,2020-11-01T00:00:00,0.0,5hu,"{""type"":""MultiPoint"",""coordinates"":[]}"
431,2020-12-01T00:00:00,0.0,5hu,"{""type"":""MultiPoint"",""coordinates"":[]}"
