system:index,Date,area_km2,lake,.geo
0,1985-01-01T00:00:00,0.0,tongjiahu,"{""type"":""MultiPoint"",""coordinates"":[]}"
1,1985-02-01T00:00:00,0.0,tongjiahu,"{""type"":""MultiPoint"",""coordinates"":[]}"
2,1985-03-01T00:00:00,0.0,tongjiahu,"{""type"":""MultiPoint"",""coordinates"":[]}"
3,1985-04-01T00:00:00,0.0,tongjiahu,"{""type"":""MultiPoint"",""coordinates"":[]}"
4,1985-05-01T00:00:00,0.0,tongjiahu,"{""type"":""MultiPoint"",""coordinates"":[]}"
5,1985-06-01T00:00:00,0.0,tongjiahu,"{""type"":""MultiPoint"",""coordinates"":[]}"
6,1985-07-01T00:00:00,0.0,tongjiahu,"{""type"":""MultiPoint"",""coordinates"":[]}"
7,1985-08-01T00:00:00,0.0,tongjiahu,"{""type"":""MultiPoint"",""coordinates"":[]}"
8,1985-09-01T00:00:00,0.0,tongjiahu,"{""type"":""MultiPoint"",""coordinates"":[]}"
9,1985-10-01T00:00:00,0.0,tongjiahu,"{""type"":""MultiPoint"",""coordinates"":[]}"
10,1985-11-01T00:00:00,0.0,tongjiahu,"{""type"":""MultiPoint"",""coordinates"":[]}"
11,1985-12-01T00:00:00,0.0,tongjiahu,"{""type"":""MultiPoint"",""coordinates"":[]}"
12,1986-01-01T00:00:00,0.0,tongjiahu,"{""type"":""MultiPoint"",""coordinates"":[]}"
13,1986-02-01T00:00:00,0.0,tongjiahu,"{""type"":""MultiPoint"",""coordinates"":[]}"
14,1986-03-01T00:00:00,0.0,tongjiahu,"{""type"":""MultiPoint"",""coordinates"":[]}"
15,1986-04-01T00:00:00,0.0,tongjiahu,"{""type"":""MultiPoint"",""coordinates"":[]}"
16,1986-05-01T00:00:00,0.0,tongjiahu,"{""type"":""MultiPoint"",""coordinates"":[]}"
17,1986-06-01T00:00:00,0.0,tongjiahu,"{""type"":""MultiPoint"",""coordinates"":[]}"
18,1986-07-01T00:00:00,0.0,tongjiahu,"{""type"":""MultiPoint"",""coordinates"":[]}"
19,1986-08-01T00:00:00,0.0,tongjiahu,"{""type"":""MultiPoint"",""coordinates"":[]}"
20,1986-09-01T00:00:00,0.0,tongjiahu,"{""type"":""MultiPoint"",""coordinates"":[]}"
21,1986-10-01T00:00:00,0.0,tongjiahu,"{""type"":""MultiPoint"",""coordinates"":[]}"
22,1986-11-01T00:00:00,0.0,tongjiahu,"{""type"":""MultiPoint"",""coordinates"":[]}"
23,1986-12-01T00:00:00,0.0,tongjiahu,"{""type"":""MultiPoint"",""coordinates"":[]}"
24,1987-01-01T00:00:00,0.0,tongjiahu,"{""type"":""MultiPoint"",""coordinates"":[]}"
25,1987-02-01T00:00:00,0.0,tongjiahu,"{""type"":""MultiPoint"",""coordinates"":[]}"
26,1987-03-01T00:00:00,0.0,tongjiahu,"{""type"":""MultiPoint"",""coordinates"":[]}"
27,1987-04-01T00:00:00,0.0,tongjiahu,"{""type"":""MultiPoint"",""coordinates"":[]}"
28,1987-05-01T00:00:00,0.0,tongjiahu,"{""type"":""MultiPoint"",""coordinates"":[]}"
29,1987-06-01T00:00:00,0.0,tongjiahu,"{""type"":""MultiPoint"",""coordinates"":[]}"
30,1987-07-01T00:00:00,0.0,tongjiahu,"{""type"":""MultiPoint"",""coordinates"":[]}"
31,1987-08-01T00:00:00,0.0,tongjiahu,"{""type"":""MultiPoint"",""coordinates"":[]}"
32,1987-09-01T00:00:00,11.287331227632183,tongjiahu,"{""type"":""MultiPoint"",""coordinates"":[]}"
33,1987-10-01T00:00:00,0.0,tongjiahu,"{""type"":""MultiPoint"",""coordinates"":[]}"
34,1987-11-01T00:00:00,0.0,tongjiahu,"{""type"":""MultiPoint"",""coordinates"":[]}"
35,1987-12-01T00:00:00,0.0,tongjiahu,"{""type"":""MultiPoint"",""coordinates"":[]}"
36,1988-01-01T00:00:00,0.0,tongjiahu,"{""type"":""MultiPoint"",""coordinates"":[]}"
37,1988-02-01T00:00:00,0.0,tongjiahu,"{""type"":""MultiPoint"",""coordinates"":[]}"
38,1988-03-01T00:00:00,0.0,tongjiahu,"{""type"":""MultiPoint"",""coordinates"":[]}"
39,1988-04-01T00:00:00,0.0,tongjiahu,"{""type"":""MultiPoint"",""coordinates"":[]}"
40,1988-05-01T00:00:00,0.0,tongjiahu,"{""type"":""MultiPoint"",""coordinates"":[]}"
41,1988-06-01T00:00:00,0.0,tongjiahu,"{""type"":""MultiPoint"",""coordinates"":[]}"
42,1988-07-01T00:00:00,0.0,tongjiahu,"{""type"":""MultiPoint"",""coordinates"":[]}"
43,1988-08-01T00:00:00,0.0,tongjiahu,"{""type"":""MultiPoint"",""coordinates"":[]}"
44,1988-09-01T00:00:00,0.0,tongjiahu,"{""type"":""MultiPoint"",""coordinates"":[]}"
45,1988-10-01T00:00:00,0.0,tongjiahu,"{""type"":""MultiPoint"",""coordinates"":[]}"
46,1988-11-01T00:00:00,0.0,tongjiahu,"{""type"":""MultiPoint"",""coordinates"":[]}"
47,1988-12-01T00:00:00,0.0,tongjiahu,"{""type"":""MultiPoint"",""coordinates"":[]}"
48,1989-01-01T00:00:00,0.0,tongjiahu,"{""type"":""MultiPoint"",""coordinates"":[]}"
49,1989-02-01T00:00:00,0.0,tongjiahu,"{""type"":""MultiPoint"",""coordinates"":[]}"
50,1989-03-01T00:00:00,0.0,tongjiahu,"{""type"":""MultiPoint"",""coordinates"":[]}"
51,1989-04-01T00:00:00,0.0,tongjiahu,"{""type"":""MultiPoint"",""coordinates"":[]}"
52,1989-05-01T00:00:00,0.0,tongjiahu,"{""type"":""MultiPoint"",""coordinates"":[]}"
53,1989-06-01T00:00:00,0.0,tongjiahu,"{""type"":""MultiPoint"",""coordinates"":[]}"
54,1989-07-01T00:00:00,0.0,tongjiahu,"{""type"":""MultiPoint"",""coordinates"":[]}"
55,1989-08-01T00:00:00,0.0,tongjiahu,"{""type"":""MultiPoint"",""coordinates"":[]}"
56,1989-09-01T00:00:00,0.0,tongjiahu,"{""type"":""MultiPoint"",""coordinates"":[]}"
57,1989-10-01T00:00:00,0.0,tongjiahu,"{""type"":""MultiPoint"",""coordinates"":[]}"
58,1989-11-01T00:00:00,0.0,tongjiahu,"{""type"":""MultiPoint"",""coordinates"":[]}"
59,1989-12-01T00:00:00,0.0,tongjiahu,"{""type"":""MultiPoint"",""coordinates"":[]}"
60,1990-01-01T00:00:00,0.0,tongjiahu,"{""type"":""MultiPoint"",""coordinates"":[]}"
61,1990-02-01T00:00:00,0.0,tongjiahu,"{""type"":""MultiPoint"",""coordinates"":[]}"
62,1990-03-01T00:00:00,0.0,tongjiahu,"{""type"":""MultiPoint"",""coordinates"":[]}"
63,1990-04-01T00:00:00,0.0,tongjiahu,"{""type"":""MultiPoint"",""coordinates"":[]}"
64,1990-05-01T00:00:00,0.0,tongjiahu,"{""type"":""MultiPoint"",""coordinates"":[]}"
65,1990-06-01T00:00:00,0.0,tongjiahu,"{""type"":""MultiPoint"",""coordinates"":[]}"
66,1990-07-01T00:00:00,0.0,tongjiahu,"{""type"":""MultiPoint"",""coordinates"":[]}"
67,1990-08-01T00:00:00,0.0,tongjiahu,"{""type"":""MultiPoint"",""coordinates"":[]}"
68,1990-09-01T00:00:00,12.501461505839748,tongjiahu,"{""type"":""MultiPoint"",""coordinates"":[]}"
69,1990-10-01T00:00:00,0.0,tongjiahu,"{""type"":""MultiPoint"",""coordinates"":[]}"
70,1990-11-01T00:00:00,0.0,tongjiahu,"{""type"":""MultiPoint"",""coordinates"":[]}"
71,1990-12-01T00:00:00,0.0,tongjiahu,"{""type"":""MultiPoint"",""coordinates"":[]}"
72,1991-01-01T00:00:00,0.0,tongjiahu,"{""type"":""MultiPoint"",""coordinates"":[]}"
73,1991-02-01T00:00:00,0.0,tongjiahu,"{""type"":""MultiPoint"",""coordinates"":[]}"
74,1991-03-01T00:00:00,0.0,tongjiahu,"{""type"":""MultiPoint"",""coordinates"":[]}"
75,1991-04-01T00:00:00,0.0,tongjiahu,"{""type"":""MultiPoint"",""coordinates"":[]}"
76,1991-05-01T00:00:00,0.0,tongjiahu,"{""type"":""MultiPoint"",""coordinates"":[]}"
77,1991-06-01T00:00:00,2.7990270217976887,tongjiahu,"{""type"":""MultiPoint"",""coordinates"":[]}"
78,1991-07-01T00:00:00,14.874831291504885,tongjiahu,"{""type"":""MultiPoint"",""coordinates"":[]}"
79,1991-08-01T00:00:00,0.0,tongjiahu,"{""type"":""MultiPoint"",""coordinates"":[]}"
80,1991-09-01T00:00:00,0.0,tongjiahu,"{""type"":""MultiPoint"",""coordinates"":[]}"
81,1991-10-01T00:00:00,0.0,tongjiahu,"{""type"":""MultiPoint"",""coordinates"":[]}"
82,1991-11-01T00:00:00,0.0,tongjiahu,"{""type"":""MultiPoint"",""coordinates"":[]}"
83,1991-12-01T00:00:00,0.0,tongjiahu,"{""type"":""MultiPoint"",""coordinates"":[]}"
84,1992-01-01T00:00:00,6.634573540794461,tongjiahu,"{""type"":""MultiPoint"",""coordinates"":[]}"
85,1992-02-01T00:00:00,3.8440107697674932,tongjiahu,"{""type"":""MultiPoint"",""coordinates"":[]}"
86,1992-03-01T00:00:00,0.0,tongjiahu,"{""type"":""MultiPoint"",""coordinates"":[]}"
87,1992-04-01T00:00:00,0.0,tongjiahu,"{""type"":""MultiPoint"",""coordinates"":[]}"
88,1992-05-01T00:00:00,0.0,tongjiahu,"{""type"":""MultiPoint"",""coordinates"":[]}"
89,1992-06-01T00:00:00,0.0,tongjiahu,"{""type"":""MultiPoint"",""coordinates"":[]}"
90,1992-07-01T00:00:00,0.0,tongjiahu,"{""type"":""MultiPoint"",""coordinates"":[]}"
91,1992-08-01T00:00:00,0.0,tongjiahu,"{""type"":""MultiPoint"",""coordinates"":[]}"
92,1992-09-01T00:00:00,0.0,tongjiahu,"{""type"":""MultiPoint"",""coordinates"":[]}"
93,1992-10-01T00:00:00,0.0,tongjiahu,"{""type"":""MultiPoint"",""coordinates"":[]}"
94,1992-11-01T00:00:00,0.0,tongjiahu,"{""type"":""MultiPoint"",""coordinates"":[]}"
95,1992-12-01T00:00:00,0.0,tongjiahu,"{""type"":""MultiPoint"",""coordinates"":[]}"
96,1993-01-01T00:00:00,0.0,tongjiahu,"{""type"":""MultiPoint"",""coordinates"":[]}"
97,1993-02-01T00:00:00,0.0,tongjiahu,"{""type"":""MultiPoint"",""coordinates"":[]}"
98,1993-03-01T00:00:00,0.0,tongjiahu,"{""type"":""MultiPoint"",""coordinates"":[]}"
99,1993-04-01T00:00:00,0.0,tongjiahu,"{""type"":""MultiPoint"",""coordinates"":[]}"
100,1993-05-01T00:00:00,0.0,tongjiahu,"{""type"":""MultiPoint"",""coordinates"":[]}"
101,1993-06-01T00:00:00,0.0,tongjiahu,"{""type"":""MultiPoint"",""coordinates"":[]}"
102,1993-07-01T00:00:00,0.0,tongjiahu,"{""type"":""MultiPoint"",""coordinates"":[]}"
103,1993-08-01T00:00:00,0.0,tongjiahu,"{""type"":""MultiPoint"",""coordinates"":[]}"
104,1993-09-01T00:00:00,0.0,tongjiahu,"{""type"":""MultiPoint"",""coordinates"":[]}"
105,1993-10-01T00:00:00,12.231338348194075,tongjiahu,"{""type"":""MultiPoint"",""coordinates"":[]}"
106,1993-11-01T00:00:00,0.0,tongjiahu,"{""type"":""MultiPoint"",""coordinates"":[]}"
107,1993-12-01T00:00:00,0.0,tongjiahu,"{""type"":""MultiPoint"",""coordinates"":[]}"
108,1994-01-01T00:00:00,0.0,tongjiahu,"{""type"":""MultiPoint"",""coordinates"":[]}"
109,1994-02-01T00:00:00,0.0,tongjiahu,"{""type"":""MultiPoint"",""coordinates"":[]}"
110,1994-03-01T00:00:00,0.0,tongjiahu,"{""type"":""MultiPoint"",""coordinates"":[]}"
111,1994-04-01T00:00:00,0.0,tongjiahu,"{""type"":""MultiPoint"",""coordinates"":[]}"
112,1994-05-01T00:00:00,0.0,tongjiahu,"{""type"":""MultiPoint"",""coordinates"":[]}"
113,1994-06-01T00:00:00,0.0,tongjiahu,"{""type"":""MultiPoint"",""coordinates"":[]}"
114,1994-07-01T00:00:00,0.0,tongjiahu,"{""type"":""MultiPoint"",""coordinates"":[]}"
115,1994-08-01T00:00:00,1.7675930907817767,tongjiahu,"{""type"":""MultiPoint"",""coordinates"":[]}"
116,1994-09-01T00:00:00,10.55198486575688,tongjiahu,"{""type"":""MultiPoint"",""coordinates"":[]}"
117,1994-10-01T00:00:00,0.0,tongjiahu,"{""type"":""MultiPoint"",""coordinates"":[]}"
118,1994-11-01T00:00:00,0.0,tongjiahu,"{""type"":""MultiPoint"",""coordinates"":[]}"
119,1994-12-01T00:00:00,0.0,tongjiahu,"{""type"":""MultiPoint"",""coordinates"":[]}"
120,1995-01-01T00:00:00,0.0,tongjiahu,"{""type"":""MultiPoint"",""coordinates"":[]}"
121,1995-02-01T00:00:00,0.0,tongjiahu,"{""type"":""MultiPoint"",""coordinates"":[]}"
122,1995-03-01T00:00:00,0.0,tongjiahu,"{""type"":""MultiPoint"",""coordinates"":[]}"
123,1995-04-01T00:00:00,0.17570672930597045,tongjiahu,"{""type"":""MultiPoint"",""coordinates"":[]}"
124,1995-05-01T00:00:00,3.433627170089422,tongjiahu,"{""type"":""MultiPoint"",""coordinates"":[]}"
125,1995-06-01T00:00:00,0.0,tongjiahu,"{""type"":""MultiPoint"",""coordinates"":[]}"
126,1995-07-01T00:00:00,0.0,tongjiahu,"{""type"":""MultiPoint"",""coordinates"":[]}"
127,1995-08-01T00:00:00,0.0,tongjiahu,"{""type"":""MultiPoint"",""coordinates"":[]}"
128,1995-09-01T00:00:00,0.0,tongjiahu,"{""type"":""MultiPoint"",""coordinates"":[]}"
129,1995-10-01T00:00:00,6.542436750186457,tongjiahu,"{""type"":""MultiPoint"",""coordinates"":[]}"
130,1995-11-01T00:00:00,0.0,tongjiahu,"{""type"":""MultiPoint"",""coordinates"":[]}"
131,1995-12-01T00:00:00,0.0,tongjiahu,"{""type"":""MultiPoint"",""coordinates"":[]}"
132,1996-01-01T00:00:00,0.0,tongjiahu,"{""type"":""MultiPoint"",""coordinates"":[]}"
133,1996-02-01T00:00:00,4.259290167475922,tongjiahu,"{""type"":""MultiPoint"",""coordinates"":[]}"
134,1996-03-01T00:00:00,0.0,tongjiahu,"{""type"":""MultiPoint"",""coordinates"":[]}"
135,1996-04-01T00:00:00,0.0,tongjiahu,"{""type"":""MultiPoint"",""coordinates"":[]}"
136,1996-05-01T00:00:00,0.0,tongjiahu,"{""type"":""MultiPoint"",""coordinates"":[]}"
137,1996-06-01T00:00:00,5.879097559128943,tongjiahu,"{""type"":""MultiPoint"",""coordinates"":[]}"
138,1996-07-01T00:00:00,0.0,tongjiahu,"{""type"":""MultiPoint"",""coordinates"":[]}"
139,1996-08-01T00:00:00,0.0036848056724398744,tongjiahu,"{""type"":""MultiPoint"",""coordinates"":[]}"
140,1996-09-01T00:00:00,13.139369885876247,tongjiahu,"{""type"":""MultiPoint"",""coordinates"":[]}"
141,1996-10-01T00:00:00,13.590441776299215,tongjiahu,"{""type"":""MultiPoint"",""coordinates"":[]}"
142,1996-11-01T00:00:00,0.0,tongjiahu,"{""type"":""MultiPoint"",""coordinates"":[]}"
143,1996-12-01T00:00:00,0.0,tongjiahu,"{""type"":""MultiPoint"",""coordinates"":[]}"
144,1997-01-01T00:00:00,0.0,tongjiahu,"{""type"":""MultiPoint"",""coordinates"":[]}"
145,1997-02-01T00:00:00,0.0,tongjiahu,"{""type"":""MultiPoint"",""coordinates"":[]}"
146,1997-03-01T00:00:00,0.0,tongjiahu,"{""type"":""MultiPoint"",""coordinates"":[]}"
147,1997-04-01T00:00:00,0.0,tongjiahu,"{""type"":""MultiPoint"",""coordinates"":[]}"
148,1997-05-01T00:00:00,0.0,tongjiahu,"{""type"":""MultiPoint"",""coordinates"":[]}"
149,1997-06-01T00:00:00,0.0,tongjiahu,"{""type"":""MultiPoint"",""coordinates"":[]}"
150,1997-07-01T00:00:00,0.0,tongjiahu,"{""type"":""MultiPoint"",""coordinates"":[]}"
151,1997-08-01T00:00:00,0.0,tongjiahu,"{""type"":""MultiPoint"",""coordinates"":[]}"
152,1997-09-01T00:00:00,0.0,tongjiahu,"{""type"":""MultiPoint"",""coordinates"":[]}"
153,1997-10-01T00:00:00,0.0,tongjiahu,"{""type"":""MultiPoint"",""coordinates"":[]}"
154,1997-11-01T00:00:00,0.0,tongjiahu,"{""type"":""MultiPoint"",""coordinates"":[]}"
155,1997-12-01T00:00:00,0.0,tongjiahu,"{""type"":""MultiPoint"",""coordinates"":[]}"
156,1998-01-01T00:00:00,0.0,tongjiahu,"{""type"":""MultiPoint"",""coordinates"":[]}"
157,1998-02-01T00:00:00,0.0,tongjiahu,"{""type"":""MultiPoint"",""coordinates"":[]}"
158,1998-03-01T00:00:00,0.0,tongjiahu,"{""type"":""MultiPoint"",""coordinates"":[]}"
159,1998-04-01T00:00:00,0.0,tongjiahu,"{""type"":""MultiPoint"",""coordinates"":[]}"
160,1998-05-01T00:00:00,0.0,tongjiahu,"{""type"":""MultiPoint"",""coordinates"":[]}"
161,1998-06-01T00:00:00,0.0,tongjiahu,"{""type"":""MultiPoint"",""coordinates"":[]}"
162,1998-07-01T00:00:00,0.0,tongjiahu,"{""type"":""MultiPoint"",""coordinates"":[]}"
163,1998-08-01T00:00:00,0.0,tongjiahu,"{""type"":""MultiPoint"",""coordinates"":[]}"
164,1998-09-01T00:00:00,0.0,tongjiahu,"{""type"":""MultiPoint"",""coordinates"":[]}"
165,1998-10-01T00:00:00,0.0,tongjiahu,"{""type"":""MultiPoint"",""coordinates"":[]}"
166,1998-11-01T00:00:00,0.0,tongjiahu,"{""type"":""MultiPoint"",""coordinates"":[]}"
167,1998-12-01T00:00:00,0.0,tongjiahu,"{""type"":""MultiPoint"",""coordinates"":[]}"
168,1999-01-01T00:00:00,0.0,tongjiahu,"{""type"":""MultiPoint"",""coordinates"":[]}"
169,1999-02-01T00:00:00,0.0,tongjiahu,"{""type"":""MultiPoint"",""coordinates"":[]}"
170,1999-03-01T00:00:00,0.0,tongjiahu,"{""type"":""MultiPoint"",""coordinates"":[]}"
171,1999-04-01T00:00:00,0.0,tongjiahu,"{""type"":""MultiPoint"",""coordinates"":[]}"
172,1999-05-01T00:00:00,0.0,tongjiahu,"{""type"":""MultiPoint"",""coordinates"":[]}"
173,1999-06-01T00:00:00,0.0,tongjiahu,"{""type"":""MultiPoint"",""coordinates"":[]}"
174,1999-07-01T00:00:00,0.0,tongjiahu,"{""type"":""MultiPoint"",""coordinates"":[]}"
175,1999-08-01T00:00:00,0.0,tongjiahu,"{""type"":""MultiPoint"",""coordinates"":[]}"
176,1999-09-01T00:00:00,1.5300651620911843,tongjiahu,"{""type"":""MultiPoint"",""coordinates"":[]}"
177,1999-10-01T00:00:00,0.0,tongjiahu,"{""type"":""MultiPoint"",""coordinates"":[]}"
178,1999-11-01T00:00:00,0.05568514230885225,tongjiahu,"{""type"":""MultiPoint"",""coordinates"":[]}"
179,1999-12-01T00:00:00,0.0,tongjiahu,"{""type"":""MultiPoint"",""coordinates"":[]}"
180,2000-01-01T00:00:00,0.0,tongjiahu,"{""type"":""MultiPoint"",""coordinates"":[]}"
181,2000-02-01T00:00:00,4.171211573062911,tongjiahu,"{""type"":""MultiPoint"",""coordinates"":[]}"
182,2000-03-01T00:00:00,0.0,tongjiahu,"{""type"":""MultiPoint"",""coordinates"":[]}"
183,2000-04-01T00:00:00,0.0,tongjiahu,"{""type"":""MultiPoint"",""coordinates"":[]}"
184,2000-05-01T00:00:00,0.0,tongjiahu,"{""type"":""MultiPoint"",""coordinates"":[]}"
185,2000-06-01T00:00:00,2.231600250916246,tongjiahu,"{""type"":""MultiPoint"",""coordinates"":[]}"
186,2000-07-01T00:00:00,4.2753486160919785,tongjiahu,"{""type"":""MultiPoint"",""coordinates"":[]}"
187,2000-08-01T00:00:00,2.7210395428153253,tongjiahu,"{""type"":""MultiPoint"",""coordinates"":[]}"
188,2000-09-01T00:00:00,7.690407984272793,tongjiahu,"{""type"":""MultiPoint"",""coordinates"":[]}"
189,2000-10-01T00:00:00,13.315745419913746,tongjiahu,"{""type"":""MultiPoint"",""coordinates"":[]}"
190,2000-11-01T00:00:00,11.226580549493999,tongjiahu,"{""type"":""MultiPoint"",""coordinates"":[]}"
191,2000-12-01T00:00:00,0.0,tongjiahu,"{""type"":""MultiPoint"",""coordinates"":[]}"
192,2001-01-01T00:00:00,10.694104981355558,tongjiahu,"{""type"":""MultiPoint"",""coordinates"":[]}"
193,2001-02-01T00:00:00,0.33434271104616653,tongjiahu,"{""type"":""MultiPoint"",""coordinates"":[]}"
194,2001-03-01T00:00:00,9.39505566614224,tongjiahu,"{""type"":""MultiPoint"",""coordinates"":[]}"
195,2001-04-01T00:00:00,1.0453802381096335,tongjiahu,"{""type"":""MultiPoint"",""coordinates"":[]}"
196,2001-05-01T00:00:00,1.5774703745203358,tongjiahu,"{""type"":""MultiPoint"",""coordinates"":[]}"
197,2001-06-01T00:00:00,0.010015802001953124,tongjiahu,"{""type"":""MultiPoint"",""coordinates"":[]}"
198,2001-07-01T00:00:00,5.462402674009551,tongjiahu,"{""type"":""MultiPoint"",""coordinates"":[]}"
199,2001-08-01T00:00:00,0.5895841077619964,tongjiahu,"{""type"":""MultiPoint"",""coordinates"":[]}"
200,2001-09-01T00:00:00,7.620505113874601,tongjiahu,"{""type"":""MultiPoint"",""coordinates"":[]}"
201,2001-10-01T00:00:00,4.654708733595187,tongjiahu,"{""type"":""MultiPoint"",""coordinates"":[]}"
202,2001-11-01T00:00:00,11.07991119011805,tongjiahu,"{""type"":""MultiPoint"",""coordinates"":[]}"
203,2001-12-01T00:00:00,0.0,tongjiahu,"{""type"":""MultiPoint"",""coordinates"":[]}"
204,2002-01-01T00:00:00,2.811766666580978,tongjiahu,"{""type"":""MultiPoint"",""coordinates"":[]}"
205,2002-02-01T00:00:00,1.8977250147164142,tongjiahu,"{""type"":""MultiPoint"",""coordinates"":[]}"
206,2002-03-01T00:00:00,8.490577866887588,tongjiahu,"{""type"":""MultiPoint"",""coordinates"":[]}"
207,2002-04-01T00:00:00,0.23536582933828318,tongjiahu,"{""type"":""MultiPoint"",""coordinates"":[]}"
208,2002-05-01T00:00:00,0.0,tongjiahu,"{""type"":""MultiPoint"",""coordinates"":[]}"
209,2002-06-01T00:00:00,0.04083479925537109,tongjiahu,"{""type"":""MultiPoint"",""coordinates"":[]}"
210,2002-07-01T00:00:00,6.449138331941491,tongjiahu,"{""type"":""MultiPoint"",""coordinates"":[]}"
211,2002-08-01T00:00:00,8.55786264479812,tongjiahu,"{""type"":""MultiPoint"",""coordinates"":[]}"
212,2002-09-01T00:00:00,13.79033479377944,tongjiahu,"{""type"":""MultiPoint"",""coordinates"":[]}"
213,2002-10-01T00:00:00,12.381884904779657,tongjiahu,"{""type"":""MultiPoint"",""coordinates"":[]}"
214,2002-11-01T00:00:00,10.3784112997032,tongjiahu,"{""type"":""MultiPoint"",""coordinates"":[]}"
215,2002-12-01T00:00:00,0.0,tongjiahu,"{""type"":""MultiPoint"",""coordinates"":[]}"
216,2003-01-01T00:00:00,9.221799935289091,tongjiahu,"{""type"":""MultiPoint"",""coordinates"":[]}"
217,2003-02-01T00:00:00,8.014341811381977,tongjiahu,"{""type"":""MultiPoint"",""coordinates"":[]}"
218,2003-03-01T00:00:00,0.0,tongjiahu,"{""type"":""MultiPoint"",""coordinates"":[]}"
219,2003-04-01T00:00:00,11.872502804713344,tongjiahu,"{""type"":""MultiPoint"",""coordinates"":[]}"
220,2003-05-01T00:00:00,12.366245928694902,tongjiahu,"{""type"":""MultiPoint"",""coordinates"":[]}"
221,2003-06-01T00:00:00,8.196043303272441,tongjiahu,"{""type"":""MultiPoint"",""coordinates"":[]}"
222,2003-07-01T00:00:00,11.245734651624264,tongjiahu,"{""type"":""MultiPoint"",""coordinates"":[]}"
223,2003-08-01T00:00:00,8.193850153740142,tongjiahu,"{""type"":""MultiPoint"",""coordinates"":[]}"
224,2003-09-01T00:00:00,14.081203902086456,tongjiahu,"{""type"":""MultiPoint"",""coordinates"":[]}"
225,2003-10-01T00:00:00,13.979272417193968,tongjiahu,"{""type"":""MultiPoint"",""coordinates"":[]}"
226,2003-11-01T00:00:00,12.69450557494878,tongjiahu,"{""type"":""MultiPoint"",""coordinates"":[]}"
227,2003-12-01T00:00:00,0.0,tongjiahu,"{""type"":""MultiPoint"",""coordinates"":[]}"
228,2004-01-01T00:00:00,9.692039934905885,tongjiahu,"{""type"":""MultiPoint"",""coordinates"":[]}"
229,2004-02-01T00:00:00,6.3167539709333775,tongjiahu,"{""type"":""MultiPoint"",""coordinates"":[]}"
230,2004-03-01T00:00:00,6.786751297701724,tongjiahu,"{""type"":""MultiPoint"",""coordinates"":[]}"
231,2004-04-01T00:00:00,3.0515750423583983,tongjiahu,"{""type"":""MultiPoint"",""coordinates"":[]}"
232,2004-05-01T00:00:00,5.551138084438428,tongjiahu,"{""type"":""MultiPoint"",""coordinates"":[]}"
233,2004-06-01T00:00:00,10.042025381950818,tongjiahu,"{""type"":""MultiPoint"",""coordinates"":[]}"
234,2004-07-01T00:00:00,12.709477685303467,tongjiahu,"{""type"":""MultiPoint"",""coordinates"":[]}"
235,2004-08-01T00:00:00,7.572241368005373,tongjiahu,"{""type"":""MultiPoint"",""coordinates"":[]}"
236,2004-09-01T00:00:00,13.215991862973214,tongjiahu,"{""type"":""MultiPoint"",""coordinates"":[]}"
237,2004-10-01T00:00:00,13.455341812783157,tongjiahu,"{""type"":""MultiPoint"",""coordinates"":[]}"
238,2004-11-01T00:00:00,11.200774112868366,tongjiahu,"{""type"":""MultiPoint"",""coordinates"":[]}"
239,2004-12-01T00:00:00,0.0,tongjiahu,"{""type"":""MultiPoint"",""coordinates"":[]}"
240,2005-01-01T00:00:00,9.623959936920283,tongjiahu,"{""type"":""MultiPoint"",""coordinates"":[]}"
241,2005-02-01T00:00:00,9.148842337210377,tongjiahu,"{""type"":""MultiPoint"",""coordinates"":[]}"
242,2005-03-01T00:00:00,8.96133970654823,tongjiahu,"{""type"":""MultiPoint"",""coordinates"":[]}"
243,2005-04-01T00:00:00,6.274094556108301,tongjiahu,"{""type"":""MultiPoint"",""coordinates"":[]}"
244,2005-05-01T00:00:00,9.490547465357878,tongjiahu,"{""type"":""MultiPoint"",""coordinates"":[]}"
245,2005-06-01T00:00:00,6.8332928666953885,tongjiahu,"{""type"":""MultiPoint"",""coordinates"":[]}"
246,2005-07-01T00:00:00,7.464077788890879,tongjiahu,"{""type"":""MultiPoint"",""coordinates"":[]}"
247,2005-08-01T00:00:00,8.208384562368353,tongjiahu,"{""type"":""MultiPoint"",""coordinates"":[]}"
248,2005-09-01T00:00:00,11.922571783494423,tongjiahu,"{""type"":""MultiPoint"",""coordinates"":[]}"
249,2005-10-01T00:00:00,12.588143744752655,tongjiahu,"{""type"":""MultiPoint"",""coordinates"":[]}"
250,2005-11-01T00:00:00,10.647949328716681,tongjiahu,"{""type"":""MultiPoint"",""coordinates"":[]}"
251,2005-12-01T00:00:00,0.0,tongjiahu,"{""type"":""MultiPoint"",""coordinates"":[]}"
252,2006-01-01T00:00:00,7.240571652958407,tongjiahu,"{""type"":""MultiPoint"",""coordinates"":[]}"
253,2006-02-01T00:00:00,0.7102636813086416,tongjiahu,"{""type"":""MultiPoint"",""coordinates"":[]}"
254,2006-03-01T00:00:00,9.72277357377403,tongjiahu,"{""type"":""MultiPoint"",""coordinates"":[]}"
255,2006-04-01T00:00:00,6.184705309664379,tongjiahu,"{""type"":""MultiPoint"",""coordinates"":[]}"
256,2006-05-01T00:00:00,6.879170861441816,tongjiahu,"{""type"":""MultiPoint"",""coordinates"":[]}"
257,2006-06-01T00:00:00,7.2395904316956745,tongjiahu,"{""type"":""MultiPoint"",""coordinates"":[]}"
258,2006-07-01T00:00:00,6.530603323398244,tongjiahu,"{""type"":""MultiPoint"",""coordinates"":[]}"
259,2006-08-01T00:00:00,9.201446148136636,tongjiahu,"{""type"":""MultiPoint"",""coordinates"":[]}"
260,2006-09-01T00:00:00,10.02396453339269,tongjiahu,"{""type"":""MultiPoint"",""coordinates"":[]}"
261,2006-10-01T00:00:00,9.850394941764321,tongjiahu,"{""type"":""MultiPoint"",""coordinates"":[]}"
262,2006-11-01T00:00:00,10.522873454549876,tongjiahu,"{""type"":""MultiPoint"",""coordinates"":[]}"
263,2006-12-01T00:00:00,0.0,tongjiahu,"{""type"":""MultiPoint"",""coordinates"":[]}"
264,2007-01-01T00:00:00,8.235543679158766,tongjiahu,"{""type"":""MultiPoint"",""coordinates"":[]}"
265,2007-02-01T00:00:00,8.722559999690509,tongjiahu,"{""type"":""MultiPoint"",""coordinates"":[]}"
266,2007-03-01T00:00:00,11.534749034839589,tongjiahu,"{""type"":""MultiPoint"",""coordinates"":[]}"
267,2007-04-01T00:00:00,7.256923418953692,tongjiahu,"{""type"":""MultiPoint"",""coordinates"":[]}"
268,2007-05-01T00:00:00,5.021785065348545,tongjiahu,"{""type"":""MultiPoint"",""coordinates"":[]}"
269,2007-06-01T00:00:00,6.412535300544286,tongjiahu,"{""type"":""MultiPoint"",""coordinates"":[]}"
270,2007-07-01T00:00:00,8.592620066400022,tongjiahu,"{""type"":""MultiPoint"",""coordinates"":[]}"
271,2007-08-01T00:00:00,8.308191137969128,tongjiahu,"{""type"":""MultiPoint"",""coordinates"":[]}"
272,2007-09-01T00:00:00,12.695863843967338,tongjiahu,"{""type"":""MultiPoint"",""coordinates"":[]}"
273,2007-10-01T00:00:00,12.617327511494723,tongjiahu,"{""type"":""MultiPoint"",""coordinates"":[]}"
274,2007-11-01T00:00:00,9.451033776041182,tongjiahu,"{""type"":""MultiPoint"",""coordinates"":[]}"
275,2007-12-01T00:00:00,0.0,tongjiahu,"{""type"":""MultiPoint"",""coordinates"":[]}"
276,2008-01-01T00:00:00,0.0,tongjiahu,"{""type"":""MultiPoint"",""coordinates"":[]}"
277,2008-02-01T00:00:00,9.866661028152043,tongjiahu,"{""type"":""MultiPoint"",""coordinates"":[]}"
278,2008-03-01T00:00:00,8.02592728595856,tongjiahu,"{""type"":""MultiPoint"",""coordinates"":[]}"
279,2008-04-01T00:00:00,5.9590890590248256,tongjiahu,"{""type"":""MultiPoint"",""coordinates"":[]}"
280,2008-05-01T00:00:00,8.025234526443539,tongjiahu,"{""type"":""MultiPoint"",""coordinates"":[]}"
281,2008-06-01T00:00:00,0.010787820495605468,tongjiahu,"{""type"":""MultiPoint"",""coordinates"":[]}"
282,2008-07-01T00:00:00,9.45840935731967,tongjiahu,"{""type"":""MultiPoint"",""coordinates"":[]}"
283,2008-08-01T00:00:00,9.926298601563465,tongjiahu,"{""type"":""MultiPoint"",""coordinates"":[]}"
284,2008-09-01T00:00:00,10.93872606496223,tongjiahu,"{""type"":""MultiPoint"",""coordinates"":[]}"
285,2008-10-01T00:00:00,11.660664240714521,tongjiahu,"{""type"":""MultiPoint"",""coordinates"":[]}"
286,2008-11-01T00:00:00,12.29328892487362,tongjiahu,"{""type"":""MultiPoint"",""coordinates"":[]}"
287,2008-12-01T00:00:00,0.0,tongjiahu,"{""type"":""MultiPoint"",""coordinates"":[]}"
288,2009-01-01T00:00:00,9.132968946010926,tongjiahu,"{""type"":""MultiPoint"",""coordinates"":[]}"
289,2009-02-01T00:00:00,0.45244975508458757,tongjiahu,"{""type"":""MultiPoint"",""coordinates"":[]}"
290,2009-03-01T00:00:00,11.21544024207118,tongjiahu,"{""type"":""MultiPoint"",""coordinates"":[]}"
291,2009-04-01T00:00:00,5.633036613609643,tongjiahu,"{""type"":""MultiPoint"",""coordinates"":[]}"
292,2009-05-01T00:00:00,4.5081177964242976,tongjiahu,"{""type"":""MultiPoint"",""coordinates"":[]}"
293,2009-06-01T00:00:00,7.792937450580908,tongjiahu,"{""type"":""MultiPoint"",""coordinates"":[]}"
294,2009-07-01T00:00:00,9.593750329918235,tongjiahu,"{""type"":""MultiPoint"",""coordinates"":[]}"
295,2009-08-01T00:00:00,6.791397464380117,tongjiahu,"{""type"":""MultiPoint"",""coordinates"":[]}"
296,2009-09-01T00:00:00,11.939056136567245,tongjiahu,"{""type"":""MultiPoint"",""coordinates"":[]}"
297,2009-10-01T00:00:00,2.859157933406337,tongjiahu,"{""type"":""MultiPoint"",""coordinates"":[]}"
298,2009-11-01T00:00:00,13.01871967883588,tongjiahu,"{""type"":""MultiPoint"",""coordinates"":[]}"
299,2009-12-01T00:00:00,0.0,tongjiahu,"{""type"":""MultiPoint"",""coordinates"":[]}"
300,2010-01-01T00:00:00,6.98294349249339,tongjiahu,"{""type"":""MultiPoint"",""coordinates"":[]}"
301,2010-02-01T00:00:00,6.491874915573057,tongjiahu,"{""type"":""MultiPoint"",""coordinates"":[]}"
302,2010-03-01T00:00:00,7.66177811396891,tongjiahu,"{""type"":""MultiPoint"",""coordinates"":[]}"
303,2010-04-01T00:00:00,0.0,tongjiahu,"{""type"":""MultiPoint"",""coordinates"":[]}"
304,2010-05-01T00:00:00,8.093408432402244,tongjiahu,"{""type"":""MultiPoint"",""coordinates"":[]}"
305,2010-06-01T00:00:00,5.423504952197024,tongjiahu,"{""type"":""MultiPoint"",""coordinates"":[]}"
306,2010-07-01T00:00:00,9.295900723605765,tongjiahu,"{""type"":""MultiPoint"",""coordinates"":[]}"
307,2010-08-01T00:00:00,6.015837647210571,tongjiahu,"{""type"":""MultiPoint"",""coordinates"":[]}"
308,2010-09-01T00:00:00,11.399845049378175,tongjiahu,"{""type"":""MultiPoint"",""coordinates"":[]}"
309,2010-10-01T00:00:00,12.713278498204863,tongjiahu,"{""type"":""MultiPoint"",""coordinates"":[]}"
310,2010-11-01T00:00:00,5.1493192686197915,tongjiahu,"{""type"":""MultiPoint"",""coordinates"":[]}"
311,2010-12-01T00:00:00,0.0,tongjiahu,"{""type"":""MultiPoint"",""coordinates"":[]}"
312,2011-01-01T00:00:00,10.341704345382144,tongjiahu,"{""type"":""MultiPoint"",""coordinates"":[]}"
313,2011-02-01T00:00:00,11.21131283864171,tongjiahu,"{""type"":""MultiPoint"",""coordinates"":[]}"
314,2011-03-01T00:00:00,8.44800392563165,tongjiahu,"{""type"":""MultiPoint"",""coordinates"":[]}"
315,2011-04-01T00:00:00,0.0,tongjiahu,"{""type"":""MultiPoint"",""coordinates"":[]}"
316,2011-05-01T00:00:00,0.1333260505371094,tongjiahu,"{""type"":""MultiPoint"",""coordinates"":[]}"
317,2011-06-01T00:00:00,1.1584872396577723,tongjiahu,"{""type"":""MultiPoint"",""coordinates"":[]}"
318,2011-07-01T00:00:00,9.739504587092144,tongjiahu,"{""type"":""MultiPoint"",""coordinates"":[]}"
319,2011-08-01T00:00:00,9.465231445848417,tongjiahu,"{""type"":""MultiPoint"",""coordinates"":[]}"
320,2011-09-01T00:00:00,9.739346821166041,tongjiahu,"{""type"":""MultiPoint"",""coordinates"":[]}"
321,2011-10-01T00:00:00,0.5713001867398131,tongjiahu,"{""type"":""MultiPoint"",""coordinates"":[]}"
322,2011-11-01T00:00:00,9.562771433047068,tongjiahu,"{""type"":""MultiPoint"",""coordinates"":[]}"
323,2011-12-01T00:00:00,0.0,tongjiahu,"{""type"":""MultiPoint"",""coordinates"":[]}"
324,2012-01-01T00:00:00,10.227089807125079,tongjiahu,"{""type"":""MultiPoint"",""coordinates"":[]}"
325,2012-02-01T00:00:00,9.403344380540792,tongjiahu,"{""type"":""MultiPoint"",""coordinates"":[]}"
326,2012-03-01T00:00:00,9.426538969934805,tongjiahu,"{""type"":""MultiPoint"",""coordinates"":[]}"
327,2012-04-01T00:00:00,0.0,tongjiahu,"{""type"":""MultiPoint"",""coordinates"":[]}"
328,2012-05-01T00:00:00,5.321821263038544,tongjiahu,"{""type"":""MultiPoint"",""coordinates"":[]}"
329,2012-06-01T00:00:00,6.2922237861675185,tongjiahu,"{""type"":""MultiPoint"",""coordinates"":[]}"
330,2012-07-01T00:00:00,4.252693290978524,tongjiahu,"{""type"":""MultiPoint"",""coordinates"":[]}"
331,2012-08-01T00:00:00,0.0,tongjiahu,"{""type"":""MultiPoint"",""coordinates"":[]}"
332,2012-09-01T00:00:00,9.739287922280225,tongjiahu,"{""type"":""MultiPoint"",""coordinates"":[]}"
333,2012-10-01T00:00:00,0.0,tongjiahu,"{""type"":""MultiPoint"",""coordinates"":[]}"
334,2012-11-01T00:00:00,0.0,tongjiahu,"{""type"":""MultiPoint"",""coordinates"":[]}"
335,2012-12-01T00:00:00,0.0,tongjiahu,"{""type"":""MultiPoint"",""coordinates"":[]}"
336,2013-01-01T00:00:00,9.861257924635467,tongjiahu,"{""type"":""MultiPoint"",""coordinates"":[]}"
337,2013-02-01T00:00:00,0.0,tongjiahu,"{""type"":""MultiPoint"",""coordinates"":[]}"
338,2013-03-01T00:00:00,0.0,tongjiahu,"{""type"":""MultiPoint"",""coordinates"":[]}"
339,2013-04-01T00:00:00,5.544512651157275,tongjiahu,"{""type"":""MultiPoint"",""coordinates"":[]}"
340,2013-05-01T00:00:00,7.417301395634185,tongjiahu,"{""type"":""MultiPoint"",""coordinates"":[]}"
341,2013-06-01T00:00:00,8.33900809634722,tongjiahu,"{""type"":""MultiPoint"",""coordinates"":[]}"
342,2013-07-01T00:00:00,9.3798917646166,tongjiahu,"{""type"":""MultiPoint"",""coordinates"":[]}"
343,2013-08-01T00:00:00,9.688058008617444,tongjiahu,"{""type"":""MultiPoint"",""coordinates"":[]}"
344,2013-09-01T00:00:00,10.278454916448378,tongjiahu,"{""type"":""MultiPoint"",""coordinates"":[]}"
345,2013-10-01T00:00:00,12.708710090510593,tongjiahu,"{""type"":""MultiPoint"",""coordinates"":[]}"
346,2013-11-01T00:00:00,12.483225062428676,tongjiahu,"{""type"":""MultiPoint"",""coordinates"":[]}"
347,2013-12-01T00:00:00,0.0,tongjiahu,"{""type"":""MultiPoint"",""coordinates"":[]}"
348,2014-01-01T00:00:00,9.071348524506456,tongjiahu,"{""type"":""MultiPoint"",""coordinates"":[]}"
349,2014-02-01T00:00:00,0.0,tongjiahu,"{""type"":""MultiPoint"",""coordinates"":[]}"
350,2014-03-01T00:00:00,0.0,tongjiahu,"{""type"":""MultiPoint"",""coordinates"":[]}"
351,2014-04-01T00:00:00,4.418477181470923,tongjiahu,"{""type"":""MultiPoint"",""coordinates"":[]}"
352,2014-05-01T00:00:00,5.220532248715868,tongjiahu,"{""type"":""MultiPoint"",""coordinates"":[]}"
353,2014-06-01T00:00:00,0.0,tongjiahu,"{""type"":""MultiPoint"",""coordinates"":[]}"
354,2014-07-01T00:00:00,5.625125279657818,tongjiahu,"{""type"":""MultiPoint"",""coordinates"":[]}"
355,2014-08-01T00:00:00,8.298817111081824,tongjiahu,"{""type"":""MultiPoint"",""coordinates"":[]}"
356,2014-09-01T00:00:00,6.7837977649026255,tongjiahu,"{""type"":""MultiPoint"",""coordinates"":[]}"
357,2014-10-01T00:00:00,12.369808747258931,tongjiahu,"{""type"":""MultiPoint"",""coordinates"":[]}"
358,2014-11-01T00:00:00,0.0,tongjiahu,"{""type"":""MultiPoint"",""coordinates"":[]}"
359,2014-12-01T00:00:00,0.0,tongjiahu,"{""type"":""MultiPoint"",""coordinates"":[]}"
360,2015-01-01T00:00:00,0.0,tongjiahu,"{""type"":""MultiPoint"",""coordinates"":[]}"
361,2015-02-01T00:00:00,0.0,tongjiahu,"{""type"":""MultiPoint"",""coordinates"":[]}"
362,2015-03-01T00:00:00,11.078794491894774,tongjiahu,"{""type"":""MultiPoint"",""coordinates"":[]}"
363,2015-04-01T00:00:00,10.161470387825998,tongjiahu,"{""type"":""MultiPoint"",""coordinates"":[]}"
364,2015-05-01T00:00:00,2.0301275468687767,tongjiahu,"{""type"":""MultiPoint"",""coordinates"":[]}"
365,2015-06-01T00:00:00,6.067300934762991,tongjiahu,"{""type"":""MultiPoint"",""coordinates"":[]}"
366,2015-07-01T00:00:00,9.795583848991367,tongjiahu,"{""type"":""MultiPoint"",""coordinates"":[]}"
367,2015-08-01T00:00:00,10.774711506238274,tongjiahu,"{""type"":""MultiPoint"",""coordinates"":[]}"
368,2015-09-01T00:00:00,11.024365732120295,tongjiahu,"{""type"":""MultiPoint"",""coordinates"":[]}"
369,2015-10-01T00:00:00,12.600194128121892,tongjiahu,"{""type"":""MultiPoint"",""coordinates"":[]}"
370,2015-11-01T00:00:00,13.198439657580332,tongjiahu,"{""type"":""MultiPoint"",""coordinates"":[]}"
371,2015-12-01T00:00:00,0.0,tongjiahu,"{""type"":""MultiPoint"",""coordinates"":[]}"
372,2016-01-01T00:00:00,0.0,tongjiahu,"{""type"":""MultiPoint"",""coordinates"":[]}"
373,2016-02-01T00:00:00,9.091644320041322,tongjiahu,"{""type"":""MultiPoint"",""coordinates"":[]}"
374,2016-03-01T00:00:00,10.657945977429922,tongjiahu,"{""type"":""MultiPoint"",""coordinates"":[]}"
375,2016-04-01T00:00:00,7.542439756249998,tongjiahu,"{""type"":""MultiPoint"",""coordinates"":[]}"
376,2016-05-01T00:00:00,6.164913428613758,tongjiahu,"{""type"":""MultiPoint"",""coordinates"":[]}"
377,2016-06-01T00:00:00,6.445825812099319,tongjiahu,"{""type"":""MultiPoint"",""coordinates"":[]}"
378,2016-07-01T00:00:00,15.19594580916415,tongjiahu,"{""type"":""MultiPoint"",""coordinates"":[]}"
379,2016-08-01T00:00:00,14.496399489339451,tongjiahu,"{""type"":""MultiPoint"",""coordinates"":[]}"
380,2016-09-01T00:00:00,14.43660687263017,tongjiahu,"{""type"":""MultiPoint"",""coordinates"":[]}"
381,2016-10-01T00:00:00,0.42941163971976487,tongjiahu,"{""type"":""MultiPoint"",""coordinates"":[]}"
382,2016-11-01T00:00:00,13.151503964141488,tongjiahu,"{""type"":""MultiPoint"",""coordinates"":[]}"
383,2016-12-01T00:00:00,0.0,tongjiahu,"{""type"":""MultiPoint"",""coordinates"":[]}"
384,2017-01-01T00:00:00,0.0,tongjiahu,"{""type"":""MultiPoint"",""coordinates"":[]}"
385,2017-02-01T00:00:00,9.715581515372719,tongjiahu,"{""type"":""MultiPoint"",""coordinates"":[]}"
386,2017-03-01T00:00:00,5.284817668012312,tongjiahu,"{""type"":""MultiPoint"",""coordinates"":[]}"
387,2017-04-01T00:00:00,11.209916275599575,tongjiahu,"{""type"":""MultiPoint"",""coordinates"":[]}"
388,2017-05-01T00:00:00,0.006937026123046875,tongjiahu,"{""type"":""MultiPoint"",""coordinates"":[]}"
389,2017-06-01T00:00:00,2.0392531487129957,tongjiahu,"{""type"":""MultiPoint"",""coordinates"":[]}"
390,2017-07-01T00:00:00,7.402973358247643,tongjiahu,"{""type"":""MultiPoint"",""coordinates"":[]}"
391,2017-08-01T00:00:00,7.925573038673067,tongjiahu,"{""type"":""MultiPoint"",""coordinates"":[]}"
392,2017-09-01T00:00:00,8.773022776331038,tongjiahu,"{""type"":""MultiPoint"",""coordinates"":[]}"
393,2017-10-01T00:00:00,12.978184663761638,tongjiahu,"{""type"":""MultiPoint"",""coordinates"":[]}"
394,2017-11-01T00:00:00,12.285588287975829,tongjiahu,"{""type"":""MultiPoint"",""coordinates"":[]}"
395,2017-12-01T00:00:00,0.0,tongjiahu,"{""type"":""MultiPoint"",""coordinates"":[]}"
396,2018-01-01T00:00:00,0.0,tongjiahu,"{""type"":""MultiPoint"",""coordinates"":[]}"
397,2018-02-01T00:00:00,7.558003725900206,tongjiahu,"{""type"":""MultiPoint"",""coordinates"":[]}"
398,2018-03-01T00:00:00,12.064082603921088,tongjiahu,"{""type"":""MultiPoint"",""coordinates"":[]}"
399,2018-04-01T00:00:00,8.139454596643782,tongjiahu,"{""type"":""MultiPoint"",""coordinates"":[]}"
400,2018-05-01T00:00:00,2.994843910857556,tongjiahu,"{""type"":""MultiPoint"",""coordinates"":[]}"
401,2018-06-01T00:00:00,6.101696711597157,tongjiahu,"{""type"":""MultiPoint"",""coordinates"":[]}"
402,2018-07-01T00:00:00,7.330553089620191,tongjiahu,"{""type"":""MultiPoint"",""coordinates"":[]}"
403,2018-08-01T00:00:00,8.76797929830297,tongjiahu,"{""type"":""MultiPoint"",""coordinates"":[]}"
404,2018-09-01T00:00:00,8.836718340668073,tongjiahu,"{""type"":""MultiPoint"",""coordinates"":[]}"
405,2018-10-01T00:00:00,11.304108704218134,tongjiahu,"{""type"":""MultiPoint"",""coordinates"":[]}"
406,2018-11-01T00:00:00,12.196684868903182,tongjiahu,"{""type"":""MultiPoint"",""coordinates"":[]}"
407,2018-12-01T00:00:00,0.0,tongjiahu,"{""type"":""MultiPoint"",""coordinates"":[]}"
408,2019-01-01T00:00:00,0.0,tongjiahu,"{""type"":""MultiPoint"",""coordinates"":[]}"
409,2019-02-01T00:00:00,0.026989228359327128,tongjiahu,"{""type"":""MultiPoint"",""coordinates"":[]}"
410,2019-03-01T00:00:00,13.370467846619123,tongjiahu,"{""type"":""MultiPoint"",""coordinates"":[]}"
411,2019-04-01T00:00:00,11.889841808911852,tongjiahu,"{""type"":""MultiPoint"",""coordinates"":[]}"
412,2019-05-01T00:00:00,0.0,tongjiahu,"{""type"":""MultiPoint"",""coordinates"":[]}"
413,2019-06-01T00:00:00,8.104762030019959,tongjiahu,"{""type"":""MultiPoint"",""coordinates"":[]}"
414,2019-07-01T00:00:00,2.786353606166944,tongjiahu,"{""type"":""MultiPoint"",""coordinates"":[]}"
415,2019-08-01T00:00:00,9.338055192075956,tongjiahu,"{""type"":""MultiPoint"",""coordinates"":[]}"
416,2019-09-01T00:00:00,4.209182730996282,tongjiahu,"{""type"":""MultiPoint"",""coordinates"":[]}"
417,2019-10-01T00:00:00,12.51439851481312,tongjiahu,"{""type"":""MultiPoint"",""coordinates"":[]}"
418,2019-11-01T00:00:00,13.258704949697217,tongjiahu,"{""type"":""MultiPoint"",""coordinates"":[]}"
419,2019-12-01T00:00:00,0.0,tongjiahu,"{""type"":""MultiPoint"",""coordinates"":[]}"
420,2020-01-01T00:00:00,0.0,tongjiahu,"{""type"":""MultiPoint"",""coordinates"":[]}"
421,2020-02-01T00:00:00,11.96825484500613,tongjiahu,"{""type"":""MultiPoint"",""coordinates"":[]}"
422,2020-03-01T00:00:00,9.109560486378392,tongjiahu,"{""type"":""MultiPoint"",""coordinates"":[]}"
423,2020-04-01T00:00:00,11.50612154192109,tongjiahu,"{""type"":""MultiPoint"",""coordinates"":[]}"
424,2020-05-01T00:00:00,5.520698047057145,tongjiahu,"{""type"":""MultiPoint"",""coordinates"":[]}"
425,2020-06-01T00:00:00,4.333281057627,tongjiahu,"{""type"":""MultiPoint"",""coordinates"":[]}"
426,2020-07-01T00:00:00,0.0,tongjiahu,"{""type"":""MultiPoint"",""coordinates"":[]}"
427,2020-08-01T00:00:00,12.731391021404923,tongjiahu,"{""type"":""MultiPoint"",""coordinates"":[]}"
428,2020-09-01T00:00:00,7.434029045062852,tongjiahu,"{""type"":""MultiPoint"",""coordinates"":[]}"
429,2020-10-01T00:00:00,12.828361561671128,tongjiahu,"{""type"":""MultiPoint"",""coordinates"":[]}"
430,2020-11-01T00:00:00,0.0,tongjiahu,"{""type"":""MultiPoint"",""coordinates"":[]}"
431,2020-12-01T00:00:00,0.0,tongjiahu,"{""type"":""MultiPoint"",""coordinates"":[]}"
