system:index,Date,area_km2,lake,.geo
0,1985-01-01T00:00:00,0.0,wangjiashe,"{""type"":""MultiPoint"",""coordinates"":[]}"
1,1985-02-01T00:00:00,0.0,wangjiashe,"{""type"":""MultiPoint"",""coordinates"":[]}"
2,1985-03-01T00:00:00,0.0,wangjiashe,"{""type"":""MultiPoint"",""coordinates"":[]}"
3,1985-04-01T00:00:00,0.0,wangjiashe,"{""type"":""MultiPoint"",""coordinates"":[]}"
4,1985-05-01T00:00:00,0.0,wangjiashe,"{""type"":""MultiPoint"",""coordinates"":[]}"
5,1985-06-01T00:00:00,0.0,wangjiashe,"{""type"":""MultiPoint"",""coordinates"":[]}"
6,1985-07-01T00:00:00,0.0,wangjiashe,"{""type"":""MultiPoint"",""coordinates"":[]}"
7,1985-08-01T00:00:00,0.0,wangjiashe,"{""type"":""MultiPoint"",""coordinates"":[]}"
8,1985-09-01T00:00:00,0.0,wangjiashe,"{""type"":""MultiPoint"",""coordinates"":[]}"
9,1985-10-01T00:00:00,0.0,wangjiashe,"{""type"":""MultiPoint"",""coordinates"":[]}"
10,1985-11-01T00:00:00,0.0,wangjiashe,"{""type"":""MultiPoint"",""coordinates"":[]}"
11,1985-12-01T00:00:00,0.0,wangjiashe,"{""type"":""MultiPoint"",""coordinates"":[]}"
12,1986-01-01T00:00:00,0.0,wangjiashe,"{""type"":""MultiPoint"",""coordinates"":[]}"
13,1986-02-01T00:00:00,0.0,wangjiashe,"{""type"":""MultiPoint"",""coordinates"":[]}"
14,1986-03-01T00:00:00,0.0,wangjiashe,"{""type"":""MultiPoint"",""coordinates"":[]}"
15,1986-04-01T00:00:00,0.0,wangjiashe,"{""type"":""MultiPoint"",""coordinates"":[]}"
16,1986-05-01T00:00:00,0.0,wangjiashe,"{""type"":""MultiPoint"",""coordinates"":[]}"
17,1986-06-01T00:00:00,0.0,wangjiashe,"{""type"":""MultiPoint"",""coordinates"":[]}"
18,1986-07-01T00:00:00,0.0,wangjiashe,"{""type"":""MultiPoint"",""coordinates"":[]}"
19,1986-08-01T00:00:00,0.0,wangjiashe,"{""type"":""MultiPoint"",""coordinates"":[]}"
20,1986-09-01T00:00:00,0.0,wangjiashe,"{""type"":""MultiPoint"",""coordinates"":[]}"
21,1986-10-01T00:00:00,0.0,wangjiashe,"{""type"":""MultiPoint"",""coordinates"":[]}"
22,1986-11-01T00:00:00,0.0,wangjiashe,"{""type"":""MultiPoint"",""coordinates"":[]}"
23,1986-12-01T00:00:00,0.0,wangjiashe,"{""type"":""MultiPoint"",""coordinates"":[]}"
24,1987-01-01T00:00:00,0.0,wangjiashe,"{""type"":""MultiPoint"",""coordinates"":[]}"
25,1987-02-01T00:00:00,0.0,wangjiashe,"{""type"":""MultiPoint"",""coordinates"":[]}"
26,1987-03-01T00:00:00,0.0,wangjiashe,"{""type"":""MultiPoint"",""coordinates"":[]}"
27,1987-04-01T00:00:00,0.0,wangjiashe,"{""type"":""MultiPoint"",""coordinates"":[]}"
28,1987-05-01T00:00:00,0.0,wangjiashe,"{""type"":""MultiPoint"",""coordinates"":[]}"
29,1987-06-01T00:00:00,0.0,wangjiashe,"{""type"":""MultiPoint"",""coordinates"":[]}"
30,1987-07-01T00:00:00,0.0,wangjiashe,"{""type"":""MultiPoint"",""coordinates"":[]}"
31,1987-08-01T00:00:00,0.0,wangjiashe,"{""type"":""MultiPoint"",""coordinates"":[]}"
32,1987-09-01T00:00:00,4.524604231687774,wangjiashe,"{""type"":""MultiPoint"",""coordinates"":[]}"
33,1987-10-01T00:00:00,0.0,wangjiashe,"{""type"":""MultiPoint"",""coordinates"":[]}"
34,1987-11-01T00:00:00,0.0,wangjiashe,"{""type"":""MultiPoint"",""coordinates"":[]}"
35,1987-12-01T00:00:00,0.0,wangjiashe,"{""type"":""MultiPoint"",""coordinates"":[]}"
36,1988-01-01T00:00:00,0.0,wangjiashe,"{""type"":""MultiPoint"",""coordinates"":[]}"
37,1988-02-01T00:00:00,0.0,wangjiashe,"{""type"":""MultiPoint"",""coordinates"":[]}"
38,1988-03-01T00:00:00,0.0,wangjiashe,"{""type"":""MultiPoint"",""coordinates"":[]}"
39,1988-04-01T00:00:00,0.0,wangjiashe,"{""type"":""MultiPoint"",""coordinates"":[]}"
40,1988-05-01T00:00:00,0.0,wangjiashe,"{""type"":""MultiPoint"",""coordinates"":[]}"
41,1988-06-01T00:00:00,0.0,wangjiashe,"{""type"":""MultiPoint"",""coordinates"":[]}"
42,1988-07-01T00:00:00,0.0,wangjiashe,"{""type"":""MultiPoint"",""coordinates"":[]}"
43,1988-08-01T00:00:00,0.0,wangjiashe,"{""type"":""MultiPoint"",""coordinates"":[]}"
44,1988-09-01T00:00:00,0.0,wangjiashe,"{""type"":""MultiPoint"",""coordinates"":[]}"
45,1988-10-01T00:00:00,0.0,wangjiashe,"{""type"":""MultiPoint"",""coordinates"":[]}"
46,1988-11-01T00:00:00,0.0,wangjiashe,"{""type"":""MultiPoint"",""coordinates"":[]}"
47,1988-12-01T00:00:00,0.0,wangjiashe,"{""type"":""MultiPoint"",""coordinates"":[]}"
48,1989-01-01T00:00:00,0.0,wangjiashe,"{""type"":""MultiPoint"",""coordinates"":[]}"
49,1989-02-01T00:00:00,0.0,wangjiashe,"{""type"":""MultiPoint"",""coordinates"":[]}"
50,1989-03-01T00:00:00,0.0,wangjiashe,"{""type"":""MultiPoint"",""coordinates"":[]}"
51,1989-04-01T00:00:00,0.0,wangjiashe,"{""type"":""MultiPoint"",""coordinates"":[]}"
52,1989-05-01T00:00:00,0.0,wangjiashe,"{""type"":""MultiPoint"",""coordinates"":[]}"
53,1989-06-01T00:00:00,0.0,wangjiashe,"{""type"":""MultiPoint"",""coordinates"":[]}"
54,1989-07-01T00:00:00,0.0,wangjiashe,"{""type"":""MultiPoint"",""coordinates"":[]}"
55,1989-08-01T00:00:00,0.0,wangjiashe,"{""type"":""MultiPoint"",""coordinates"":[]}"
56,1989-09-01T00:00:00,0.0,wangjiashe,"{""type"":""MultiPoint"",""coordinates"":[]}"
57,1989-10-01T00:00:00,0.0,wangjiashe,"{""type"":""MultiPoint"",""coordinates"":[]}"
58,1989-11-01T00:00:00,0.0,wangjiashe,"{""type"":""MultiPoint"",""coordinates"":[]}"
59,1989-12-01T00:00:00,0.0,wangjiashe,"{""type"":""MultiPoint"",""coordinates"":[]}"
60,1990-01-01T00:00:00,0.0,wangjiashe,"{""type"":""MultiPoint"",""coordinates"":[]}"
61,1990-02-01T00:00:00,0.0,wangjiashe,"{""type"":""MultiPoint"",""coordinates"":[]}"
62,1990-03-01T00:00:00,0.0,wangjiashe,"{""type"":""MultiPoint"",""coordinates"":[]}"
63,1990-04-01T00:00:00,0.0,wangjiashe,"{""type"":""MultiPoint"",""coordinates"":[]}"
64,1990-05-01T00:00:00,0.0,wangjiashe,"{""type"":""MultiPoint"",""coordinates"":[]}"
65,1990-06-01T00:00:00,0.0,wangjiashe,"{""type"":""MultiPoint"",""coordinates"":[]}"
66,1990-07-01T00:00:00,0.0,wangjiashe,"{""type"":""MultiPoint"",""coordinates"":[]}"
67,1990-08-01T00:00:00,0.0,wangjiashe,"{""type"":""MultiPoint"",""coordinates"":[]}"
68,1990-09-01T00:00:00,1.134430640879433,wangjiashe,"{""type"":""MultiPoint"",""coordinates"":[]}"
69,1990-10-01T00:00:00,0.0,wangjiashe,"{""type"":""MultiPoint"",""coordinates"":[]}"
70,1990-11-01T00:00:00,0.0,wangjiashe,"{""type"":""MultiPoint"",""coordinates"":[]}"
71,1990-12-01T00:00:00,0.0,wangjiashe,"{""type"":""MultiPoint"",""coordinates"":[]}"
72,1991-01-01T00:00:00,0.0,wangjiashe,"{""type"":""MultiPoint"",""coordinates"":[]}"
73,1991-02-01T00:00:00,0.0,wangjiashe,"{""type"":""MultiPoint"",""coordinates"":[]}"
74,1991-03-01T00:00:00,0.0,wangjiashe,"{""type"":""MultiPoint"",""coordinates"":[]}"
75,1991-04-01T00:00:00,0.0,wangjiashe,"{""type"":""MultiPoint"",""coordinates"":[]}"
76,1991-05-01T00:00:00,0.0,wangjiashe,"{""type"":""MultiPoint"",""coordinates"":[]}"
77,1991-06-01T00:00:00,0.0,wangjiashe,"{""type"":""MultiPoint"",""coordinates"":[]}"
78,1991-07-01T00:00:00,4.659358572489656,wangjiashe,"{""type"":""MultiPoint"",""coordinates"":[]}"
79,1991-08-01T00:00:00,0.0,wangjiashe,"{""type"":""MultiPoint"",""coordinates"":[]}"
80,1991-09-01T00:00:00,0.0,wangjiashe,"{""type"":""MultiPoint"",""coordinates"":[]}"
81,1991-10-01T00:00:00,0.0,wangjiashe,"{""type"":""MultiPoint"",""coordinates"":[]}"
82,1991-11-01T00:00:00,0.0,wangjiashe,"{""type"":""MultiPoint"",""coordinates"":[]}"
83,1991-12-01T00:00:00,0.0,wangjiashe,"{""type"":""MultiPoint"",""coordinates"":[]}"
84,1992-01-01T00:00:00,0.6481856993846219,wangjiashe,"{""type"":""MultiPoint"",""coordinates"":[]}"
85,1992-02-01T00:00:00,0.0,wangjiashe,"{""type"":""MultiPoint"",""coordinates"":[]}"
86,1992-03-01T00:00:00,0.0,wangjiashe,"{""type"":""MultiPoint"",""coordinates"":[]}"
87,1992-04-01T00:00:00,0.0,wangjiashe,"{""type"":""MultiPoint"",""coordinates"":[]}"
88,1992-05-01T00:00:00,0.0,wangjiashe,"{""type"":""MultiPoint"",""coordinates"":[]}"
89,1992-06-01T00:00:00,0.0,wangjiashe,"{""type"":""MultiPoint"",""coordinates"":[]}"
90,1992-07-01T00:00:00,0.0,wangjiashe,"{""type"":""MultiPoint"",""coordinates"":[]}"
91,1992-08-01T00:00:00,0.0,wangjiashe,"{""type"":""MultiPoint"",""coordinates"":[]}"
92,1992-09-01T00:00:00,0.0,wangjiashe,"{""type"":""MultiPoint"",""coordinates"":[]}"
93,1992-10-01T00:00:00,0.0,wangjiashe,"{""type"":""MultiPoint"",""coordinates"":[]}"
94,1992-11-01T00:00:00,0.0,wangjiashe,"{""type"":""MultiPoint"",""coordinates"":[]}"
95,1992-12-01T00:00:00,0.0,wangjiashe,"{""type"":""MultiPoint"",""coordinates"":[]}"
96,1993-01-01T00:00:00,0.0,wangjiashe,"{""type"":""MultiPoint"",""coordinates"":[]}"
97,1993-02-01T00:00:00,0.0,wangjiashe,"{""type"":""MultiPoint"",""coordinates"":[]}"
98,1993-03-01T00:00:00,0.0,wangjiashe,"{""type"":""MultiPoint"",""coordinates"":[]}"
99,1993-04-01T00:00:00,0.0,wangjiashe,"{""type"":""MultiPoint"",""coordinates"":[]}"
100,1993-05-01T00:00:00,0.0,wangjiashe,"{""type"":""MultiPoint"",""coordinates"":[]}"
101,1993-06-01T00:00:00,0.0,wangjiashe,"{""type"":""MultiPoint"",""coordinates"":[]}"
102,1993-07-01T00:00:00,0.0,wangjiashe,"{""type"":""MultiPoint"",""coordinates"":[]}"
103,1993-08-01T00:00:00,0.0,wangjiashe,"{""type"":""MultiPoint"",""coordinates"":[]}"
104,1993-09-01T00:00:00,0.0,wangjiashe,"{""type"":""MultiPoint"",""coordinates"":[]}"
105,1993-10-01T00:00:00,4.8165290642994565,wangjiashe,"{""type"":""MultiPoint"",""coordinates"":[]}"
106,1993-11-01T00:00:00,0.0,wangjiashe,"{""type"":""MultiPoint"",""coordinates"":[]}"
107,1993-12-01T00:00:00,0.0,wangjiashe,"{""type"":""MultiPoint"",""coordinates"":[]}"
108,1994-01-01T00:00:00,0.0,wangjiashe,"{""type"":""MultiPoint"",""coordinates"":[]}"
109,1994-02-01T00:00:00,0.0,wangjiashe,"{""type"":""MultiPoint"",""coordinates"":[]}"
110,1994-03-01T00:00:00,0.0,wangjiashe,"{""type"":""MultiPoint"",""coordinates"":[]}"
111,1994-04-01T00:00:00,0.0,wangjiashe,"{""type"":""MultiPoint"",""coordinates"":[]}"
112,1994-05-01T00:00:00,0.0,wangjiashe,"{""type"":""MultiPoint"",""coordinates"":[]}"
113,1994-06-01T00:00:00,0.0,wangjiashe,"{""type"":""MultiPoint"",""coordinates"":[]}"
114,1994-07-01T00:00:00,0.0,wangjiashe,"{""type"":""MultiPoint"",""coordinates"":[]}"
115,1994-08-01T00:00:00,3.187628548482019,wangjiashe,"{""type"":""MultiPoint"",""coordinates"":[]}"
116,1994-09-01T00:00:00,3.4289979179642023,wangjiashe,"{""type"":""MultiPoint"",""coordinates"":[]}"
117,1994-10-01T00:00:00,0.0,wangjiashe,"{""type"":""MultiPoint"",""coordinates"":[]}"
118,1994-11-01T00:00:00,0.0,wangjiashe,"{""type"":""MultiPoint"",""coordinates"":[]}"
119,1994-12-01T00:00:00,0.0,wangjiashe,"{""type"":""MultiPoint"",""coordinates"":[]}"
120,1995-01-01T00:00:00,0.0,wangjiashe,"{""type"":""MultiPoint"",""coordinates"":[]}"
121,1995-02-01T00:00:00,0.0,wangjiashe,"{""type"":""MultiPoint"",""coordinates"":[]}"
122,1995-03-01T00:00:00,0.0,wangjiashe,"{""type"":""MultiPoint"",""coordinates"":[]}"
123,1995-04-01T00:00:00,0.0,wangjiashe,"{""type"":""MultiPoint"",""coordinates"":[]}"
124,1995-05-01T00:00:00,0.0,wangjiashe,"{""type"":""MultiPoint"",""coordinates"":[]}"
125,1995-06-01T00:00:00,0.0,wangjiashe,"{""type"":""MultiPoint"",""coordinates"":[]}"
126,1995-07-01T00:00:00,0.0,wangjiashe,"{""type"":""MultiPoint"",""coordinates"":[]}"
127,1995-08-01T00:00:00,0.0,wangjiashe,"{""type"":""MultiPoint"",""coordinates"":[]}"
128,1995-09-01T00:00:00,0.0,wangjiashe,"{""type"":""MultiPoint"",""coordinates"":[]}"
129,1995-10-01T00:00:00,7.741661376953125E-4,wangjiashe,"{""type"":""MultiPoint"",""coordinates"":[]}"
130,1995-11-01T00:00:00,0.0,wangjiashe,"{""type"":""MultiPoint"",""coordinates"":[]}"
131,1995-12-01T00:00:00,0.0,wangjiashe,"{""type"":""MultiPoint"",""coordinates"":[]}"
132,1996-01-01T00:00:00,0.0,wangjiashe,"{""type"":""MultiPoint"",""coordinates"":[]}"
133,1996-02-01T00:00:00,0.0,wangjiashe,"{""type"":""MultiPoint"",""coordinates"":[]}"
134,1996-03-01T00:00:00,0.0,wangjiashe,"{""type"":""MultiPoint"",""coordinates"":[]}"
135,1996-04-01T00:00:00,0.0,wangjiashe,"{""type"":""MultiPoint"",""coordinates"":[]}"
136,1996-05-01T00:00:00,0.0,wangjiashe,"{""type"":""MultiPoint"",""coordinates"":[]}"
137,1996-06-01T00:00:00,5.071928433433381,wangjiashe,"{""type"":""MultiPoint"",""coordinates"":[]}"
138,1996-07-01T00:00:00,0.0,wangjiashe,"{""type"":""MultiPoint"",""coordinates"":[]}"
139,1996-08-01T00:00:00,5.494082764009364,wangjiashe,"{""type"":""MultiPoint"",""coordinates"":[]}"
140,1996-09-01T00:00:00,6.6994649045364625,wangjiashe,"{""type"":""MultiPoint"",""coordinates"":[]}"
141,1996-10-01T00:00:00,5.238736779428276,wangjiashe,"{""type"":""MultiPoint"",""coordinates"":[]}"
142,1996-11-01T00:00:00,0.0,wangjiashe,"{""type"":""MultiPoint"",""coordinates"":[]}"
143,1996-12-01T00:00:00,0.0,wangjiashe,"{""type"":""MultiPoint"",""coordinates"":[]}"
144,1997-01-01T00:00:00,0.0,wangjiashe,"{""type"":""MultiPoint"",""coordinates"":[]}"
145,1997-02-01T00:00:00,0.0,wangjiashe,"{""type"":""MultiPoint"",""coordinates"":[]}"
146,1997-03-01T00:00:00,0.0,wangjiashe,"{""type"":""MultiPoint"",""coordinates"":[]}"
147,1997-04-01T00:00:00,0.0,wangjiashe,"{""type"":""MultiPoint"",""coordinates"":[]}"
148,1997-05-01T00:00:00,0.0,wangjiashe,"{""type"":""MultiPoint"",""coordinates"":[]}"
149,1997-06-01T00:00:00,0.0,wangjiashe,"{""type"":""MultiPoint"",""coordinates"":[]}"
150,1997-07-01T00:00:00,0.0,wangjiashe,"{""type"":""MultiPoint"",""coordinates"":[]}"
151,1997-08-01T00:00:00,0.0,wangjiashe,"{""type"":""MultiPoint"",""coordinates"":[]}"
152,1997-09-01T00:00:00,0.0,wangjiashe,"{""type"":""MultiPoint"",""coordinates"":[]}"
153,1997-10-01T00:00:00,0.0,wangjiashe,"{""type"":""MultiPoint"",""coordinates"":[]}"
154,1997-11-01T00:00:00,0.0,wangjiashe,"{""type"":""MultiPoint"",""coordinates"":[]}"
155,1997-12-01T00:00:00,0.0,wangjiashe,"{""type"":""MultiPoint"",""coordinates"":[]}"
156,1998-01-01T00:00:00,0.0,wangjiashe,"{""type"":""MultiPoint"",""coordinates"":[]}"
157,1998-02-01T00:00:00,0.0,wangjiashe,"{""type"":""MultiPoint"",""coordinates"":[]}"
158,1998-03-01T00:00:00,0.0,wangjiashe,"{""type"":""MultiPoint"",""coordinates"":[]}"
159,1998-04-01T00:00:00,0.0,wangjiashe,"{""type"":""MultiPoint"",""coordinates"":[]}"
160,1998-05-01T00:00:00,0.0,wangjiashe,"{""type"":""MultiPoint"",""coordinates"":[]}"
161,1998-06-01T00:00:00,0.0,wangjiashe,"{""type"":""MultiPoint"",""coordinates"":[]}"
162,1998-07-01T00:00:00,0.0,wangjiashe,"{""type"":""MultiPoint"",""coordinates"":[]}"
163,1998-08-01T00:00:00,0.0,wangjiashe,"{""type"":""MultiPoint"",""coordinates"":[]}"
164,1998-09-01T00:00:00,0.0,wangjiashe,"{""type"":""MultiPoint"",""coordinates"":[]}"
165,1998-10-01T00:00:00,0.0,wangjiashe,"{""type"":""MultiPoint"",""coordinates"":[]}"
166,1998-11-01T00:00:00,0.0,wangjiashe,"{""type"":""MultiPoint"",""coordinates"":[]}"
167,1998-12-01T00:00:00,0.0,wangjiashe,"{""type"":""MultiPoint"",""coordinates"":[]}"
168,1999-01-01T00:00:00,0.0,wangjiashe,"{""type"":""MultiPoint"",""coordinates"":[]}"
169,1999-02-01T00:00:00,0.0,wangjiashe,"{""type"":""MultiPoint"",""coordinates"":[]}"
170,1999-03-01T00:00:00,0.0,wangjiashe,"{""type"":""MultiPoint"",""coordinates"":[]}"
171,1999-04-01T00:00:00,0.0,wangjiashe,"{""type"":""MultiPoint"",""coordinates"":[]}"
172,1999-05-01T00:00:00,0.0,wangjiashe,"{""type"":""MultiPoint"",""coordinates"":[]}"
173,1999-06-01T00:00:00,0.0,wangjiashe,"{""type"":""MultiPoint"",""coordinates"":[]}"
174,1999-07-01T00:00:00,0.0,wangjiashe,"{""type"":""MultiPoint"",""coordinates"":[]}"
175,1999-08-01T00:00:00,0.0,wangjiashe,"{""type"":""MultiPoint"",""coordinates"":[]}"
176,1999-09-01T00:00:00,2.002416654237755,wangjiashe,"{""type"":""MultiPoint"",""coordinates"":[]}"
177,1999-10-01T00:00:00,0.0,wangjiashe,"{""type"":""MultiPoint"",""coordinates"":[]}"
178,1999-11-01T00:00:00,0.0,wangjiashe,"{""type"":""MultiPoint"",""coordinates"":[]}"
179,1999-12-01T00:00:00,0.0,wangjiashe,"{""type"":""MultiPoint"",""coordinates"":[]}"
180,2000-01-01T00:00:00,0.0,wangjiashe,"{""type"":""MultiPoint"",""coordinates"":[]}"
181,2000-02-01T00:00:00,7.74191162109375E-4,wangjiashe,"{""type"":""MultiPoint"",""coordinates"":[]}"
182,2000-03-01T00:00:00,0.0,wangjiashe,"{""type"":""MultiPoint"",""coordinates"":[]}"
183,2000-04-01T00:00:00,0.0,wangjiashe,"{""type"":""MultiPoint"",""coordinates"":[]}"
184,2000-05-01T00:00:00,0.0,wangjiashe,"{""type"":""MultiPoint"",""coordinates"":[]}"
185,2000-06-01T00:00:00,0.0,wangjiashe,"{""type"":""MultiPoint"",""coordinates"":[]}"
186,2000-07-01T00:00:00,5.200531524499508,wangjiashe,"{""type"":""MultiPoint"",""coordinates"":[]}"
187,2000-08-01T00:00:00,3.2713750707354396,wangjiashe,"{""type"":""MultiPoint"",""coordinates"":[]}"
188,2000-09-01T00:00:00,5.728821178677666,wangjiashe,"{""type"":""MultiPoint"",""coordinates"":[]}"
189,2000-10-01T00:00:00,6.121667463088567,wangjiashe,"{""type"":""MultiPoint"",""coordinates"":[]}"
190,2000-11-01T00:00:00,0.0,wangjiashe,"{""type"":""MultiPoint"",""coordinates"":[]}"
191,2000-12-01T00:00:00,0.0,wangjiashe,"{""type"":""MultiPoint"",""coordinates"":[]}"
192,2001-01-01T00:00:00,0.018952684042777265,wangjiashe,"{""type"":""MultiPoint"",""coordinates"":[]}"
193,2001-02-01T00:00:00,0.0,wangjiashe,"{""type"":""MultiPoint"",""coordinates"":[]}"
194,2001-03-01T00:00:00,0.0,wangjiashe,"{""type"":""MultiPoint"",""coordinates"":[]}"
195,2001-04-01T00:00:00,0.0,wangjiashe,"{""type"":""MultiPoint"",""coordinates"":[]}"
196,2001-05-01T00:00:00,0.0,wangjiashe,"{""type"":""MultiPoint"",""coordinates"":[]}"
197,2001-06-01T00:00:00,4.830290825303257,wangjiashe,"{""type"":""MultiPoint"",""coordinates"":[]}"
198,2001-07-01T00:00:00,4.896760983246206,wangjiashe,"{""type"":""MultiPoint"",""coordinates"":[]}"
199,2001-08-01T00:00:00,0.02838566296985103,wangjiashe,"{""type"":""MultiPoint"",""coordinates"":[]}"
200,2001-09-01T00:00:00,4.944781644128893,wangjiashe,"{""type"":""MultiPoint"",""coordinates"":[]}"
201,2001-10-01T00:00:00,1.0352205085982973,wangjiashe,"{""type"":""MultiPoint"",""coordinates"":[]}"
202,2001-11-01T00:00:00,0.09660385256443396,wangjiashe,"{""type"":""MultiPoint"",""coordinates"":[]}"
203,2001-12-01T00:00:00,0.0,wangjiashe,"{""type"":""MultiPoint"",""coordinates"":[]}"
204,2002-01-01T00:00:00,0.0,wangjiashe,"{""type"":""MultiPoint"",""coordinates"":[]}"
205,2002-02-01T00:00:00,0.0,wangjiashe,"{""type"":""MultiPoint"",""coordinates"":[]}"
206,2002-03-01T00:00:00,0.0,wangjiashe,"{""type"":""MultiPoint"",""coordinates"":[]}"
207,2002-04-01T00:00:00,1.4514465152188178,wangjiashe,"{""type"":""MultiPoint"",""coordinates"":[]}"
208,2002-05-01T00:00:00,0.0,wangjiashe,"{""type"":""MultiPoint"",""coordinates"":[]}"
209,2002-06-01T00:00:00,0.7067210672748638,wangjiashe,"{""type"":""MultiPoint"",""coordinates"":[]}"
210,2002-07-01T00:00:00,6.2094855694879225,wangjiashe,"{""type"":""MultiPoint"",""coordinates"":[]}"
211,2002-08-01T00:00:00,6.177373518262912,wangjiashe,"{""type"":""MultiPoint"",""coordinates"":[]}"
212,2002-09-01T00:00:00,6.441509803114702,wangjiashe,"{""type"":""MultiPoint"",""coordinates"":[]}"
213,2002-10-01T00:00:00,4.4332964175652005,wangjiashe,"{""type"":""MultiPoint"",""coordinates"":[]}"
214,2002-11-01T00:00:00,0.0,wangjiashe,"{""type"":""MultiPoint"",""coordinates"":[]}"
215,2002-12-01T00:00:00,0.0,wangjiashe,"{""type"":""MultiPoint"",""coordinates"":[]}"
216,2003-01-01T00:00:00,0.03800101975193398,wangjiashe,"{""type"":""MultiPoint"",""coordinates"":[]}"
217,2003-02-01T00:00:00,0.01774777055687998,wangjiashe,"{""type"":""MultiPoint"",""coordinates"":[]}"
218,2003-03-01T00:00:00,0.0,wangjiashe,"{""type"":""MultiPoint"",""coordinates"":[]}"
219,2003-04-01T00:00:00,0.03793297375488281,wangjiashe,"{""type"":""MultiPoint"",""coordinates"":[]}"
220,2003-05-01T00:00:00,4.211907517777505,wangjiashe,"{""type"":""MultiPoint"",""coordinates"":[]}"
221,2003-06-01T00:00:00,1.3068101294067387,wangjiashe,"{""type"":""MultiPoint"",""coordinates"":[]}"
222,2003-07-01T00:00:00,6.345218144635844,wangjiashe,"{""type"":""MultiPoint"",""coordinates"":[]}"
223,2003-08-01T00:00:00,6.44771538663784,wangjiashe,"{""type"":""MultiPoint"",""coordinates"":[]}"
224,2003-09-01T00:00:00,6.877649742627907,wangjiashe,"{""type"":""MultiPoint"",""coordinates"":[]}"
225,2003-10-01T00:00:00,6.729334348910218,wangjiashe,"{""type"":""MultiPoint"",""coordinates"":[]}"
226,2003-11-01T00:00:00,4.123529706006578,wangjiashe,"{""type"":""MultiPoint"",""coordinates"":[]}"
227,2003-12-01T00:00:00,0.0,wangjiashe,"{""type"":""MultiPoint"",""coordinates"":[]}"
228,2004-01-01T00:00:00,0.5989287396855373,wangjiashe,"{""type"":""MultiPoint"",""coordinates"":[]}"
229,2004-02-01T00:00:00,0.16014902997663907,wangjiashe,"{""type"":""MultiPoint"",""coordinates"":[]}"
230,2004-03-01T00:00:00,0.2833395106201172,wangjiashe,"{""type"":""MultiPoint"",""coordinates"":[]}"
231,2004-04-01T00:00:00,0.0,wangjiashe,"{""type"":""MultiPoint"",""coordinates"":[]}"
232,2004-05-01T00:00:00,0.010736142673627068,wangjiashe,"{""type"":""MultiPoint"",""coordinates"":[]}"
233,2004-06-01T00:00:00,0.0,wangjiashe,"{""type"":""MultiPoint"",""coordinates"":[]}"
234,2004-07-01T00:00:00,5.183310583288813,wangjiashe,"{""type"":""MultiPoint"",""coordinates"":[]}"
235,2004-08-01T00:00:00,4.798839341150381,wangjiashe,"{""type"":""MultiPoint"",""coordinates"":[]}"
236,2004-09-01T00:00:00,6.835112469754085,wangjiashe,"{""type"":""MultiPoint"",""coordinates"":[]}"
237,2004-10-01T00:00:00,6.763752469689935,wangjiashe,"{""type"":""MultiPoint"",""coordinates"":[]}"
238,2004-11-01T00:00:00,5.952462682114545,wangjiashe,"{""type"":""MultiPoint"",""coordinates"":[]}"
239,2004-12-01T00:00:00,0.0,wangjiashe,"{""type"":""MultiPoint"",""coordinates"":[]}"
240,2005-01-01T00:00:00,0.29267978515289905,wangjiashe,"{""type"":""MultiPoint"",""coordinates"":[]}"
241,2005-02-01T00:00:00,2.35176869280934,wangjiashe,"{""type"":""MultiPoint"",""coordinates"":[]}"
242,2005-03-01T00:00:00,1.978698392308134,wangjiashe,"{""type"":""MultiPoint"",""coordinates"":[]}"
243,2005-04-01T00:00:00,0.0,wangjiashe,"{""type"":""MultiPoint"",""coordinates"":[]}"
244,2005-05-01T00:00:00,0.17728409857560704,wangjiashe,"{""type"":""MultiPoint"",""coordinates"":[]}"
245,2005-06-01T00:00:00,1.1326464621467136,wangjiashe,"{""type"":""MultiPoint"",""coordinates"":[]}"
246,2005-07-01T00:00:00,1.3741314297506895,wangjiashe,"{""type"":""MultiPoint"",""coordinates"":[]}"
247,2005-08-01T00:00:00,4.577933277692723,wangjiashe,"{""type"":""MultiPoint"",""coordinates"":[]}"
248,2005-09-01T00:00:00,6.501436753715957,wangjiashe,"{""type"":""MultiPoint"",""coordinates"":[]}"
249,2005-10-01T00:00:00,0.7388373235107419,wangjiashe,"{""type"":""MultiPoint"",""coordinates"":[]}"
250,2005-11-01T00:00:00,5.575367475169699,wangjiashe,"{""type"":""MultiPoint"",""coordinates"":[]}"
251,2005-12-01T00:00:00,0.0,wangjiashe,"{""type"":""MultiPoint"",""coordinates"":[]}"
252,2006-01-01T00:00:00,0.04735750746878829,wangjiashe,"{""type"":""MultiPoint"",""coordinates"":[]}"
253,2006-02-01T00:00:00,0.8361015053169999,wangjiashe,"{""type"":""MultiPoint"",""coordinates"":[]}"
254,2006-03-01T00:00:00,1.0969538776245118,wangjiashe,"{""type"":""MultiPoint"",""coordinates"":[]}"
255,2006-04-01T00:00:00,0.0,wangjiashe,"{""type"":""MultiPoint"",""coordinates"":[]}"
256,2006-05-01T00:00:00,0.09132119244911345,wangjiashe,"{""type"":""MultiPoint"",""coordinates"":[]}"
257,2006-06-01T00:00:00,2.3551749622134963,wangjiashe,"{""type"":""MultiPoint"",""coordinates"":[]}"
258,2006-07-01T00:00:00,0.09248815443187042,wangjiashe,"{""type"":""MultiPoint"",""coordinates"":[]}"
259,2006-08-01T00:00:00,3.306141281784718,wangjiashe,"{""type"":""MultiPoint"",""coordinates"":[]}"
260,2006-09-01T00:00:00,4.477808706776333,wangjiashe,"{""type"":""MultiPoint"",""coordinates"":[]}"
261,2006-10-01T00:00:00,4.639832062619192,wangjiashe,"{""type"":""MultiPoint"",""coordinates"":[]}"
262,2006-11-01T00:00:00,5.165677313567036,wangjiashe,"{""type"":""MultiPoint"",""coordinates"":[]}"
263,2006-12-01T00:00:00,0.0,wangjiashe,"{""type"":""MultiPoint"",""coordinates"":[]}"
264,2007-01-01T00:00:00,0.8770889359336702,wangjiashe,"{""type"":""MultiPoint"",""coordinates"":[]}"
265,2007-02-01T00:00:00,1.2486220829462988,wangjiashe,"{""type"":""MultiPoint"",""coordinates"":[]}"
266,2007-03-01T00:00:00,1.4259126876220702,wangjiashe,"{""type"":""MultiPoint"",""coordinates"":[]}"
267,2007-04-01T00:00:00,0.07585404528808594,wangjiashe,"{""type"":""MultiPoint"",""coordinates"":[]}"
268,2007-05-01T00:00:00,0.0015480584716796874,wangjiashe,"{""type"":""MultiPoint"",""coordinates"":[]}"
269,2007-06-01T00:00:00,3.8378753724611783,wangjiashe,"{""type"":""MultiPoint"",""coordinates"":[]}"
270,2007-07-01T00:00:00,0.10929020193756699,wangjiashe,"{""type"":""MultiPoint"",""coordinates"":[]}"
271,2007-08-01T00:00:00,1.9423605174168004,wangjiashe,"{""type"":""MultiPoint"",""coordinates"":[]}"
272,2007-09-01T00:00:00,6.119799995838354,wangjiashe,"{""type"":""MultiPoint"",""coordinates"":[]}"
273,2007-10-01T00:00:00,2.076927579586493,wangjiashe,"{""type"":""MultiPoint"",""coordinates"":[]}"
274,2007-11-01T00:00:00,2.4200916580295937,wangjiashe,"{""type"":""MultiPoint"",""coordinates"":[]}"
275,2007-12-01T00:00:00,0.0,wangjiashe,"{""type"":""MultiPoint"",""coordinates"":[]}"
276,2008-01-01T00:00:00,0.0,wangjiashe,"{""type"":""MultiPoint"",""coordinates"":[]}"
277,2008-02-01T00:00:00,1.9956538952110143,wangjiashe,"{""type"":""MultiPoint"",""coordinates"":[]}"
278,2008-03-01T00:00:00,1.4646567215576172,wangjiashe,"{""type"":""MultiPoint"",""coordinates"":[]}"
279,2008-04-01T00:00:00,0.0,wangjiashe,"{""type"":""MultiPoint"",""coordinates"":[]}"
280,2008-05-01T00:00:00,0.0,wangjiashe,"{""type"":""MultiPoint"",""coordinates"":[]}"
281,2008-06-01T00:00:00,0.0,wangjiashe,"{""type"":""MultiPoint"",""coordinates"":[]}"
282,2008-07-01T00:00:00,2.257326907547056,wangjiashe,"{""type"":""MultiPoint"",""coordinates"":[]}"
283,2008-08-01T00:00:00,4.7130014651989445,wangjiashe,"{""type"":""MultiPoint"",""coordinates"":[]}"
284,2008-09-01T00:00:00,5.46242333874464,wangjiashe,"{""type"":""MultiPoint"",""coordinates"":[]}"
285,2008-10-01T00:00:00,5.458082788359039,wangjiashe,"{""type"":""MultiPoint"",""coordinates"":[]}"
286,2008-11-01T00:00:00,6.480391119655948,wangjiashe,"{""type"":""MultiPoint"",""coordinates"":[]}"
287,2008-12-01T00:00:00,0.0,wangjiashe,"{""type"":""MultiPoint"",""coordinates"":[]}"
288,2009-01-01T00:00:00,0.11739520048253678,wangjiashe,"{""type"":""MultiPoint"",""coordinates"":[]}"
289,2009-02-01T00:00:00,0.08762585612721162,wangjiashe,"{""type"":""MultiPoint"",""coordinates"":[]}"
290,2009-03-01T00:00:00,1.705848496469535,wangjiashe,"{""type"":""MultiPoint"",""coordinates"":[]}"
291,2009-04-01T00:00:00,0.0,wangjiashe,"{""type"":""MultiPoint"",""coordinates"":[]}"
292,2009-05-01T00:00:00,0.0479893765258789,wangjiashe,"{""type"":""MultiPoint"",""coordinates"":[]}"
293,2009-06-01T00:00:00,0.40648645022307756,wangjiashe,"{""type"":""MultiPoint"",""coordinates"":[]}"
294,2009-07-01T00:00:00,3.4563749198404934,wangjiashe,"{""type"":""MultiPoint"",""coordinates"":[]}"
295,2009-08-01T00:00:00,4.044057302548398,wangjiashe,"{""type"":""MultiPoint"",""coordinates"":[]}"
296,2009-09-01T00:00:00,3.907596384170352,wangjiashe,"{""type"":""MultiPoint"",""coordinates"":[]}"
297,2009-10-01T00:00:00,0.0,wangjiashe,"{""type"":""MultiPoint"",""coordinates"":[]}"
298,2009-11-01T00:00:00,4.44561397046808,wangjiashe,"{""type"":""MultiPoint"",""coordinates"":[]}"
299,2009-12-01T00:00:00,0.0,wangjiashe,"{""type"":""MultiPoint"",""coordinates"":[]}"
300,2010-01-01T00:00:00,0.017029602783203125,wangjiashe,"{""type"":""MultiPoint"",""coordinates"":[]}"
301,2010-02-01T00:00:00,0.9970704842737533,wangjiashe,"{""type"":""MultiPoint"",""coordinates"":[]}"
302,2010-03-01T00:00:00,0.812074244934082,wangjiashe,"{""type"":""MultiPoint"",""coordinates"":[]}"
303,2010-04-01T00:00:00,0.0,wangjiashe,"{""type"":""MultiPoint"",""coordinates"":[]}"
304,2010-05-01T00:00:00,0.0,wangjiashe,"{""type"":""MultiPoint"",""coordinates"":[]}"
305,2010-06-01T00:00:00,0.15969058085650276,wangjiashe,"{""type"":""MultiPoint"",""coordinates"":[]}"
306,2010-07-01T00:00:00,6.8437619968165935,wangjiashe,"{""type"":""MultiPoint"",""coordinates"":[]}"
307,2010-08-01T00:00:00,6.45024497816138,wangjiashe,"{""type"":""MultiPoint"",""coordinates"":[]}"
308,2010-09-01T00:00:00,6.873149428460332,wangjiashe,"{""type"":""MultiPoint"",""coordinates"":[]}"
309,2010-10-01T00:00:00,6.850143697398225,wangjiashe,"{""type"":""MultiPoint"",""coordinates"":[]}"
310,2010-11-01T00:00:00,0.007741763427734375,wangjiashe,"{""type"":""MultiPoint"",""coordinates"":[]}"
311,2010-12-01T00:00:00,0.0,wangjiashe,"{""type"":""MultiPoint"",""coordinates"":[]}"
312,2011-01-01T00:00:00,3.1426072382144694,wangjiashe,"{""type"":""MultiPoint"",""coordinates"":[]}"
313,2011-02-01T00:00:00,1.247457871732824,wangjiashe,"{""type"":""MultiPoint"",""coordinates"":[]}"
314,2011-03-01T00:00:00,0.5449828148803711,wangjiashe,"{""type"":""MultiPoint"",""coordinates"":[]}"
315,2011-04-01T00:00:00,0.0,wangjiashe,"{""type"":""MultiPoint"",""coordinates"":[]}"
316,2011-05-01T00:00:00,0.0,wangjiashe,"{""type"":""MultiPoint"",""coordinates"":[]}"
317,2011-06-01T00:00:00,0.0,wangjiashe,"{""type"":""MultiPoint"",""coordinates"":[]}"
318,2011-07-01T00:00:00,0.1617888688354492,wangjiashe,"{""type"":""MultiPoint"",""coordinates"":[]}"
319,2011-08-01T00:00:00,6.184095606256695,wangjiashe,"{""type"":""MultiPoint"",""coordinates"":[]}"
320,2011-09-01T00:00:00,4.130521221599264,wangjiashe,"{""type"":""MultiPoint"",""coordinates"":[]}"
321,2011-10-01T00:00:00,2.3394466732788084,wangjiashe,"{""type"":""MultiPoint"",""coordinates"":[]}"
322,2011-11-01T00:00:00,6.110624885961196,wangjiashe,"{""type"":""MultiPoint"",""coordinates"":[]}"
323,2011-12-01T00:00:00,0.0,wangjiashe,"{""type"":""MultiPoint"",""coordinates"":[]}"
324,2012-01-01T00:00:00,4.7574109242884015,wangjiashe,"{""type"":""MultiPoint"",""coordinates"":[]}"
325,2012-02-01T00:00:00,4.643184854979032,wangjiashe,"{""type"":""MultiPoint"",""coordinates"":[]}"
326,2012-03-01T00:00:00,5.3265148450453825,wangjiashe,"{""type"":""MultiPoint"",""coordinates"":[]}"
327,2012-04-01T00:00:00,0.0,wangjiashe,"{""type"":""MultiPoint"",""coordinates"":[]}"
328,2012-05-01T00:00:00,5.703682089142441,wangjiashe,"{""type"":""MultiPoint"",""coordinates"":[]}"
329,2012-06-01T00:00:00,4.712266830099668,wangjiashe,"{""type"":""MultiPoint"",""coordinates"":[]}"
330,2012-07-01T00:00:00,6.826934848863785,wangjiashe,"{""type"":""MultiPoint"",""coordinates"":[]}"
331,2012-08-01T00:00:00,0.0,wangjiashe,"{""type"":""MultiPoint"",""coordinates"":[]}"
332,2012-09-01T00:00:00,0.0,wangjiashe,"{""type"":""MultiPoint"",""coordinates"":[]}"
333,2012-10-01T00:00:00,0.0,wangjiashe,"{""type"":""MultiPoint"",""coordinates"":[]}"
334,2012-11-01T00:00:00,0.0,wangjiashe,"{""type"":""MultiPoint"",""coordinates"":[]}"
335,2012-12-01T00:00:00,0.0,wangjiashe,"{""type"":""MultiPoint"",""coordinates"":[]}"
336,2013-01-01T00:00:00,4.814852262882965,wangjiashe,"{""type"":""MultiPoint"",""coordinates"":[]}"
337,2013-02-01T00:00:00,0.0,wangjiashe,"{""type"":""MultiPoint"",""coordinates"":[]}"
338,2013-03-01T00:00:00,0.0,wangjiashe,"{""type"":""MultiPoint"",""coordinates"":[]}"
339,2013-04-01T00:00:00,4.322761659057617,wangjiashe,"{""type"":""MultiPoint"",""coordinates"":[]}"
340,2013-05-01T00:00:00,5.287625474276913,wangjiashe,"{""type"":""MultiPoint"",""coordinates"":[]}"
341,2013-06-01T00:00:00,6.66779469374856,wangjiashe,"{""type"":""MultiPoint"",""coordinates"":[]}"
342,2013-07-01T00:00:00,6.839379995523845,wangjiashe,"{""type"":""MultiPoint"",""coordinates"":[]}"
343,2013-08-01T00:00:00,6.845854956148988,wangjiashe,"{""type"":""MultiPoint"",""coordinates"":[]}"
344,2013-09-01T00:00:00,6.307073938196275,wangjiashe,"{""type"":""MultiPoint"",""coordinates"":[]}"
345,2013-10-01T00:00:00,6.383818608629649,wangjiashe,"{""type"":""MultiPoint"",""coordinates"":[]}"
346,2013-11-01T00:00:00,6.098369146887685,wangjiashe,"{""type"":""MultiPoint"",""coordinates"":[]}"
347,2013-12-01T00:00:00,0.0,wangjiashe,"{""type"":""MultiPoint"",""coordinates"":[]}"
348,2014-01-01T00:00:00,0.9646857474889418,wangjiashe,"{""type"":""MultiPoint"",""coordinates"":[]}"
349,2014-02-01T00:00:00,0.0,wangjiashe,"{""type"":""MultiPoint"",""coordinates"":[]}"
350,2014-03-01T00:00:00,0.0,wangjiashe,"{""type"":""MultiPoint"",""coordinates"":[]}"
351,2014-04-01T00:00:00,0.0,wangjiashe,"{""type"":""MultiPoint"",""coordinates"":[]}"
352,2014-05-01T00:00:00,1.5831462342423983,wangjiashe,"{""type"":""MultiPoint"",""coordinates"":[]}"
353,2014-06-01T00:00:00,0.0,wangjiashe,"{""type"":""MultiPoint"",""coordinates"":[]}"
354,2014-07-01T00:00:00,2.2819698203321273,wangjiashe,"{""type"":""MultiPoint"",""coordinates"":[]}"
355,2014-08-01T00:00:00,1.9104952405572626,wangjiashe,"{""type"":""MultiPoint"",""coordinates"":[]}"
356,2014-09-01T00:00:00,4.692833214647957,wangjiashe,"{""type"":""MultiPoint"",""coordinates"":[]}"
357,2014-10-01T00:00:00,5.885219251810947,wangjiashe,"{""type"":""MultiPoint"",""coordinates"":[]}"
358,2014-11-01T00:00:00,0.0,wangjiashe,"{""type"":""MultiPoint"",""coordinates"":[]}"
359,2014-12-01T00:00:00,0.0,wangjiashe,"{""type"":""MultiPoint"",""coordinates"":[]}"
360,2015-01-01T00:00:00,0.0,wangjiashe,"{""type"":""MultiPoint"",""coordinates"":[]}"
361,2015-02-01T00:00:00,0.0,wangjiashe,"{""type"":""MultiPoint"",""coordinates"":[]}"
362,2015-03-01T00:00:00,5.489657255474734,wangjiashe,"{""type"":""MultiPoint"",""coordinates"":[]}"
363,2015-04-01T00:00:00,1.8401076390991211,wangjiashe,"{""type"":""MultiPoint"",""coordinates"":[]}"
364,2015-05-01T00:00:00,4.242418015119007,wangjiashe,"{""type"":""MultiPoint"",""coordinates"":[]}"
365,2015-06-01T00:00:00,5.19541702816737,wangjiashe,"{""type"":""MultiPoint"",""coordinates"":[]}"
366,2015-07-01T00:00:00,6.874476314704681,wangjiashe,"{""type"":""MultiPoint"",""coordinates"":[]}"
367,2015-08-01T00:00:00,6.865304429426839,wangjiashe,"{""type"":""MultiPoint"",""coordinates"":[]}"
368,2015-09-01T00:00:00,6.790575735475063,wangjiashe,"{""type"":""MultiPoint"",""coordinates"":[]}"
369,2015-10-01T00:00:00,6.304307220991783,wangjiashe,"{""type"":""MultiPoint"",""coordinates"":[]}"
370,2015-11-01T00:00:00,6.16255860132434,wangjiashe,"{""type"":""MultiPoint"",""coordinates"":[]}"
371,2015-12-01T00:00:00,0.0,wangjiashe,"{""type"":""MultiPoint"",""coordinates"":[]}"
372,2016-01-01T00:00:00,0.0,wangjiashe,"{""type"":""MultiPoint"",""coordinates"":[]}"
373,2016-02-01T00:00:00,2.6377791370926196,wangjiashe,"{""type"":""MultiPoint"",""coordinates"":[]}"
374,2016-03-01T00:00:00,2.669004013991412,wangjiashe,"{""type"":""MultiPoint"",""coordinates"":[]}"
375,2016-04-01T00:00:00,4.050284452870805,wangjiashe,"{""type"":""MultiPoint"",""coordinates"":[]}"
376,2016-05-01T00:00:00,3.7452356747824282,wangjiashe,"{""type"":""MultiPoint"",""coordinates"":[]}"
377,2016-06-01T00:00:00,6.847509824567005,wangjiashe,"{""type"":""MultiPoint"",""coordinates"":[]}"
378,2016-07-01T00:00:00,6.915166154533591,wangjiashe,"{""type"":""MultiPoint"",""coordinates"":[]}"
379,2016-08-01T00:00:00,6.918020063520839,wangjiashe,"{""type"":""MultiPoint"",""coordinates"":[]}"
380,2016-09-01T00:00:00,6.8527331347725635,wangjiashe,"{""type"":""MultiPoint"",""coordinates"":[]}"
381,2016-10-01T00:00:00,0.9375080979614258,wangjiashe,"{""type"":""MultiPoint"",""coordinates"":[]}"
382,2016-11-01T00:00:00,6.415839017401481,wangjiashe,"{""type"":""MultiPoint"",""coordinates"":[]}"
383,2016-12-01T00:00:00,0.0,wangjiashe,"{""type"":""MultiPoint"",""coordinates"":[]}"
384,2017-01-01T00:00:00,0.0,wangjiashe,"{""type"":""MultiPoint"",""coordinates"":[]}"
385,2017-02-01T00:00:00,0.8224042915213792,wangjiashe,"{""type"":""MultiPoint"",""coordinates"":[]}"
386,2017-03-01T00:00:00,0.0,wangjiashe,"{""type"":""MultiPoint"",""coordinates"":[]}"
387,2017-04-01T00:00:00,2.4107882670884075,wangjiashe,"{""type"":""MultiPoint"",""coordinates"":[]}"
388,2017-05-01T00:00:00,0.0,wangjiashe,"{""type"":""MultiPoint"",""coordinates"":[]}"
389,2017-06-01T00:00:00,2.226602721925744,wangjiashe,"{""type"":""MultiPoint"",""coordinates"":[]}"
390,2017-07-01T00:00:00,3.0040495981959907,wangjiashe,"{""type"":""MultiPoint"",""coordinates"":[]}"
391,2017-08-01T00:00:00,2.201349966788499,wangjiashe,"{""type"":""MultiPoint"",""coordinates"":[]}"
392,2017-09-01T00:00:00,0.9455474602962715,wangjiashe,"{""type"":""MultiPoint"",""coordinates"":[]}"
393,2017-10-01T00:00:00,3.6300284638607248,wangjiashe,"{""type"":""MultiPoint"",""coordinates"":[]}"
394,2017-11-01T00:00:00,2.8993145320099467,wangjiashe,"{""type"":""MultiPoint"",""coordinates"":[]}"
395,2017-12-01T00:00:00,0.0,wangjiashe,"{""type"":""MultiPoint"",""coordinates"":[]}"
396,2018-01-01T00:00:00,0.0,wangjiashe,"{""type"":""MultiPoint"",""coordinates"":[]}"
397,2018-02-01T00:00:00,0.11264102387671379,wangjiashe,"{""type"":""MultiPoint"",""coordinates"":[]}"
398,2018-03-01T00:00:00,1.0495274561109356,wangjiashe,"{""type"":""MultiPoint"",""coordinates"":[]}"
399,2018-04-01T00:00:00,0.12368859287181182,wangjiashe,"{""type"":""MultiPoint"",""coordinates"":[]}"
400,2018-05-01T00:00:00,0.0,wangjiashe,"{""type"":""MultiPoint"",""coordinates"":[]}"
401,2018-06-01T00:00:00,0.4347706337289847,wangjiashe,"{""type"":""MultiPoint"",""coordinates"":[]}"
402,2018-07-01T00:00:00,3.8375256021225876,wangjiashe,"{""type"":""MultiPoint"",""coordinates"":[]}"
403,2018-08-01T00:00:00,3.0140764432746434,wangjiashe,"{""type"":""MultiPoint"",""coordinates"":[]}"
404,2018-09-01T00:00:00,2.7192515913382715,wangjiashe,"{""type"":""MultiPoint"",""coordinates"":[]}"
405,2018-10-01T00:00:00,0.7052531568737552,wangjiashe,"{""type"":""MultiPoint"",""coordinates"":[]}"
406,2018-11-01T00:00:00,2.7936348121783094,wangjiashe,"{""type"":""MultiPoint"",""coordinates"":[]}"
407,2018-12-01T00:00:00,0.0,wangjiashe,"{""type"":""MultiPoint"",""coordinates"":[]}"
408,2019-01-01T00:00:00,0.0,wangjiashe,"{""type"":""MultiPoint"",""coordinates"":[]}"
409,2019-02-01T00:00:00,0.17985005458577477,wangjiashe,"{""type"":""MultiPoint"",""coordinates"":[]}"
410,2019-03-01T00:00:00,4.451702943588914,wangjiashe,"{""type"":""MultiPoint"",""coordinates"":[]}"
411,2019-04-01T00:00:00,3.784765596430521,wangjiashe,"{""type"":""MultiPoint"",""coordinates"":[]}"
412,2019-05-01T00:00:00,0.0,wangjiashe,"{""type"":""MultiPoint"",""coordinates"":[]}"
413,2019-06-01T00:00:00,3.9263617173174667,wangjiashe,"{""type"":""MultiPoint"",""coordinates"":[]}"
414,2019-07-01T00:00:00,3.4915272771862558,wangjiashe,"{""type"":""MultiPoint"",""coordinates"":[]}"
415,2019-08-01T00:00:00,4.109291945383348,wangjiashe,"{""type"":""MultiPoint"",""coordinates"":[]}"
416,2019-09-01T00:00:00,0.005419732849121094,wangjiashe,"{""type"":""MultiPoint"",""coordinates"":[]}"
417,2019-10-01T00:00:00,4.316708303910076,wangjiashe,"{""type"":""MultiPoint"",""coordinates"":[]}"
418,2019-11-01T00:00:00,4.503025001344448,wangjiashe,"{""type"":""MultiPoint"",""coordinates"":[]}"
419,2019-12-01T00:00:00,0.0,wangjiashe,"{""type"":""MultiPoint"",""coordinates"":[]}"
420,2020-01-01T00:00:00,0.0,wangjiashe,"{""type"":""MultiPoint"",""coordinates"":[]}"
421,2020-02-01T00:00:00,3.0992612005134133,wangjiashe,"{""type"":""MultiPoint"",""coordinates"":[]}"
422,2020-03-01T00:00:00,0.11223242401123047,wangjiashe,"{""type"":""MultiPoint"",""coordinates"":[]}"
423,2020-04-01T00:00:00,1.2195082814845668,wangjiashe,"{""type"":""MultiPoint"",""coordinates"":[]}"
424,2020-05-01T00:00:00,1.244472194297641E-4,wangjiashe,"{""type"":""MultiPoint"",""coordinates"":[]}"
425,2020-06-01T00:00:00,0.0047352028054630044,wangjiashe,"{""type"":""MultiPoint"",""coordinates"":[]}"
426,2020-07-01T00:00:00,0.013162185607910156,wangjiashe,"{""type"":""MultiPoint"",""coordinates"":[]}"
427,2020-08-01T00:00:00,6.905985229327987,wangjiashe,"{""type"":""MultiPoint"",""coordinates"":[]}"
428,2020-09-01T00:00:00,4.077128348231656,wangjiashe,"{""type"":""MultiPoint"",""coordinates"":[]}"
429,2020-10-01T00:00:00,6.845251711627313,wangjiashe,"{""type"":""MultiPoint"",""coordinates"":[]}"
430,2020-11-01T00:00:00,0.0,wangjiashe,"{""type"":""MultiPoint"",""coordinates"":[]}"
431,2020-12-01T00:00:00,0.0,wangjiashe,"{""type"":""MultiPoint"",""coordinates"":[]}"
