system:index,Date,area_km2,lake,.geo
0,1985-01-01T00:00:00,0.0,shenzaihu,"{""type"":""MultiPoint"",""coordinates"":[]}"
1,1985-02-01T00:00:00,0.0,shenzaihu,"{""type"":""MultiPoint"",""coordinates"":[]}"
2,1985-03-01T00:00:00,0.0,shenzaihu,"{""type"":""MultiPoint"",""coordinates"":[]}"
3,1985-04-01T00:00:00,0.0,shenzaihu,"{""type"":""MultiPoint"",""coordinates"":[]}"
4,1985-05-01T00:00:00,0.0,shenzaihu,"{""type"":""MultiPoint"",""coordinates"":[]}"
5,1985-06-01T00:00:00,0.0,shenzaihu,"{""type"":""MultiPoint"",""coordinates"":[]}"
6,1985-07-01T00:00:00,0.0,shenzaihu,"{""type"":""MultiPoint"",""coordinates"":[]}"
7,1985-08-01T00:00:00,0.0,shenzaihu,"{""type"":""MultiPoint"",""coordinates"":[]}"
8,1985-09-01T00:00:00,0.0,shenzaihu,"{""type"":""MultiPoint"",""coordinates"":[]}"
9,1985-10-01T00:00:00,0.0,shenzaihu,"{""type"":""MultiPoint"",""coordinates"":[]}"
10,1985-11-01T00:00:00,0.0,shenzaihu,"{""type"":""MultiPoint"",""coordinates"":[]}"
11,1985-12-01T00:00:00,0.0,shenzaihu,"{""type"":""MultiPoint"",""coordinates"":[]}"
12,1986-01-01T00:00:00,0.0,shenzaihu,"{""type"":""MultiPoint"",""coordinates"":[]}"
13,1986-02-01T00:00:00,0.0,shenzaihu,"{""type"":""MultiPoint"",""coordinates"":[]}"
14,1986-03-01T00:00:00,0.0,shenzaihu,"{""type"":""MultiPoint"",""coordinates"":[]}"
15,1986-04-01T00:00:00,0.0,shenzaihu,"{""type"":""MultiPoint"",""coordinates"":[]}"
16,1986-05-01T00:00:00,0.0,shenzaihu,"{""type"":""MultiPoint"",""coordinates"":[]}"
17,1986-06-01T00:00:00,0.0,shenzaihu,"{""type"":""MultiPoint"",""coordinates"":[]}"
18,1986-07-01T00:00:00,0.0,shenzaihu,"{""type"":""MultiPoint"",""coordinates"":[]}"
19,1986-08-01T00:00:00,0.0,shenzaihu,"{""type"":""MultiPoint"",""coordinates"":[]}"
20,1986-09-01T00:00:00,0.0,shenzaihu,"{""type"":""MultiPoint"",""coordinates"":[]}"
21,1986-10-01T00:00:00,0.0,shenzaihu,"{""type"":""MultiPoint"",""coordinates"":[]}"
22,1986-11-01T00:00:00,0.0,shenzaihu,"{""type"":""MultiPoint"",""coordinates"":[]}"
23,1986-12-01T00:00:00,0.0,shenzaihu,"{""type"":""MultiPoint"",""coordinates"":[]}"
24,1987-01-01T00:00:00,0.0,shenzaihu,"{""type"":""MultiPoint"",""coordinates"":[]}"
25,1987-02-01T00:00:00,0.0,shenzaihu,"{""type"":""MultiPoint"",""coordinates"":[]}"
26,1987-03-01T00:00:00,0.0,shenzaihu,"{""type"":""MultiPoint"",""coordinates"":[]}"
27,1987-04-01T00:00:00,0.0,shenzaihu,"{""type"":""MultiPoint"",""coordinates"":[]}"
28,1987-05-01T00:00:00,0.0,shenzaihu,"{""type"":""MultiPoint"",""coordinates"":[]}"
29,1987-06-01T00:00:00,0.0,shenzaihu,"{""type"":""MultiPoint"",""coordinates"":[]}"
30,1987-07-01T00:00:00,0.0,shenzaihu,"{""type"":""MultiPoint"",""coordinates"":[]}"
31,1987-08-01T00:00:00,0.0,shenzaihu,"{""type"":""MultiPoint"",""coordinates"":[]}"
32,1987-09-01T00:00:00,0.19222707598111022,shenzaihu,"{""type"":""MultiPoint"",""coordinates"":[]}"
33,1987-10-01T00:00:00,0.0,shenzaihu,"{""type"":""MultiPoint"",""coordinates"":[]}"
34,1987-11-01T00:00:00,0.0,shenzaihu,"{""type"":""MultiPoint"",""coordinates"":[]}"
35,1987-12-01T00:00:00,0.0,shenzaihu,"{""type"":""MultiPoint"",""coordinates"":[]}"
36,1988-01-01T00:00:00,0.0,shenzaihu,"{""type"":""MultiPoint"",""coordinates"":[]}"
37,1988-02-01T00:00:00,0.0,shenzaihu,"{""type"":""MultiPoint"",""coordinates"":[]}"
38,1988-03-01T00:00:00,0.0,shenzaihu,"{""type"":""MultiPoint"",""coordinates"":[]}"
39,1988-04-01T00:00:00,0.0,shenzaihu,"{""type"":""MultiPoint"",""coordinates"":[]}"
40,1988-05-01T00:00:00,0.0,shenzaihu,"{""type"":""MultiPoint"",""coordinates"":[]}"
41,1988-06-01T00:00:00,0.0,shenzaihu,"{""type"":""MultiPoint"",""coordinates"":[]}"
42,1988-07-01T00:00:00,0.0,shenzaihu,"{""type"":""MultiPoint"",""coordinates"":[]}"
43,1988-08-01T00:00:00,0.0,shenzaihu,"{""type"":""MultiPoint"",""coordinates"":[]}"
44,1988-09-01T00:00:00,0.0,shenzaihu,"{""type"":""MultiPoint"",""coordinates"":[]}"
45,1988-10-01T00:00:00,0.0,shenzaihu,"{""type"":""MultiPoint"",""coordinates"":[]}"
46,1988-11-01T00:00:00,0.0,shenzaihu,"{""type"":""MultiPoint"",""coordinates"":[]}"
47,1988-12-01T00:00:00,0.0,shenzaihu,"{""type"":""MultiPoint"",""coordinates"":[]}"
48,1989-01-01T00:00:00,0.0,shenzaihu,"{""type"":""MultiPoint"",""coordinates"":[]}"
49,1989-02-01T00:00:00,0.0,shenzaihu,"{""type"":""MultiPoint"",""coordinates"":[]}"
50,1989-03-01T00:00:00,0.0,shenzaihu,"{""type"":""MultiPoint"",""coordinates"":[]}"
51,1989-04-01T00:00:00,0.0,shenzaihu,"{""type"":""MultiPoint"",""coordinates"":[]}"
52,1989-05-01T00:00:00,0.0,shenzaihu,"{""type"":""MultiPoint"",""coordinates"":[]}"
53,1989-06-01T00:00:00,0.0,shenzaihu,"{""type"":""MultiPoint"",""coordinates"":[]}"
54,1989-07-01T00:00:00,0.0,shenzaihu,"{""type"":""MultiPoint"",""coordinates"":[]}"
55,1989-08-01T00:00:00,0.0,shenzaihu,"{""type"":""MultiPoint"",""coordinates"":[]}"
56,1989-09-01T00:00:00,0.0,shenzaihu,"{""type"":""MultiPoint"",""coordinates"":[]}"
57,1989-10-01T00:00:00,0.0,shenzaihu,"{""type"":""MultiPoint"",""coordinates"":[]}"
58,1989-11-01T00:00:00,0.0,shenzaihu,"{""type"":""MultiPoint"",""coordinates"":[]}"
59,1989-12-01T00:00:00,0.0,shenzaihu,"{""type"":""MultiPoint"",""coordinates"":[]}"
60,1990-01-01T00:00:00,0.0,shenzaihu,"{""type"":""MultiPoint"",""coordinates"":[]}"
61,1990-02-01T00:00:00,0.0,shenzaihu,"{""type"":""MultiPoint"",""coordinates"":[]}"
62,1990-03-01T00:00:00,0.0,shenzaihu,"{""type"":""MultiPoint"",""coordinates"":[]}"
63,1990-04-01T00:00:00,0.0,shenzaihu,"{""type"":""MultiPoint"",""coordinates"":[]}"
64,1990-05-01T00:00:00,0.0,shenzaihu,"{""type"":""MultiPoint"",""coordinates"":[]}"
65,1990-06-01T00:00:00,0.0,shenzaihu,"{""type"":""MultiPoint"",""coordinates"":[]}"
66,1990-07-01T00:00:00,0.0,shenzaihu,"{""type"":""MultiPoint"",""coordinates"":[]}"
67,1990-08-01T00:00:00,0.0,shenzaihu,"{""type"":""MultiPoint"",""coordinates"":[]}"
68,1990-09-01T00:00:00,1.3989442289064895,shenzaihu,"{""type"":""MultiPoint"",""coordinates"":[]}"
69,1990-10-01T00:00:00,0.0,shenzaihu,"{""type"":""MultiPoint"",""coordinates"":[]}"
70,1990-11-01T00:00:00,0.0,shenzaihu,"{""type"":""MultiPoint"",""coordinates"":[]}"
71,1990-12-01T00:00:00,0.0,shenzaihu,"{""type"":""MultiPoint"",""coordinates"":[]}"
72,1991-01-01T00:00:00,0.0,shenzaihu,"{""type"":""MultiPoint"",""coordinates"":[]}"
73,1991-02-01T00:00:00,0.0,shenzaihu,"{""type"":""MultiPoint"",""coordinates"":[]}"
74,1991-03-01T00:00:00,0.0,shenzaihu,"{""type"":""MultiPoint"",""coordinates"":[]}"
75,1991-04-01T00:00:00,0.0,shenzaihu,"{""type"":""MultiPoint"",""coordinates"":[]}"
76,1991-05-01T00:00:00,0.0,shenzaihu,"{""type"":""MultiPoint"",""coordinates"":[]}"
77,1991-06-01T00:00:00,0.0,shenzaihu,"{""type"":""MultiPoint"",""coordinates"":[]}"
78,1991-07-01T00:00:00,2.3482512527286303,shenzaihu,"{""type"":""MultiPoint"",""coordinates"":[]}"
79,1991-08-01T00:00:00,0.0,shenzaihu,"{""type"":""MultiPoint"",""coordinates"":[]}"
80,1991-09-01T00:00:00,0.0,shenzaihu,"{""type"":""MultiPoint"",""coordinates"":[]}"
81,1991-10-01T00:00:00,0.0,shenzaihu,"{""type"":""MultiPoint"",""coordinates"":[]}"
82,1991-11-01T00:00:00,0.0,shenzaihu,"{""type"":""MultiPoint"",""coordinates"":[]}"
83,1991-12-01T00:00:00,0.0,shenzaihu,"{""type"":""MultiPoint"",""coordinates"":[]}"
84,1992-01-01T00:00:00,2.0669593585595227,shenzaihu,"{""type"":""MultiPoint"",""coordinates"":[]}"
85,1992-02-01T00:00:00,0.1679140012716855,shenzaihu,"{""type"":""MultiPoint"",""coordinates"":[]}"
86,1992-03-01T00:00:00,0.0,shenzaihu,"{""type"":""MultiPoint"",""coordinates"":[]}"
87,1992-04-01T00:00:00,0.0,shenzaihu,"{""type"":""MultiPoint"",""coordinates"":[]}"
88,1992-05-01T00:00:00,0.0,shenzaihu,"{""type"":""MultiPoint"",""coordinates"":[]}"
89,1992-06-01T00:00:00,0.0,shenzaihu,"{""type"":""MultiPoint"",""coordinates"":[]}"
90,1992-07-01T00:00:00,0.0,shenzaihu,"{""type"":""MultiPoint"",""coordinates"":[]}"
91,1992-08-01T00:00:00,0.0,shenzaihu,"{""type"":""MultiPoint"",""coordinates"":[]}"
92,1992-09-01T00:00:00,0.0,shenzaihu,"{""type"":""MultiPoint"",""coordinates"":[]}"
93,1992-10-01T00:00:00,0.0,shenzaihu,"{""type"":""MultiPoint"",""coordinates"":[]}"
94,1992-11-01T00:00:00,0.0,shenzaihu,"{""type"":""MultiPoint"",""coordinates"":[]}"
95,1992-12-01T00:00:00,0.0,shenzaihu,"{""type"":""MultiPoint"",""coordinates"":[]}"
96,1993-01-01T00:00:00,0.0,shenzaihu,"{""type"":""MultiPoint"",""coordinates"":[]}"
97,1993-02-01T00:00:00,0.0,shenzaihu,"{""type"":""MultiPoint"",""coordinates"":[]}"
98,1993-03-01T00:00:00,0.0,shenzaihu,"{""type"":""MultiPoint"",""coordinates"":[]}"
99,1993-04-01T00:00:00,0.0,shenzaihu,"{""type"":""MultiPoint"",""coordinates"":[]}"
100,1993-05-01T00:00:00,0.0,shenzaihu,"{""type"":""MultiPoint"",""coordinates"":[]}"
101,1993-06-01T00:00:00,0.0,shenzaihu,"{""type"":""MultiPoint"",""coordinates"":[]}"
102,1993-07-01T00:00:00,0.0,shenzaihu,"{""type"":""MultiPoint"",""coordinates"":[]}"
103,1993-08-01T00:00:00,0.0,shenzaihu,"{""type"":""MultiPoint"",""coordinates"":[]}"
104,1993-09-01T00:00:00,0.0,shenzaihu,"{""type"":""MultiPoint"",""coordinates"":[]}"
105,1993-10-01T00:00:00,0.6591557216124291,shenzaihu,"{""type"":""MultiPoint"",""coordinates"":[]}"
106,1993-11-01T00:00:00,0.0,shenzaihu,"{""type"":""MultiPoint"",""coordinates"":[]}"
107,1993-12-01T00:00:00,0.0,shenzaihu,"{""type"":""MultiPoint"",""coordinates"":[]}"
108,1994-01-01T00:00:00,0.0,shenzaihu,"{""type"":""MultiPoint"",""coordinates"":[]}"
109,1994-02-01T00:00:00,0.0,shenzaihu,"{""type"":""MultiPoint"",""coordinates"":[]}"
110,1994-03-01T00:00:00,0.0,shenzaihu,"{""type"":""MultiPoint"",""coordinates"":[]}"
111,1994-04-01T00:00:00,0.0,shenzaihu,"{""type"":""MultiPoint"",""coordinates"":[]}"
112,1994-05-01T00:00:00,0.0,shenzaihu,"{""type"":""MultiPoint"",""coordinates"":[]}"
113,1994-06-01T00:00:00,0.0,shenzaihu,"{""type"":""MultiPoint"",""coordinates"":[]}"
114,1994-07-01T00:00:00,0.0,shenzaihu,"{""type"":""MultiPoint"",""coordinates"":[]}"
115,1994-08-01T00:00:00,0.9293430873908548,shenzaihu,"{""type"":""MultiPoint"",""coordinates"":[]}"
116,1994-09-01T00:00:00,1.2309667246543738,shenzaihu,"{""type"":""MultiPoint"",""coordinates"":[]}"
117,1994-10-01T00:00:00,0.0,shenzaihu,"{""type"":""MultiPoint"",""coordinates"":[]}"
118,1994-11-01T00:00:00,0.0,shenzaihu,"{""type"":""MultiPoint"",""coordinates"":[]}"
119,1994-12-01T00:00:00,0.0,shenzaihu,"{""type"":""MultiPoint"",""coordinates"":[]}"
120,1995-01-01T00:00:00,0.0,shenzaihu,"{""type"":""MultiPoint"",""coordinates"":[]}"
121,1995-02-01T00:00:00,0.0,shenzaihu,"{""type"":""MultiPoint"",""coordinates"":[]}"
122,1995-03-01T00:00:00,0.0,shenzaihu,"{""type"":""MultiPoint"",""coordinates"":[]}"
123,1995-04-01T00:00:00,1.5665909421520758,shenzaihu,"{""type"":""MultiPoint"",""coordinates"":[]}"
124,1995-05-01T00:00:00,1.042304462890625,shenzaihu,"{""type"":""MultiPoint"",""coordinates"":[]}"
125,1995-06-01T00:00:00,0.0,shenzaihu,"{""type"":""MultiPoint"",""coordinates"":[]}"
126,1995-07-01T00:00:00,0.0,shenzaihu,"{""type"":""MultiPoint"",""coordinates"":[]}"
127,1995-08-01T00:00:00,0.0,shenzaihu,"{""type"":""MultiPoint"",""coordinates"":[]}"
128,1995-09-01T00:00:00,0.0,shenzaihu,"{""type"":""MultiPoint"",""coordinates"":[]}"
129,1995-10-01T00:00:00,1.556722529245654,shenzaihu,"{""type"":""MultiPoint"",""coordinates"":[]}"
130,1995-11-01T00:00:00,0.0,shenzaihu,"{""type"":""MultiPoint"",""coordinates"":[]}"
131,1995-12-01T00:00:00,0.0,shenzaihu,"{""type"":""MultiPoint"",""coordinates"":[]}"
132,1996-01-01T00:00:00,0.0,shenzaihu,"{""type"":""MultiPoint"",""coordinates"":[]}"
133,1996-02-01T00:00:00,2.066384143858907,shenzaihu,"{""type"":""MultiPoint"",""coordinates"":[]}"
134,1996-03-01T00:00:00,0.0,shenzaihu,"{""type"":""MultiPoint"",""coordinates"":[]}"
135,1996-04-01T00:00:00,0.3527887957885743,shenzaihu,"{""type"":""MultiPoint"",""coordinates"":[]}"
136,1996-05-01T00:00:00,0.0,shenzaihu,"{""type"":""MultiPoint"",""coordinates"":[]}"
137,1996-06-01T00:00:00,0.8465193095095167,shenzaihu,"{""type"":""MultiPoint"",""coordinates"":[]}"
138,1996-07-01T00:00:00,0.0,shenzaihu,"{""type"":""MultiPoint"",""coordinates"":[]}"
139,1996-08-01T00:00:00,0.0015419088134765624,shenzaihu,"{""type"":""MultiPoint"",""coordinates"":[]}"
140,1996-09-01T00:00:00,0.39643128277180983,shenzaihu,"{""type"":""MultiPoint"",""coordinates"":[]}"
141,1996-10-01T00:00:00,1.3351106534713448,shenzaihu,"{""type"":""MultiPoint"",""coordinates"":[]}"
142,1996-11-01T00:00:00,0.0,shenzaihu,"{""type"":""MultiPoint"",""coordinates"":[]}"
143,1996-12-01T00:00:00,0.0,shenzaihu,"{""type"":""MultiPoint"",""coordinates"":[]}"
144,1997-01-01T00:00:00,0.0,shenzaihu,"{""type"":""MultiPoint"",""coordinates"":[]}"
145,1997-02-01T00:00:00,0.0,shenzaihu,"{""type"":""MultiPoint"",""coordinates"":[]}"
146,1997-03-01T00:00:00,0.0,shenzaihu,"{""type"":""MultiPoint"",""coordinates"":[]}"
147,1997-04-01T00:00:00,0.0,shenzaihu,"{""type"":""MultiPoint"",""coordinates"":[]}"
148,1997-05-01T00:00:00,0.0,shenzaihu,"{""type"":""MultiPoint"",""coordinates"":[]}"
149,1997-06-01T00:00:00,0.0,shenzaihu,"{""type"":""MultiPoint"",""coordinates"":[]}"
150,1997-07-01T00:00:00,0.0,shenzaihu,"{""type"":""MultiPoint"",""coordinates"":[]}"
151,1997-08-01T00:00:00,0.0,shenzaihu,"{""type"":""MultiPoint"",""coordinates"":[]}"
152,1997-09-01T00:00:00,0.0,shenzaihu,"{""type"":""MultiPoint"",""coordinates"":[]}"
153,1997-10-01T00:00:00,0.0,shenzaihu,"{""type"":""MultiPoint"",""coordinates"":[]}"
154,1997-11-01T00:00:00,0.0,shenzaihu,"{""type"":""MultiPoint"",""coordinates"":[]}"
155,1997-12-01T00:00:00,0.0,shenzaihu,"{""type"":""MultiPoint"",""coordinates"":[]}"
156,1998-01-01T00:00:00,0.0,shenzaihu,"{""type"":""MultiPoint"",""coordinates"":[]}"
157,1998-02-01T00:00:00,0.0,shenzaihu,"{""type"":""MultiPoint"",""coordinates"":[]}"
158,1998-03-01T00:00:00,0.0,shenzaihu,"{""type"":""MultiPoint"",""coordinates"":[]}"
159,1998-04-01T00:00:00,0.0,shenzaihu,"{""type"":""MultiPoint"",""coordinates"":[]}"
160,1998-05-01T00:00:00,0.0,shenzaihu,"{""type"":""MultiPoint"",""coordinates"":[]}"
161,1998-06-01T00:00:00,0.0,shenzaihu,"{""type"":""MultiPoint"",""coordinates"":[]}"
162,1998-07-01T00:00:00,0.0,shenzaihu,"{""type"":""MultiPoint"",""coordinates"":[]}"
163,1998-08-01T00:00:00,0.0,shenzaihu,"{""type"":""MultiPoint"",""coordinates"":[]}"
164,1998-09-01T00:00:00,0.0,shenzaihu,"{""type"":""MultiPoint"",""coordinates"":[]}"
165,1998-10-01T00:00:00,0.0,shenzaihu,"{""type"":""MultiPoint"",""coordinates"":[]}"
166,1998-11-01T00:00:00,0.0,shenzaihu,"{""type"":""MultiPoint"",""coordinates"":[]}"
167,1998-12-01T00:00:00,0.0,shenzaihu,"{""type"":""MultiPoint"",""coordinates"":[]}"
168,1999-01-01T00:00:00,0.0,shenzaihu,"{""type"":""MultiPoint"",""coordinates"":[]}"
169,1999-02-01T00:00:00,0.0,shenzaihu,"{""type"":""MultiPoint"",""coordinates"":[]}"
170,1999-03-01T00:00:00,0.0,shenzaihu,"{""type"":""MultiPoint"",""coordinates"":[]}"
171,1999-04-01T00:00:00,0.0,shenzaihu,"{""type"":""MultiPoint"",""coordinates"":[]}"
172,1999-05-01T00:00:00,0.0,shenzaihu,"{""type"":""MultiPoint"",""coordinates"":[]}"
173,1999-06-01T00:00:00,0.0,shenzaihu,"{""type"":""MultiPoint"",""coordinates"":[]}"
174,1999-07-01T00:00:00,0.0,shenzaihu,"{""type"":""MultiPoint"",""coordinates"":[]}"
175,1999-08-01T00:00:00,0.0,shenzaihu,"{""type"":""MultiPoint"",""coordinates"":[]}"
176,1999-09-01T00:00:00,1.1884993047329773,shenzaihu,"{""type"":""MultiPoint"",""coordinates"":[]}"
177,1999-10-01T00:00:00,0.0,shenzaihu,"{""type"":""MultiPoint"",""coordinates"":[]}"
178,1999-11-01T00:00:00,0.0015418665161132813,shenzaihu,"{""type"":""MultiPoint"",""coordinates"":[]}"
179,1999-12-01T00:00:00,0.0,shenzaihu,"{""type"":""MultiPoint"",""coordinates"":[]}"
180,2000-01-01T00:00:00,0.0,shenzaihu,"{""type"":""MultiPoint"",""coordinates"":[]}"
181,2000-02-01T00:00:00,1.8642669854808138,shenzaihu,"{""type"":""MultiPoint"",""coordinates"":[]}"
182,2000-03-01T00:00:00,0.0,shenzaihu,"{""type"":""MultiPoint"",""coordinates"":[]}"
183,2000-04-01T00:00:00,0.0,shenzaihu,"{""type"":""MultiPoint"",""coordinates"":[]}"
184,2000-05-01T00:00:00,0.0,shenzaihu,"{""type"":""MultiPoint"",""coordinates"":[]}"
185,2000-06-01T00:00:00,0.08403065142822265,shenzaihu,"{""type"":""MultiPoint"",""coordinates"":[]}"
186,2000-07-01T00:00:00,0.02805295586392272,shenzaihu,"{""type"":""MultiPoint"",""coordinates"":[]}"
187,2000-08-01T00:00:00,0.549170043189434,shenzaihu,"{""type"":""MultiPoint"",""coordinates"":[]}"
188,2000-09-01T00:00:00,0.9589447250047872,shenzaihu,"{""type"":""MultiPoint"",""coordinates"":[]}"
189,2000-10-01T00:00:00,1.80063165718707,shenzaihu,"{""type"":""MultiPoint"",""coordinates"":[]}"
190,2000-11-01T00:00:00,2.055514687495213,shenzaihu,"{""type"":""MultiPoint"",""coordinates"":[]}"
191,2000-12-01T00:00:00,0.0,shenzaihu,"{""type"":""MultiPoint"",""coordinates"":[]}"
192,2001-01-01T00:00:00,2.109968270776367,shenzaihu,"{""type"":""MultiPoint"",""coordinates"":[]}"
193,2001-02-01T00:00:00,0.03417450963302313,shenzaihu,"{""type"":""MultiPoint"",""coordinates"":[]}"
194,2001-03-01T00:00:00,1.7410242976902388,shenzaihu,"{""type"":""MultiPoint"",""coordinates"":[]}"
195,2001-04-01T00:00:00,1.5124745028284412,shenzaihu,"{""type"":""MultiPoint"",""coordinates"":[]}"
196,2001-05-01T00:00:00,1.3892658408119352,shenzaihu,"{""type"":""MultiPoint"",""coordinates"":[]}"
197,2001-06-01T00:00:00,1.4689823492434035,shenzaihu,"{""type"":""MultiPoint"",""coordinates"":[]}"
198,2001-07-01T00:00:00,1.635615838354971,shenzaihu,"{""type"":""MultiPoint"",""coordinates"":[]}"
199,2001-08-01T00:00:00,0.9898141580796186,shenzaihu,"{""type"":""MultiPoint"",""coordinates"":[]}"
200,2001-09-01T00:00:00,1.6175018976102942,shenzaihu,"{""type"":""MultiPoint"",""coordinates"":[]}"
201,2001-10-01T00:00:00,0.0030837139282226564,shenzaihu,"{""type"":""MultiPoint"",""coordinates"":[]}"
202,2001-11-01T00:00:00,1.8990930958706727,shenzaihu,"{""type"":""MultiPoint"",""coordinates"":[]}"
203,2001-12-01T00:00:00,0.0,shenzaihu,"{""type"":""MultiPoint"",""coordinates"":[]}"
204,2002-01-01T00:00:00,1.0405086998393938,shenzaihu,"{""type"":""MultiPoint"",""coordinates"":[]}"
205,2002-02-01T00:00:00,1.6868635684654083,shenzaihu,"{""type"":""MultiPoint"",""coordinates"":[]}"
206,2002-03-01T00:00:00,1.60338198248674,shenzaihu,"{""type"":""MultiPoint"",""coordinates"":[]}"
207,2002-04-01T00:00:00,0.0,shenzaihu,"{""type"":""MultiPoint"",""coordinates"":[]}"
208,2002-05-01T00:00:00,0.0,shenzaihu,"{""type"":""MultiPoint"",""coordinates"":[]}"
209,2002-06-01T00:00:00,0.0,shenzaihu,"{""type"":""MultiPoint"",""coordinates"":[]}"
210,2002-07-01T00:00:00,1.5647572928390203,shenzaihu,"{""type"":""MultiPoint"",""coordinates"":[]}"
211,2002-08-01T00:00:00,1.572748184593051,shenzaihu,"{""type"":""MultiPoint"",""coordinates"":[]}"
212,2002-09-01T00:00:00,1.6010830692430689,shenzaihu,"{""type"":""MultiPoint"",""coordinates"":[]}"
213,2002-10-01T00:00:00,2.0243520844116216,shenzaihu,"{""type"":""MultiPoint"",""coordinates"":[]}"
214,2002-11-01T00:00:00,2.1081644922609817,shenzaihu,"{""type"":""MultiPoint"",""coordinates"":[]}"
215,2002-12-01T00:00:00,0.0,shenzaihu,"{""type"":""MultiPoint"",""coordinates"":[]}"
216,2003-01-01T00:00:00,2.27665243488985,shenzaihu,"{""type"":""MultiPoint"",""coordinates"":[]}"
217,2003-02-01T00:00:00,2.2264724346794575,shenzaihu,"{""type"":""MultiPoint"",""coordinates"":[]}"
218,2003-03-01T00:00:00,1.5597268523073684,shenzaihu,"{""type"":""MultiPoint"",""coordinates"":[]}"
219,2003-04-01T00:00:00,1.7145537384899665,shenzaihu,"{""type"":""MultiPoint"",""coordinates"":[]}"
220,2003-05-01T00:00:00,1.665542934099265,shenzaihu,"{""type"":""MultiPoint"",""coordinates"":[]}"
221,2003-06-01T00:00:00,0.9558152673634249,shenzaihu,"{""type"":""MultiPoint"",""coordinates"":[]}"
222,2003-07-01T00:00:00,1.2465983574491617,shenzaihu,"{""type"":""MultiPoint"",""coordinates"":[]}"
223,2003-08-01T00:00:00,1.0392170416259765,shenzaihu,"{""type"":""MultiPoint"",""coordinates"":[]}"
224,2003-09-01T00:00:00,1.6498549753954126,shenzaihu,"{""type"":""MultiPoint"",""coordinates"":[]}"
225,2003-10-01T00:00:00,1.8500562393198055,shenzaihu,"{""type"":""MultiPoint"",""coordinates"":[]}"
226,2003-11-01T00:00:00,2.1069258545733285,shenzaihu,"{""type"":""MultiPoint"",""coordinates"":[]}"
227,2003-12-01T00:00:00,0.0,shenzaihu,"{""type"":""MultiPoint"",""coordinates"":[]}"
228,2004-01-01T00:00:00,2.207278338039742,shenzaihu,"{""type"":""MultiPoint"",""coordinates"":[]}"
229,2004-02-01T00:00:00,1.9280999141122859,shenzaihu,"{""type"":""MultiPoint"",""coordinates"":[]}"
230,2004-03-01T00:00:00,1.728366554014199,shenzaihu,"{""type"":""MultiPoint"",""coordinates"":[]}"
231,2004-04-01T00:00:00,1.4948497955281574,shenzaihu,"{""type"":""MultiPoint"",""coordinates"":[]}"
232,2004-05-01T00:00:00,1.464003051161822,shenzaihu,"{""type"":""MultiPoint"",""coordinates"":[]}"
233,2004-06-01T00:00:00,0.024668006713867187,shenzaihu,"{""type"":""MultiPoint"",""coordinates"":[]}"
234,2004-07-01T00:00:00,1.329854470275879,shenzaihu,"{""type"":""MultiPoint"",""coordinates"":[]}"
235,2004-08-01T00:00:00,0.09791295568847656,shenzaihu,"{""type"":""MultiPoint"",""coordinates"":[]}"
236,2004-09-01T00:00:00,1.669119928189626,shenzaihu,"{""type"":""MultiPoint"",""coordinates"":[]}"
237,2004-10-01T00:00:00,1.842101157913986,shenzaihu,"{""type"":""MultiPoint"",""coordinates"":[]}"
238,2004-11-01T00:00:00,1.7430836561145255,shenzaihu,"{""type"":""MultiPoint"",""coordinates"":[]}"
239,2004-12-01T00:00:00,0.0,shenzaihu,"{""type"":""MultiPoint"",""coordinates"":[]}"
240,2005-01-01T00:00:00,2.1069597959745514,shenzaihu,"{""type"":""MultiPoint"",""coordinates"":[]}"
241,2005-02-01T00:00:00,1.6384841540642239,shenzaihu,"{""type"":""MultiPoint"",""coordinates"":[]}"
242,2005-03-01T00:00:00,1.8559570965853824,shenzaihu,"{""type"":""MultiPoint"",""coordinates"":[]}"
243,2005-04-01T00:00:00,1.5624064195975513,shenzaihu,"{""type"":""MultiPoint"",""coordinates"":[]}"
244,2005-05-01T00:00:00,1.6165847955329449,shenzaihu,"{""type"":""MultiPoint"",""coordinates"":[]}"
245,2005-06-01T00:00:00,0.3700493342895508,shenzaihu,"{""type"":""MultiPoint"",""coordinates"":[]}"
246,2005-07-01T00:00:00,0.08403233776855469,shenzaihu,"{""type"":""MultiPoint"",""coordinates"":[]}"
247,2005-08-01T00:00:00,1.3784189545898438,shenzaihu,"{""type"":""MultiPoint"",""coordinates"":[]}"
248,2005-09-01T00:00:00,1.524888967590332,shenzaihu,"{""type"":""MultiPoint"",""coordinates"":[]}"
249,2005-10-01T00:00:00,0.0,shenzaihu,"{""type"":""MultiPoint"",""coordinates"":[]}"
250,2005-11-01T00:00:00,1.4869259474573473,shenzaihu,"{""type"":""MultiPoint"",""coordinates"":[]}"
251,2005-12-01T00:00:00,0.0,shenzaihu,"{""type"":""MultiPoint"",""coordinates"":[]}"
252,2006-01-01T00:00:00,1.6841155201777445,shenzaihu,"{""type"":""MultiPoint"",""coordinates"":[]}"
253,2006-02-01T00:00:00,0.1123803163727405,shenzaihu,"{""type"":""MultiPoint"",""coordinates"":[]}"
254,2006-03-01T00:00:00,1.8650369699876972,shenzaihu,"{""type"":""MultiPoint"",""coordinates"":[]}"
255,2006-04-01T00:00:00,1.5618505645196659,shenzaihu,"{""type"":""MultiPoint"",""coordinates"":[]}"
256,2006-05-01T00:00:00,1.1957057573852539,shenzaihu,"{""type"":""MultiPoint"",""coordinates"":[]}"
257,2006-06-01T00:00:00,1.1193797782592774,shenzaihu,"{""type"":""MultiPoint"",""coordinates"":[]}"
258,2006-07-01T00:00:00,0.008480396850585938,shenzaihu,"{""type"":""MultiPoint"",""coordinates"":[]}"
259,2006-08-01T00:00:00,1.1802940761108398,shenzaihu,"{""type"":""MultiPoint"",""coordinates"":[]}"
260,2006-09-01T00:00:00,1.285908134399414,shenzaihu,"{""type"":""MultiPoint"",""coordinates"":[]}"
261,2006-10-01T00:00:00,1.608101457239727,shenzaihu,"{""type"":""MultiPoint"",""coordinates"":[]}"
262,2006-11-01T00:00:00,1.6262883354054172,shenzaihu,"{""type"":""MultiPoint"",""coordinates"":[]}"
263,2006-12-01T00:00:00,0.0,shenzaihu,"{""type"":""MultiPoint"",""coordinates"":[]}"
264,2007-01-01T00:00:00,1.9909695682487942,shenzaihu,"{""type"":""MultiPoint"",""coordinates"":[]}"
265,2007-02-01T00:00:00,2.0450209270012354,shenzaihu,"{""type"":""MultiPoint"",""coordinates"":[]}"
266,2007-03-01T00:00:00,1.7175834755043184,shenzaihu,"{""type"":""MultiPoint"",""coordinates"":[]}"
267,2007-04-01T00:00:00,1.5973310220906576,shenzaihu,"{""type"":""MultiPoint"",""coordinates"":[]}"
268,2007-05-01T00:00:00,0.5041986791992188,shenzaihu,"{""type"":""MultiPoint"",""coordinates"":[]}"
269,2007-06-01T00:00:00,0.008480020446777344,shenzaihu,"{""type"":""MultiPoint"",""coordinates"":[]}"
270,2007-07-01T00:00:00,0.20738203881835937,shenzaihu,"{""type"":""MultiPoint"",""coordinates"":[]}"
271,2007-08-01T00:00:00,0.6572320338795382,shenzaihu,"{""type"":""MultiPoint"",""coordinates"":[]}"
272,2007-09-01T00:00:00,0.9274282173461914,shenzaihu,"{""type"":""MultiPoint"",""coordinates"":[]}"
273,2007-10-01T00:00:00,1.0230212037963866,shenzaihu,"{""type"":""MultiPoint"",""coordinates"":[]}"
274,2007-11-01T00:00:00,1.4279144991397634,shenzaihu,"{""type"":""MultiPoint"",""coordinates"":[]}"
275,2007-12-01T00:00:00,0.0,shenzaihu,"{""type"":""MultiPoint"",""coordinates"":[]}"
276,2008-01-01T00:00:00,0.0,shenzaihu,"{""type"":""MultiPoint"",""coordinates"":[]}"
277,2008-02-01T00:00:00,1.7650353174661075,shenzaihu,"{""type"":""MultiPoint"",""coordinates"":[]}"
278,2008-03-01T00:00:00,1.8150947377786073,shenzaihu,"{""type"":""MultiPoint"",""coordinates"":[]}"
279,2008-04-01T00:00:00,1.4641708842479035,shenzaihu,"{""type"":""MultiPoint"",""coordinates"":[]}"
280,2008-05-01T00:00:00,1.3866525414835615,shenzaihu,"{""type"":""MultiPoint"",""coordinates"":[]}"
281,2008-06-01T00:00:00,7.709586181640624E-4,shenzaihu,"{""type"":""MultiPoint"",""coordinates"":[]}"
282,2008-07-01T00:00:00,1.13401019282059,shenzaihu,"{""type"":""MultiPoint"",""coordinates"":[]}"
283,2008-08-01T00:00:00,0.9798436206665039,shenzaihu,"{""type"":""MultiPoint"",""coordinates"":[]}"
284,2008-09-01T00:00:00,0.3569391469726563,shenzaihu,"{""type"":""MultiPoint"",""coordinates"":[]}"
285,2008-10-01T00:00:00,1.526363490341127,shenzaihu,"{""type"":""MultiPoint"",""coordinates"":[]}"
286,2008-11-01T00:00:00,1.7620194049366675,shenzaihu,"{""type"":""MultiPoint"",""coordinates"":[]}"
287,2008-12-01T00:00:00,0.0,shenzaihu,"{""type"":""MultiPoint"",""coordinates"":[]}"
288,2009-01-01T00:00:00,1.985512364473231,shenzaihu,"{""type"":""MultiPoint"",""coordinates"":[]}"
289,2009-02-01T00:00:00,1.8265776763700599,shenzaihu,"{""type"":""MultiPoint"",""coordinates"":[]}"
290,2009-03-01T00:00:00,1.6672409517453664,shenzaihu,"{""type"":""MultiPoint"",""coordinates"":[]}"
291,2009-04-01T00:00:00,1.4528860577222638,shenzaihu,"{""type"":""MultiPoint"",""coordinates"":[]}"
292,2009-05-01T00:00:00,1.293725182409189,shenzaihu,"{""type"":""MultiPoint"",""coordinates"":[]}"
293,2009-06-01T00:00:00,0.9498669825008617,shenzaihu,"{""type"":""MultiPoint"",""coordinates"":[]}"
294,2009-07-01T00:00:00,1.431849614386346,shenzaihu,"{""type"":""MultiPoint"",""coordinates"":[]}"
295,2009-08-01T00:00:00,1.0852855239329617,shenzaihu,"{""type"":""MultiPoint"",""coordinates"":[]}"
296,2009-09-01T00:00:00,1.3686349523925783,shenzaihu,"{""type"":""MultiPoint"",""coordinates"":[]}"
297,2009-10-01T00:00:00,1.1669363263195565,shenzaihu,"{""type"":""MultiPoint"",""coordinates"":[]}"
298,2009-11-01T00:00:00,1.9787492408825447,shenzaihu,"{""type"":""MultiPoint"",""coordinates"":[]}"
299,2009-12-01T00:00:00,0.0,shenzaihu,"{""type"":""MultiPoint"",""coordinates"":[]}"
300,2010-01-01T00:00:00,1.5626420581636324,shenzaihu,"{""type"":""MultiPoint"",""coordinates"":[]}"
301,2010-02-01T00:00:00,1.45437044165446,shenzaihu,"{""type"":""MultiPoint"",""coordinates"":[]}"
302,2010-03-01T00:00:00,1.6182816859047089,shenzaihu,"{""type"":""MultiPoint"",""coordinates"":[]}"
303,2010-04-01T00:00:00,0.0,shenzaihu,"{""type"":""MultiPoint"",""coordinates"":[]}"
304,2010-05-01T00:00:00,1.292769457671042,shenzaihu,"{""type"":""MultiPoint"",""coordinates"":[]}"
305,2010-06-01T00:00:00,7.709522705078125E-4,shenzaihu,"{""type"":""MultiPoint"",""coordinates"":[]}"
306,2010-07-01T00:00:00,1.1559031084881952,shenzaihu,"{""type"":""MultiPoint"",""coordinates"":[]}"
307,2010-08-01T00:00:00,1.0976069625940659,shenzaihu,"{""type"":""MultiPoint"",""coordinates"":[]}"
308,2010-09-01T00:00:00,0.9958683451495002,shenzaihu,"{""type"":""MultiPoint"",""coordinates"":[]}"
309,2010-10-01T00:00:00,1.4113594186255367,shenzaihu,"{""type"":""MultiPoint"",""coordinates"":[]}"
310,2010-11-01T00:00:00,1.4944808782635859,shenzaihu,"{""type"":""MultiPoint"",""coordinates"":[]}"
311,2010-12-01T00:00:00,0.0,shenzaihu,"{""type"":""MultiPoint"",""coordinates"":[]}"
312,2011-01-01T00:00:00,2.0588940109439626,shenzaihu,"{""type"":""MultiPoint"",""coordinates"":[]}"
313,2011-02-01T00:00:00,2.149709748293648,shenzaihu,"{""type"":""MultiPoint"",""coordinates"":[]}"
314,2011-03-01T00:00:00,1.8451895798110063,shenzaihu,"{""type"":""MultiPoint"",""coordinates"":[]}"
315,2011-04-01T00:00:00,0.0,shenzaihu,"{""type"":""MultiPoint"",""coordinates"":[]}"
316,2011-05-01T00:00:00,0.4548974310539694,shenzaihu,"{""type"":""MultiPoint"",""coordinates"":[]}"
317,2011-06-01T00:00:00,0.9066005073852539,shenzaihu,"{""type"":""MultiPoint"",""coordinates"":[]}"
318,2011-07-01T00:00:00,1.2768995861347274,shenzaihu,"{""type"":""MultiPoint"",""coordinates"":[]}"
319,2011-08-01T00:00:00,1.086312369058048,shenzaihu,"{""type"":""MultiPoint"",""coordinates"":[]}"
320,2011-09-01T00:00:00,0.0,shenzaihu,"{""type"":""MultiPoint"",""coordinates"":[]}"
321,2011-10-01T00:00:00,0.013106394104003907,shenzaihu,"{""type"":""MultiPoint"",""coordinates"":[]}"
322,2011-11-01T00:00:00,1.2401347587881053,shenzaihu,"{""type"":""MultiPoint"",""coordinates"":[]}"
323,2011-12-01T00:00:00,0.0,shenzaihu,"{""type"":""MultiPoint"",""coordinates"":[]}"
324,2012-01-01T00:00:00,1.8551603908866137,shenzaihu,"{""type"":""MultiPoint"",""coordinates"":[]}"
325,2012-02-01T00:00:00,1.4951638544601147,shenzaihu,"{""type"":""MultiPoint"",""coordinates"":[]}"
326,2012-03-01T00:00:00,1.3388869613312366,shenzaihu,"{""type"":""MultiPoint"",""coordinates"":[]}"
327,2012-04-01T00:00:00,0.0,shenzaihu,"{""type"":""MultiPoint"",""coordinates"":[]}"
328,2012-05-01T00:00:00,1.2400750835145242,shenzaihu,"{""type"":""MultiPoint"",""coordinates"":[]}"
329,2012-06-01T00:00:00,1.0615634885864258,shenzaihu,"{""type"":""MultiPoint"",""coordinates"":[]}"
330,2012-07-01T00:00:00,0.014647640747070312,shenzaihu,"{""type"":""MultiPoint"",""coordinates"":[]}"
331,2012-08-01T00:00:00,0.0,shenzaihu,"{""type"":""MultiPoint"",""coordinates"":[]}"
332,2012-09-01T00:00:00,0.34198874753777,shenzaihu,"{""type"":""MultiPoint"",""coordinates"":[]}"
333,2012-10-01T00:00:00,0.0,shenzaihu,"{""type"":""MultiPoint"",""coordinates"":[]}"
334,2012-11-01T00:00:00,0.0,shenzaihu,"{""type"":""MultiPoint"",""coordinates"":[]}"
335,2012-12-01T00:00:00,0.0,shenzaihu,"{""type"":""MultiPoint"",""coordinates"":[]}"
336,2013-01-01T00:00:00,2.0124907644935766,shenzaihu,"{""type"":""MultiPoint"",""coordinates"":[]}"
337,2013-02-01T00:00:00,0.0,shenzaihu,"{""type"":""MultiPoint"",""coordinates"":[]}"
338,2013-03-01T00:00:00,0.0,shenzaihu,"{""type"":""MultiPoint"",""coordinates"":[]}"
339,2013-04-01T00:00:00,1.0947224276733398,shenzaihu,"{""type"":""MultiPoint"",""coordinates"":[]}"
340,2013-05-01T00:00:00,1.329097961743643,shenzaihu,"{""type"":""MultiPoint"",""coordinates"":[]}"
341,2013-06-01T00:00:00,0.8502876024813784,shenzaihu,"{""type"":""MultiPoint"",""coordinates"":[]}"
342,2013-07-01T00:00:00,1.2806791160443476,shenzaihu,"{""type"":""MultiPoint"",""coordinates"":[]}"
343,2013-08-01T00:00:00,1.3976254266941448,shenzaihu,"{""type"":""MultiPoint"",""coordinates"":[]}"
344,2013-09-01T00:00:00,1.4513883337493299,shenzaihu,"{""type"":""MultiPoint"",""coordinates"":[]}"
345,2013-10-01T00:00:00,1.6182777822931036,shenzaihu,"{""type"":""MultiPoint"",""coordinates"":[]}"
346,2013-11-01T00:00:00,1.7088979890957707,shenzaihu,"{""type"":""MultiPoint"",""coordinates"":[]}"
347,2013-12-01T00:00:00,0.0,shenzaihu,"{""type"":""MultiPoint"",""coordinates"":[]}"
348,2014-01-01T00:00:00,1.9474494501385864,shenzaihu,"{""type"":""MultiPoint"",""coordinates"":[]}"
349,2014-02-01T00:00:00,0.0,shenzaihu,"{""type"":""MultiPoint"",""coordinates"":[]}"
350,2014-03-01T00:00:00,0.0,shenzaihu,"{""type"":""MultiPoint"",""coordinates"":[]}"
351,2014-04-01T00:00:00,0.0,shenzaihu,"{""type"":""MultiPoint"",""coordinates"":[]}"
352,2014-05-01T00:00:00,0.7200451158447265,shenzaihu,"{""type"":""MultiPoint"",""coordinates"":[]}"
353,2014-06-01T00:00:00,0.0,shenzaihu,"{""type"":""MultiPoint"",""coordinates"":[]}"
354,2014-07-01T00:00:00,0.1017615205078125,shenzaihu,"{""type"":""MultiPoint"",""coordinates"":[]}"
355,2014-08-01T00:00:00,0.32457366436767576,shenzaihu,"{""type"":""MultiPoint"",""coordinates"":[]}"
356,2014-09-01T00:00:00,1.5493905700843966,shenzaihu,"{""type"":""MultiPoint"",""coordinates"":[]}"
357,2014-10-01T00:00:00,1.608744171591606,shenzaihu,"{""type"":""MultiPoint"",""coordinates"":[]}"
358,2014-11-01T00:00:00,0.0,shenzaihu,"{""type"":""MultiPoint"",""coordinates"":[]}"
359,2014-12-01T00:00:00,0.0,shenzaihu,"{""type"":""MultiPoint"",""coordinates"":[]}"
360,2015-01-01T00:00:00,0.0,shenzaihu,"{""type"":""MultiPoint"",""coordinates"":[]}"
361,2015-02-01T00:00:00,0.0,shenzaihu,"{""type"":""MultiPoint"",""coordinates"":[]}"
362,2015-03-01T00:00:00,1.2057551730569283,shenzaihu,"{""type"":""MultiPoint"",""coordinates"":[]}"
363,2015-04-01T00:00:00,0.48012449635775695,shenzaihu,"{""type"":""MultiPoint"",""coordinates"":[]}"
364,2015-05-01T00:00:00,0.0,shenzaihu,"{""type"":""MultiPoint"",""coordinates"":[]}"
365,2015-06-01T00:00:00,0.0,shenzaihu,"{""type"":""MultiPoint"",""coordinates"":[]}"
366,2015-07-01T00:00:00,1.3067999028954602,shenzaihu,"{""type"":""MultiPoint"",""coordinates"":[]}"
367,2015-08-01T00:00:00,1.5303645348161294,shenzaihu,"{""type"":""MultiPoint"",""coordinates"":[]}"
368,2015-09-01T00:00:00,1.156187981644455,shenzaihu,"{""type"":""MultiPoint"",""coordinates"":[]}"
369,2015-10-01T00:00:00,1.5391372669426415,shenzaihu,"{""type"":""MultiPoint"",""coordinates"":[]}"
370,2015-11-01T00:00:00,1.7929866380316049,shenzaihu,"{""type"":""MultiPoint"",""coordinates"":[]}"
371,2015-12-01T00:00:00,0.0,shenzaihu,"{""type"":""MultiPoint"",""coordinates"":[]}"
372,2016-01-01T00:00:00,0.0,shenzaihu,"{""type"":""MultiPoint"",""coordinates"":[]}"
373,2016-02-01T00:00:00,1.363315387943044,shenzaihu,"{""type"":""MultiPoint"",""coordinates"":[]}"
374,2016-03-01T00:00:00,1.652854913241518,shenzaihu,"{""type"":""MultiPoint"",""coordinates"":[]}"
375,2016-04-01T00:00:00,0.6636727737381282,shenzaihu,"{""type"":""MultiPoint"",""coordinates"":[]}"
376,2016-05-01T00:00:00,0.1164097001953125,shenzaihu,"{""type"":""MultiPoint"",""coordinates"":[]}"
377,2016-06-01T00:00:00,0.2112423775024414,shenzaihu,"{""type"":""MultiPoint"",""coordinates"":[]}"
378,2016-07-01T00:00:00,1.4973777620619833,shenzaihu,"{""type"":""MultiPoint"",""coordinates"":[]}"
379,2016-08-01T00:00:00,0.014647391174316406,shenzaihu,"{""type"":""MultiPoint"",""coordinates"":[]}"
380,2016-09-01T00:00:00,1.483844939279594,shenzaihu,"{""type"":""MultiPoint"",""coordinates"":[]}"
381,2016-10-01T00:00:00,0.008480561950683594,shenzaihu,"{""type"":""MultiPoint"",""coordinates"":[]}"
382,2016-11-01T00:00:00,1.6946409150840613,shenzaihu,"{""type"":""MultiPoint"",""coordinates"":[]}"
383,2016-12-01T00:00:00,0.0,shenzaihu,"{""type"":""MultiPoint"",""coordinates"":[]}"
384,2017-01-01T00:00:00,0.0,shenzaihu,"{""type"":""MultiPoint"",""coordinates"":[]}"
385,2017-02-01T00:00:00,1.7104727046609316,shenzaihu,"{""type"":""MultiPoint"",""coordinates"":[]}"
386,2017-03-01T00:00:00,0.0038547613525390626,shenzaihu,"{""type"":""MultiPoint"",""coordinates"":[]}"
387,2017-04-01T00:00:00,0.8710374276427028,shenzaihu,"{""type"":""MultiPoint"",""coordinates"":[]}"
388,2017-05-01T00:00:00,0.0,shenzaihu,"{""type"":""MultiPoint"",""coordinates"":[]}"
389,2017-06-01T00:00:00,0.11487097906494141,shenzaihu,"{""type"":""MultiPoint"",""coordinates"":[]}"
390,2017-07-01T00:00:00,1.0035888049787933,shenzaihu,"{""type"":""MultiPoint"",""coordinates"":[]}"
391,2017-08-01T00:00:00,1.4604711720104746,shenzaihu,"{""type"":""MultiPoint"",""coordinates"":[]}"
392,2017-09-01T00:00:00,1.1809490589391372,shenzaihu,"{""type"":""MultiPoint"",""coordinates"":[]}"
393,2017-10-01T00:00:00,1.6629819453136974,shenzaihu,"{""type"":""MultiPoint"",""coordinates"":[]}"
394,2017-11-01T00:00:00,1.612529046602377,shenzaihu,"{""type"":""MultiPoint"",""coordinates"":[]}"
395,2017-12-01T00:00:00,0.0,shenzaihu,"{""type"":""MultiPoint"",""coordinates"":[]}"
396,2018-01-01T00:00:00,0.0,shenzaihu,"{""type"":""MultiPoint"",""coordinates"":[]}"
397,2018-02-01T00:00:00,1.3998749496759155,shenzaihu,"{""type"":""MultiPoint"",""coordinates"":[]}"
398,2018-03-01T00:00:00,1.6173688775933963,shenzaihu,"{""type"":""MultiPoint"",""coordinates"":[]}"
399,2018-04-01T00:00:00,1.527368739205394,shenzaihu,"{""type"":""MultiPoint"",""coordinates"":[]}"
400,2018-05-01T00:00:00,0.06552880975341797,shenzaihu,"{""type"":""MultiPoint"",""coordinates"":[]}"
401,2018-06-01T00:00:00,1.4572196579427084,shenzaihu,"{""type"":""MultiPoint"",""coordinates"":[]}"
402,2018-07-01T00:00:00,1.5507476966349287,shenzaihu,"{""type"":""MultiPoint"",""coordinates"":[]}"
403,2018-08-01T00:00:00,1.5033693844681086,shenzaihu,"{""type"":""MultiPoint"",""coordinates"":[]}"
404,2018-09-01T00:00:00,1.5102776960700546,shenzaihu,"{""type"":""MultiPoint"",""coordinates"":[]}"
405,2018-10-01T00:00:00,1.5717836467280375,shenzaihu,"{""type"":""MultiPoint"",""coordinates"":[]}"
406,2018-11-01T00:00:00,1.7577280740255923,shenzaihu,"{""type"":""MultiPoint"",""coordinates"":[]}"
407,2018-12-01T00:00:00,0.0,shenzaihu,"{""type"":""MultiPoint"",""coordinates"":[]}"
408,2019-01-01T00:00:00,0.0,shenzaihu,"{""type"":""MultiPoint"",""coordinates"":[]}"
409,2019-02-01T00:00:00,0.004625739135742188,shenzaihu,"{""type"":""MultiPoint"",""coordinates"":[]}"
410,2019-03-01T00:00:00,1.6852757239628815,shenzaihu,"{""type"":""MultiPoint"",""coordinates"":[]}"
411,2019-04-01T00:00:00,1.2771767826140765,shenzaihu,"{""type"":""MultiPoint"",""coordinates"":[]}"
412,2019-05-01T00:00:00,0.0,shenzaihu,"{""type"":""MultiPoint"",""coordinates"":[]}"
413,2019-06-01T00:00:00,1.4441059673995678,shenzaihu,"{""type"":""MultiPoint"",""coordinates"":[]}"
414,2019-07-01T00:00:00,0.9595550459680894,shenzaihu,"{""type"":""MultiPoint"",""coordinates"":[]}"
415,2019-08-01T00:00:00,1.52352958494538,shenzaihu,"{""type"":""MultiPoint"",""coordinates"":[]}"
416,2019-09-01T00:00:00,1.0105746926140282,shenzaihu,"{""type"":""MultiPoint"",""coordinates"":[]}"
417,2019-10-01T00:00:00,1.6067151615562294,shenzaihu,"{""type"":""MultiPoint"",""coordinates"":[]}"
418,2019-11-01T00:00:00,1.5687071069206693,shenzaihu,"{""type"":""MultiPoint"",""coordinates"":[]}"
419,2019-12-01T00:00:00,0.0,shenzaihu,"{""type"":""MultiPoint"",""coordinates"":[]}"
420,2020-01-01T00:00:00,0.0,shenzaihu,"{""type"":""MultiPoint"",""coordinates"":[]}"
421,2020-02-01T00:00:00,1.8533783733855604,shenzaihu,"{""type"":""MultiPoint"",""coordinates"":[]}"
422,2020-03-01T00:00:00,1.5062140033152864,shenzaihu,"{""type"":""MultiPoint"",""coordinates"":[]}"
423,2020-04-01T00:00:00,1.5381884536743167,shenzaihu,"{""type"":""MultiPoint"",""coordinates"":[]}"
424,2020-05-01T00:00:00,1.1357019523786958,shenzaihu,"{""type"":""MultiPoint"",""coordinates"":[]}"
425,2020-06-01T00:00:00,0.9729689352709004,shenzaihu,"{""type"":""MultiPoint"",""coordinates"":[]}"
426,2020-07-01T00:00:00,0.0,shenzaihu,"{""type"":""MultiPoint"",""coordinates"":[]}"
427,2020-08-01T00:00:00,1.5786842263856182,shenzaihu,"{""type"":""MultiPoint"",""coordinates"":[]}"
428,2020-09-01T00:00:00,0.7071158404339958,shenzaihu,"{""type"":""MultiPoint"",""coordinates"":[]}"
429,2020-10-01T00:00:00,1.5322538746538954,shenzaihu,"{""type"":""MultiPoint"",""coordinates"":[]}"
430,2020-11-01T00:00:00,0.3771362712170171,shenzaihu,"{""type"":""MultiPoint"",""coordinates"":[]}"
431,2020-12-01T00:00:00,0.0,shenzaihu,"{""type"":""MultiPoint"",""coordinates"":[]}"
