system:index,Date,area_km2,lake,.geo
0,1985-01-01T00:00:00,0.0,xihu,"{""type"":""MultiPoint"",""coordinates"":[]}"
1,1985-02-01T00:00:00,0.0,xihu,"{""type"":""MultiPoint"",""coordinates"":[]}"
2,1985-03-01T00:00:00,0.0,xihu,"{""type"":""MultiPoint"",""coordinates"":[]}"
3,1985-04-01T00:00:00,0.0,xihu,"{""type"":""MultiPoint"",""coordinates"":[]}"
4,1985-05-01T00:00:00,0.0,xihu,"{""type"":""MultiPoint"",""coordinates"":[]}"
5,1985-06-01T00:00:00,0.0,xihu,"{""type"":""MultiPoint"",""coordinates"":[]}"
6,1985-07-01T00:00:00,0.0,xihu,"{""type"":""MultiPoint"",""coordinates"":[]}"
7,1985-08-01T00:00:00,0.0,xihu,"{""type"":""MultiPoint"",""coordinates"":[]}"
8,1985-09-01T00:00:00,0.0,xihu,"{""type"":""MultiPoint"",""coordinates"":[]}"
9,1985-10-01T00:00:00,0.0,xihu,"{""type"":""MultiPoint"",""coordinates"":[]}"
10,1985-11-01T00:00:00,0.0,xihu,"{""type"":""MultiPoint"",""coordinates"":[]}"
11,1985-12-01T00:00:00,0.0,xihu,"{""type"":""MultiPoint"",""coordinates"":[]}"
12,1986-01-01T00:00:00,0.0,xihu,"{""type"":""MultiPoint"",""coordinates"":[]}"
13,1986-02-01T00:00:00,0.0,xihu,"{""type"":""MultiPoint"",""coordinates"":[]}"
14,1986-03-01T00:00:00,0.0,xihu,"{""type"":""MultiPoint"",""coordinates"":[]}"
15,1986-04-01T00:00:00,0.0,xihu,"{""type"":""MultiPoint"",""coordinates"":[]}"
16,1986-05-01T00:00:00,0.0,xihu,"{""type"":""MultiPoint"",""coordinates"":[]}"
17,1986-06-01T00:00:00,0.0,xihu,"{""type"":""MultiPoint"",""coordinates"":[]}"
18,1986-07-01T00:00:00,0.0,xihu,"{""type"":""MultiPoint"",""coordinates"":[]}"
19,1986-08-01T00:00:00,0.0,xihu,"{""type"":""MultiPoint"",""coordinates"":[]}"
20,1986-09-01T00:00:00,0.0,xihu,"{""type"":""MultiPoint"",""coordinates"":[]}"
21,1986-10-01T00:00:00,0.0,xihu,"{""type"":""MultiPoint"",""coordinates"":[]}"
22,1986-11-01T00:00:00,0.0,xihu,"{""type"":""MultiPoint"",""coordinates"":[]}"
23,1986-12-01T00:00:00,0.0,xihu,"{""type"":""MultiPoint"",""coordinates"":[]}"
24,1987-01-01T00:00:00,0.0,xihu,"{""type"":""MultiPoint"",""coordinates"":[]}"
25,1987-02-01T00:00:00,0.0,xihu,"{""type"":""MultiPoint"",""coordinates"":[]}"
26,1987-03-01T00:00:00,0.0,xihu,"{""type"":""MultiPoint"",""coordinates"":[]}"
27,1987-04-01T00:00:00,0.0,xihu,"{""type"":""MultiPoint"",""coordinates"":[]}"
28,1987-05-01T00:00:00,0.0,xihu,"{""type"":""MultiPoint"",""coordinates"":[]}"
29,1987-06-01T00:00:00,0.0,xihu,"{""type"":""MultiPoint"",""coordinates"":[]}"
30,1987-07-01T00:00:00,0.0,xihu,"{""type"":""MultiPoint"",""coordinates"":[]}"
31,1987-08-01T00:00:00,0.0,xihu,"{""type"":""MultiPoint"",""coordinates"":[]}"
32,1987-09-01T00:00:00,7.083360905912987,xihu,"{""type"":""MultiPoint"",""coordinates"":[]}"
33,1987-10-01T00:00:00,0.0,xihu,"{""type"":""MultiPoint"",""coordinates"":[]}"
34,1987-11-01T00:00:00,0.0,xihu,"{""type"":""MultiPoint"",""coordinates"":[]}"
35,1987-12-01T00:00:00,0.0,xihu,"{""type"":""MultiPoint"",""coordinates"":[]}"
36,1988-01-01T00:00:00,0.0,xihu,"{""type"":""MultiPoint"",""coordinates"":[]}"
37,1988-02-01T00:00:00,0.0,xihu,"{""type"":""MultiPoint"",""coordinates"":[]}"
38,1988-03-01T00:00:00,0.0,xihu,"{""type"":""MultiPoint"",""coordinates"":[]}"
39,1988-04-01T00:00:00,0.0,xihu,"{""type"":""MultiPoint"",""coordinates"":[]}"
40,1988-05-01T00:00:00,0.0,xihu,"{""type"":""MultiPoint"",""coordinates"":[]}"
41,1988-06-01T00:00:00,0.0,xihu,"{""type"":""MultiPoint"",""coordinates"":[]}"
42,1988-07-01T00:00:00,0.0,xihu,"{""type"":""MultiPoint"",""coordinates"":[]}"
43,1988-08-01T00:00:00,0.0,xihu,"{""type"":""MultiPoint"",""coordinates"":[]}"
44,1988-09-01T00:00:00,0.0,xihu,"{""type"":""MultiPoint"",""coordinates"":[]}"
45,1988-10-01T00:00:00,0.0,xihu,"{""type"":""MultiPoint"",""coordinates"":[]}"
46,1988-11-01T00:00:00,0.0,xihu,"{""type"":""MultiPoint"",""coordinates"":[]}"
47,1988-12-01T00:00:00,0.0,xihu,"{""type"":""MultiPoint"",""coordinates"":[]}"
48,1989-01-01T00:00:00,0.0,xihu,"{""type"":""MultiPoint"",""coordinates"":[]}"
49,1989-02-01T00:00:00,0.0,xihu,"{""type"":""MultiPoint"",""coordinates"":[]}"
50,1989-03-01T00:00:00,0.0,xihu,"{""type"":""MultiPoint"",""coordinates"":[]}"
51,1989-04-01T00:00:00,0.0,xihu,"{""type"":""MultiPoint"",""coordinates"":[]}"
52,1989-05-01T00:00:00,0.0,xihu,"{""type"":""MultiPoint"",""coordinates"":[]}"
53,1989-06-01T00:00:00,0.0,xihu,"{""type"":""MultiPoint"",""coordinates"":[]}"
54,1989-07-01T00:00:00,0.0,xihu,"{""type"":""MultiPoint"",""coordinates"":[]}"
55,1989-08-01T00:00:00,0.0,xihu,"{""type"":""MultiPoint"",""coordinates"":[]}"
56,1989-09-01T00:00:00,0.0,xihu,"{""type"":""MultiPoint"",""coordinates"":[]}"
57,1989-10-01T00:00:00,0.0,xihu,"{""type"":""MultiPoint"",""coordinates"":[]}"
58,1989-11-01T00:00:00,0.0,xihu,"{""type"":""MultiPoint"",""coordinates"":[]}"
59,1989-12-01T00:00:00,0.0,xihu,"{""type"":""MultiPoint"",""coordinates"":[]}"
60,1990-01-01T00:00:00,0.0,xihu,"{""type"":""MultiPoint"",""coordinates"":[]}"
61,1990-02-01T00:00:00,0.0,xihu,"{""type"":""MultiPoint"",""coordinates"":[]}"
62,1990-03-01T00:00:00,0.0,xihu,"{""type"":""MultiPoint"",""coordinates"":[]}"
63,1990-04-01T00:00:00,0.0,xihu,"{""type"":""MultiPoint"",""coordinates"":[]}"
64,1990-05-01T00:00:00,0.0,xihu,"{""type"":""MultiPoint"",""coordinates"":[]}"
65,1990-06-01T00:00:00,0.0,xihu,"{""type"":""MultiPoint"",""coordinates"":[]}"
66,1990-07-01T00:00:00,0.0,xihu,"{""type"":""MultiPoint"",""coordinates"":[]}"
67,1990-08-01T00:00:00,0.0,xihu,"{""type"":""MultiPoint"",""coordinates"":[]}"
68,1990-09-01T00:00:00,8.401264205242324,xihu,"{""type"":""MultiPoint"",""coordinates"":[]}"
69,1990-10-01T00:00:00,0.0,xihu,"{""type"":""MultiPoint"",""coordinates"":[]}"
70,1990-11-01T00:00:00,0.0,xihu,"{""type"":""MultiPoint"",""coordinates"":[]}"
71,1990-12-01T00:00:00,0.0,xihu,"{""type"":""MultiPoint"",""coordinates"":[]}"
72,1991-01-01T00:00:00,0.0,xihu,"{""type"":""MultiPoint"",""coordinates"":[]}"
73,1991-02-01T00:00:00,0.0,xihu,"{""type"":""MultiPoint"",""coordinates"":[]}"
74,1991-03-01T00:00:00,0.0,xihu,"{""type"":""MultiPoint"",""coordinates"":[]}"
75,1991-04-01T00:00:00,0.0,xihu,"{""type"":""MultiPoint"",""coordinates"":[]}"
76,1991-05-01T00:00:00,0.0,xihu,"{""type"":""MultiPoint"",""coordinates"":[]}"
77,1991-06-01T00:00:00,0.0,xihu,"{""type"":""MultiPoint"",""coordinates"":[]}"
78,1991-07-01T00:00:00,13.585890725771208,xihu,"{""type"":""MultiPoint"",""coordinates"":[]}"
79,1991-08-01T00:00:00,0.0,xihu,"{""type"":""MultiPoint"",""coordinates"":[]}"
80,1991-09-01T00:00:00,0.0,xihu,"{""type"":""MultiPoint"",""coordinates"":[]}"
81,1991-10-01T00:00:00,0.0,xihu,"{""type"":""MultiPoint"",""coordinates"":[]}"
82,1991-11-01T00:00:00,0.0,xihu,"{""type"":""MultiPoint"",""coordinates"":[]}"
83,1991-12-01T00:00:00,0.0,xihu,"{""type"":""MultiPoint"",""coordinates"":[]}"
84,1992-01-01T00:00:00,15.706608904360065,xihu,"{""type"":""MultiPoint"",""coordinates"":[]}"
85,1992-02-01T00:00:00,0.36882019849303005,xihu,"{""type"":""MultiPoint"",""coordinates"":[]}"
86,1992-03-01T00:00:00,0.0,xihu,"{""type"":""MultiPoint"",""coordinates"":[]}"
87,1992-04-01T00:00:00,0.0,xihu,"{""type"":""MultiPoint"",""coordinates"":[]}"
88,1992-05-01T00:00:00,0.0,xihu,"{""type"":""MultiPoint"",""coordinates"":[]}"
89,1992-06-01T00:00:00,0.0,xihu,"{""type"":""MultiPoint"",""coordinates"":[]}"
90,1992-07-01T00:00:00,0.0,xihu,"{""type"":""MultiPoint"",""coordinates"":[]}"
91,1992-08-01T00:00:00,0.0,xihu,"{""type"":""MultiPoint"",""coordinates"":[]}"
92,1992-09-01T00:00:00,0.0,xihu,"{""type"":""MultiPoint"",""coordinates"":[]}"
93,1992-10-01T00:00:00,0.0,xihu,"{""type"":""MultiPoint"",""coordinates"":[]}"
94,1992-11-01T00:00:00,0.0,xihu,"{""type"":""MultiPoint"",""coordinates"":[]}"
95,1992-12-01T00:00:00,0.0,xihu,"{""type"":""MultiPoint"",""coordinates"":[]}"
96,1993-01-01T00:00:00,0.0,xihu,"{""type"":""MultiPoint"",""coordinates"":[]}"
97,1993-02-01T00:00:00,0.0,xihu,"{""type"":""MultiPoint"",""coordinates"":[]}"
98,1993-03-01T00:00:00,0.0,xihu,"{""type"":""MultiPoint"",""coordinates"":[]}"
99,1993-04-01T00:00:00,0.0,xihu,"{""type"":""MultiPoint"",""coordinates"":[]}"
100,1993-05-01T00:00:00,0.0,xihu,"{""type"":""MultiPoint"",""coordinates"":[]}"
101,1993-06-01T00:00:00,0.0,xihu,"{""type"":""MultiPoint"",""coordinates"":[]}"
102,1993-07-01T00:00:00,0.0,xihu,"{""type"":""MultiPoint"",""coordinates"":[]}"
103,1993-08-01T00:00:00,0.0,xihu,"{""type"":""MultiPoint"",""coordinates"":[]}"
104,1993-09-01T00:00:00,0.0,xihu,"{""type"":""MultiPoint"",""coordinates"":[]}"
105,1993-10-01T00:00:00,11.195997960316145,xihu,"{""type"":""MultiPoint"",""coordinates"":[]}"
106,1993-11-01T00:00:00,0.0,xihu,"{""type"":""MultiPoint"",""coordinates"":[]}"
107,1993-12-01T00:00:00,0.0,xihu,"{""type"":""MultiPoint"",""coordinates"":[]}"
108,1994-01-01T00:00:00,0.0,xihu,"{""type"":""MultiPoint"",""coordinates"":[]}"
109,1994-02-01T00:00:00,0.0,xihu,"{""type"":""MultiPoint"",""coordinates"":[]}"
110,1994-03-01T00:00:00,0.0,xihu,"{""type"":""MultiPoint"",""coordinates"":[]}"
111,1994-04-01T00:00:00,0.0,xihu,"{""type"":""MultiPoint"",""coordinates"":[]}"
112,1994-05-01T00:00:00,0.0,xihu,"{""type"":""MultiPoint"",""coordinates"":[]}"
113,1994-06-01T00:00:00,0.0,xihu,"{""type"":""MultiPoint"",""coordinates"":[]}"
114,1994-07-01T00:00:00,0.0,xihu,"{""type"":""MultiPoint"",""coordinates"":[]}"
115,1994-08-01T00:00:00,1.9342698669519762,xihu,"{""type"":""MultiPoint"",""coordinates"":[]}"
116,1994-09-01T00:00:00,5.533559062485159,xihu,"{""type"":""MultiPoint"",""coordinates"":[]}"
117,1994-10-01T00:00:00,0.0,xihu,"{""type"":""MultiPoint"",""coordinates"":[]}"
118,1994-11-01T00:00:00,0.0,xihu,"{""type"":""MultiPoint"",""coordinates"":[]}"
119,1994-12-01T00:00:00,0.0,xihu,"{""type"":""MultiPoint"",""coordinates"":[]}"
120,1995-01-01T00:00:00,0.0,xihu,"{""type"":""MultiPoint"",""coordinates"":[]}"
121,1995-02-01T00:00:00,0.0,xihu,"{""type"":""MultiPoint"",""coordinates"":[]}"
122,1995-03-01T00:00:00,0.0,xihu,"{""type"":""MultiPoint"",""coordinates"":[]}"
123,1995-04-01T00:00:00,5.100718423879346,xihu,"{""type"":""MultiPoint"",""coordinates"":[]}"
124,1995-05-01T00:00:00,0.48589872768267467,xihu,"{""type"":""MultiPoint"",""coordinates"":[]}"
125,1995-06-01T00:00:00,0.0,xihu,"{""type"":""MultiPoint"",""coordinates"":[]}"
126,1995-07-01T00:00:00,0.0,xihu,"{""type"":""MultiPoint"",""coordinates"":[]}"
127,1995-08-01T00:00:00,0.0,xihu,"{""type"":""MultiPoint"",""coordinates"":[]}"
128,1995-09-01T00:00:00,0.0,xihu,"{""type"":""MultiPoint"",""coordinates"":[]}"
129,1995-10-01T00:00:00,4.50588232856972,xihu,"{""type"":""MultiPoint"",""coordinates"":[]}"
130,1995-11-01T00:00:00,0.0,xihu,"{""type"":""MultiPoint"",""coordinates"":[]}"
131,1995-12-01T00:00:00,0.0,xihu,"{""type"":""MultiPoint"",""coordinates"":[]}"
132,1996-01-01T00:00:00,0.0,xihu,"{""type"":""MultiPoint"",""coordinates"":[]}"
133,1996-02-01T00:00:00,2.0147331064623066,xihu,"{""type"":""MultiPoint"",""coordinates"":[]}"
134,1996-03-01T00:00:00,0.0,xihu,"{""type"":""MultiPoint"",""coordinates"":[]}"
135,1996-04-01T00:00:00,0.0,xihu,"{""type"":""MultiPoint"",""coordinates"":[]}"
136,1996-05-01T00:00:00,0.0,xihu,"{""type"":""MultiPoint"",""coordinates"":[]}"
137,1996-06-01T00:00:00,6.927242251907409,xihu,"{""type"":""MultiPoint"",""coordinates"":[]}"
138,1996-07-01T00:00:00,0.0,xihu,"{""type"":""MultiPoint"",""coordinates"":[]}"
139,1996-08-01T00:00:00,0.39254640661621093,xihu,"{""type"":""MultiPoint"",""coordinates"":[]}"
140,1996-09-01T00:00:00,4.25217443108293,xihu,"{""type"":""MultiPoint"",""coordinates"":[]}"
141,1996-10-01T00:00:00,12.112153530526667,xihu,"{""type"":""MultiPoint"",""coordinates"":[]}"
142,1996-11-01T00:00:00,0.0,xihu,"{""type"":""MultiPoint"",""coordinates"":[]}"
143,1996-12-01T00:00:00,0.0,xihu,"{""type"":""MultiPoint"",""coordinates"":[]}"
144,1997-01-01T00:00:00,0.0,xihu,"{""type"":""MultiPoint"",""coordinates"":[]}"
145,1997-02-01T00:00:00,0.0,xihu,"{""type"":""MultiPoint"",""coordinates"":[]}"
146,1997-03-01T00:00:00,0.0,xihu,"{""type"":""MultiPoint"",""coordinates"":[]}"
147,1997-04-01T00:00:00,0.0,xihu,"{""type"":""MultiPoint"",""coordinates"":[]}"
148,1997-05-01T00:00:00,0.0,xihu,"{""type"":""MultiPoint"",""coordinates"":[]}"
149,1997-06-01T00:00:00,0.0,xihu,"{""type"":""MultiPoint"",""coordinates"":[]}"
150,1997-07-01T00:00:00,0.0,xihu,"{""type"":""MultiPoint"",""coordinates"":[]}"
151,1997-08-01T00:00:00,0.0,xihu,"{""type"":""MultiPoint"",""coordinates"":[]}"
152,1997-09-01T00:00:00,0.0,xihu,"{""type"":""MultiPoint"",""coordinates"":[]}"
153,1997-10-01T00:00:00,0.0,xihu,"{""type"":""MultiPoint"",""coordinates"":[]}"
154,1997-11-01T00:00:00,0.0,xihu,"{""type"":""MultiPoint"",""coordinates"":[]}"
155,1997-12-01T00:00:00,0.0,xihu,"{""type"":""MultiPoint"",""coordinates"":[]}"
156,1998-01-01T00:00:00,0.0,xihu,"{""type"":""MultiPoint"",""coordinates"":[]}"
157,1998-02-01T00:00:00,0.0,xihu,"{""type"":""MultiPoint"",""coordinates"":[]}"
158,1998-03-01T00:00:00,0.0,xihu,"{""type"":""MultiPoint"",""coordinates"":[]}"
159,1998-04-01T00:00:00,0.0,xihu,"{""type"":""MultiPoint"",""coordinates"":[]}"
160,1998-05-01T00:00:00,0.0,xihu,"{""type"":""MultiPoint"",""coordinates"":[]}"
161,1998-06-01T00:00:00,0.0,xihu,"{""type"":""MultiPoint"",""coordinates"":[]}"
162,1998-07-01T00:00:00,0.0,xihu,"{""type"":""MultiPoint"",""coordinates"":[]}"
163,1998-08-01T00:00:00,0.0,xihu,"{""type"":""MultiPoint"",""coordinates"":[]}"
164,1998-09-01T00:00:00,0.0,xihu,"{""type"":""MultiPoint"",""coordinates"":[]}"
165,1998-10-01T00:00:00,0.0,xihu,"{""type"":""MultiPoint"",""coordinates"":[]}"
166,1998-11-01T00:00:00,0.0,xihu,"{""type"":""MultiPoint"",""coordinates"":[]}"
167,1998-12-01T00:00:00,0.0,xihu,"{""type"":""MultiPoint"",""coordinates"":[]}"
168,1999-01-01T00:00:00,0.0,xihu,"{""type"":""MultiPoint"",""coordinates"":[]}"
169,1999-02-01T00:00:00,0.0,xihu,"{""type"":""MultiPoint"",""coordinates"":[]}"
170,1999-03-01T00:00:00,0.0,xihu,"{""type"":""MultiPoint"",""coordinates"":[]}"
171,1999-04-01T00:00:00,0.0,xihu,"{""type"":""MultiPoint"",""coordinates"":[]}"
172,1999-05-01T00:00:00,0.0,xihu,"{""type"":""MultiPoint"",""coordinates"":[]}"
173,1999-06-01T00:00:00,0.0,xihu,"{""type"":""MultiPoint"",""coordinates"":[]}"
174,1999-07-01T00:00:00,0.0,xihu,"{""type"":""MultiPoint"",""coordinates"":[]}"
175,1999-08-01T00:00:00,0.0,xihu,"{""type"":""MultiPoint"",""coordinates"":[]}"
176,1999-09-01T00:00:00,0.09477800808799594,xihu,"{""type"":""MultiPoint"",""coordinates"":[]}"
177,1999-10-01T00:00:00,0.0,xihu,"{""type"":""MultiPoint"",""coordinates"":[]}"
178,1999-11-01T00:00:00,9.570586481153052,xihu,"{""type"":""MultiPoint"",""coordinates"":[]}"
179,1999-12-01T00:00:00,0.0,xihu,"{""type"":""MultiPoint"",""coordinates"":[]}"
180,2000-01-01T00:00:00,0.0,xihu,"{""type"":""MultiPoint"",""coordinates"":[]}"
181,2000-02-01T00:00:00,14.30484008518521,xihu,"{""type"":""MultiPoint"",""coordinates"":[]}"
182,2000-03-01T00:00:00,0.0,xihu,"{""type"":""MultiPoint"",""coordinates"":[]}"
183,2000-04-01T00:00:00,0.0,xihu,"{""type"":""MultiPoint"",""coordinates"":[]}"
184,2000-05-01T00:00:00,0.0,xihu,"{""type"":""MultiPoint"",""coordinates"":[]}"
185,2000-06-01T00:00:00,1.0463162042846679,xihu,"{""type"":""MultiPoint"",""coordinates"":[]}"
186,2000-07-01T00:00:00,2.9611121228309787,xihu,"{""type"":""MultiPoint"",""coordinates"":[]}"
187,2000-08-01T00:00:00,0.5092600944213868,xihu,"{""type"":""MultiPoint"",""coordinates"":[]}"
188,2000-09-01T00:00:00,6.594874844283994,xihu,"{""type"":""MultiPoint"",""coordinates"":[]}"
189,2000-10-01T00:00:00,14.011150334728995,xihu,"{""type"":""MultiPoint"",""coordinates"":[]}"
190,2000-11-01T00:00:00,0.025497155822753907,xihu,"{""type"":""MultiPoint"",""coordinates"":[]}"
191,2000-12-01T00:00:00,0.0,xihu,"{""type"":""MultiPoint"",""coordinates"":[]}"
192,2001-01-01T00:00:00,15.025085755877074,xihu,"{""type"":""MultiPoint"",""coordinates"":[]}"
193,2001-02-01T00:00:00,0.2912467437473672,xihu,"{""type"":""MultiPoint"",""coordinates"":[]}"
194,2001-03-01T00:00:00,12.78575569159749,xihu,"{""type"":""MultiPoint"",""coordinates"":[]}"
195,2001-04-01T00:00:00,3.3857938184326186,xihu,"{""type"":""MultiPoint"",""coordinates"":[]}"
196,2001-05-01T00:00:00,3.7613049936047136,xihu,"{""type"":""MultiPoint"",""coordinates"":[]}"
197,2001-06-01T00:00:00,0.0,xihu,"{""type"":""MultiPoint"",""coordinates"":[]}"
198,2001-07-01T00:00:00,6.124977831143245,xihu,"{""type"":""MultiPoint"",""coordinates"":[]}"
199,2001-08-01T00:00:00,0.0,xihu,"{""type"":""MultiPoint"",""coordinates"":[]}"
200,2001-09-01T00:00:00,7.72860409104578,xihu,"{""type"":""MultiPoint"",""coordinates"":[]}"
201,2001-10-01T00:00:00,2.0593708887530164,xihu,"{""type"":""MultiPoint"",""coordinates"":[]}"
202,2001-11-01T00:00:00,12.743429156290212,xihu,"{""type"":""MultiPoint"",""coordinates"":[]}"
203,2001-12-01T00:00:00,0.0,xihu,"{""type"":""MultiPoint"",""coordinates"":[]}"
204,2002-01-01T00:00:00,0.03892704725557215,xihu,"{""type"":""MultiPoint"",""coordinates"":[]}"
205,2002-02-01T00:00:00,11.537888268251667,xihu,"{""type"":""MultiPoint"",""coordinates"":[]}"
206,2002-03-01T00:00:00,10.919872347441308,xihu,"{""type"":""MultiPoint"",""coordinates"":[]}"
207,2002-04-01T00:00:00,4.11071283619313,xihu,"{""type"":""MultiPoint"",""coordinates"":[]}"
208,2002-05-01T00:00:00,0.0,xihu,"{""type"":""MultiPoint"",""coordinates"":[]}"
209,2002-06-01T00:00:00,1.0920202506713867,xihu,"{""type"":""MultiPoint"",""coordinates"":[]}"
210,2002-07-01T00:00:00,10.240217174813779,xihu,"{""type"":""MultiPoint"",""coordinates"":[]}"
211,2002-08-01T00:00:00,10.804546947355139,xihu,"{""type"":""MultiPoint"",""coordinates"":[]}"
212,2002-09-01T00:00:00,11.42974117652922,xihu,"{""type"":""MultiPoint"",""coordinates"":[]}"
213,2002-10-01T00:00:00,14.364573940500774,xihu,"{""type"":""MultiPoint"",""coordinates"":[]}"
214,2002-11-01T00:00:00,4.018258944429048,xihu,"{""type"":""MultiPoint"",""coordinates"":[]}"
215,2002-12-01T00:00:00,0.0,xihu,"{""type"":""MultiPoint"",""coordinates"":[]}"
216,2003-01-01T00:00:00,16.490879944435502,xihu,"{""type"":""MultiPoint"",""coordinates"":[]}"
217,2003-02-01T00:00:00,15.721999694944847,xihu,"{""type"":""MultiPoint"",""coordinates"":[]}"
218,2003-03-01T00:00:00,4.1091185203019664,xihu,"{""type"":""MultiPoint"",""coordinates"":[]}"
219,2003-04-01T00:00:00,13.46145451687466,xihu,"{""type"":""MultiPoint"",""coordinates"":[]}"
220,2003-05-01T00:00:00,9.492343380259792,xihu,"{""type"":""MultiPoint"",""coordinates"":[]}"
221,2003-06-01T00:00:00,0.250372129699707,xihu,"{""type"":""MultiPoint"",""coordinates"":[]}"
222,2003-07-01T00:00:00,9.179230771672744,xihu,"{""type"":""MultiPoint"",""coordinates"":[]}"
223,2003-08-01T00:00:00,0.0030917879028320313,xihu,"{""type"":""MultiPoint"",""coordinates"":[]}"
224,2003-09-01T00:00:00,10.705051451519164,xihu,"{""type"":""MultiPoint"",""coordinates"":[]}"
225,2003-10-01T00:00:00,13.711803441891648,xihu,"{""type"":""MultiPoint"",""coordinates"":[]}"
226,2003-11-01T00:00:00,15.394794300188614,xihu,"{""type"":""MultiPoint"",""coordinates"":[]}"
227,2003-12-01T00:00:00,0.0,xihu,"{""type"":""MultiPoint"",""coordinates"":[]}"
228,2004-01-01T00:00:00,15.793586806284225,xihu,"{""type"":""MultiPoint"",""coordinates"":[]}"
229,2004-02-01T00:00:00,14.654792533404658,xihu,"{""type"":""MultiPoint"",""coordinates"":[]}"
230,2004-03-01T00:00:00,12.357011423706068,xihu,"{""type"":""MultiPoint"",""coordinates"":[]}"
231,2004-04-01T00:00:00,5.497915454838295,xihu,"{""type"":""MultiPoint"",""coordinates"":[]}"
232,2004-05-01T00:00:00,0.008189692985744103,xihu,"{""type"":""MultiPoint"",""coordinates"":[]}"
233,2004-06-01T00:00:00,0.09119622877699908,xihu,"{""type"":""MultiPoint"",""coordinates"":[]}"
234,2004-07-01T00:00:00,6.2058705268375185,xihu,"{""type"":""MultiPoint"",""coordinates"":[]}"
235,2004-08-01T00:00:00,0.1445157080078125,xihu,"{""type"":""MultiPoint"",""coordinates"":[]}"
236,2004-09-01T00:00:00,10.389788242985023,xihu,"{""type"":""MultiPoint"",""coordinates"":[]}"
237,2004-10-01T00:00:00,12.769068639556526,xihu,"{""type"":""MultiPoint"",""coordinates"":[]}"
238,2004-11-01T00:00:00,14.13660259085406,xihu,"{""type"":""MultiPoint"",""coordinates"":[]}"
239,2004-12-01T00:00:00,0.0,xihu,"{""type"":""MultiPoint"",""coordinates"":[]}"
240,2005-01-01T00:00:00,15.322119583479815,xihu,"{""type"":""MultiPoint"",""coordinates"":[]}"
241,2005-02-01T00:00:00,15.023959890040013,xihu,"{""type"":""MultiPoint"",""coordinates"":[]}"
242,2005-03-01T00:00:00,14.307883249113438,xihu,"{""type"":""MultiPoint"",""coordinates"":[]}"
243,2005-04-01T00:00:00,3.13643740918256,xihu,"{""type"":""MultiPoint"",""coordinates"":[]}"
244,2005-05-01T00:00:00,9.130234964707798,xihu,"{""type"":""MultiPoint"",""coordinates"":[]}"
245,2005-06-01T00:00:00,0.030136829345703126,xihu,"{""type"":""MultiPoint"",""coordinates"":[]}"
246,2005-07-01T00:00:00,0.909561905582443,xihu,"{""type"":""MultiPoint"",""coordinates"":[]}"
247,2005-08-01T00:00:00,6.513575064860266,xihu,"{""type"":""MultiPoint"",""coordinates"":[]}"
248,2005-09-01T00:00:00,8.548433570416384,xihu,"{""type"":""MultiPoint"",""coordinates"":[]}"
249,2005-10-01T00:00:00,1.4929343177320293,xihu,"{""type"":""MultiPoint"",""coordinates"":[]}"
250,2005-11-01T00:00:00,11.804460948202694,xihu,"{""type"":""MultiPoint"",""coordinates"":[]}"
251,2005-12-01T00:00:00,0.0,xihu,"{""type"":""MultiPoint"",""coordinates"":[]}"
252,2006-01-01T00:00:00,14.502068893411794,xihu,"{""type"":""MultiPoint"",""coordinates"":[]}"
253,2006-02-01T00:00:00,0.38980808008075785,xihu,"{""type"":""MultiPoint"",""coordinates"":[]}"
254,2006-03-01T00:00:00,15.244209207438384,xihu,"{""type"":""MultiPoint"",""coordinates"":[]}"
255,2006-04-01T00:00:00,6.471676533831189,xihu,"{""type"":""MultiPoint"",""coordinates"":[]}"
256,2006-05-01T00:00:00,5.181813700007898,xihu,"{""type"":""MultiPoint"",""coordinates"":[]}"
257,2006-06-01T00:00:00,4.418129915223365,xihu,"{""type"":""MultiPoint"",""coordinates"":[]}"
258,2006-07-01T00:00:00,1.1729261814625458,xihu,"{""type"":""MultiPoint"",""coordinates"":[]}"
259,2006-08-01T00:00:00,0.00154515576171875,xihu,"{""type"":""MultiPoint"",""coordinates"":[]}"
260,2006-09-01T00:00:00,7.888680299682617,xihu,"{""type"":""MultiPoint"",""coordinates"":[]}"
261,2006-10-01T00:00:00,10.68532291840939,xihu,"{""type"":""MultiPoint"",""coordinates"":[]}"
262,2006-11-01T00:00:00,12.463034292292331,xihu,"{""type"":""MultiPoint"",""coordinates"":[]}"
263,2006-12-01T00:00:00,0.0,xihu,"{""type"":""MultiPoint"",""coordinates"":[]}"
264,2007-01-01T00:00:00,16.292890125591917,xihu,"{""type"":""MultiPoint"",""coordinates"":[]}"
265,2007-02-01T00:00:00,15.223512681970451,xihu,"{""type"":""MultiPoint"",""coordinates"":[]}"
266,2007-03-01T00:00:00,13.693001867364147,xihu,"{""type"":""MultiPoint"",""coordinates"":[]}"
267,2007-04-01T00:00:00,7.2004952460994955,xihu,"{""type"":""MultiPoint"",""coordinates"":[]}"
268,2007-05-01T00:00:00,7.205397467314836,xihu,"{""type"":""MultiPoint"",""coordinates"":[]}"
269,2007-06-01T00:00:00,4.214255548051185,xihu,"{""type"":""MultiPoint"",""coordinates"":[]}"
270,2007-07-01T00:00:00,0.06722760144042969,xihu,"{""type"":""MultiPoint"",""coordinates"":[]}"
271,2007-08-01T00:00:00,0.34078364385986326,xihu,"{""type"":""MultiPoint"",""coordinates"":[]}"
272,2007-09-01T00:00:00,7.881246587690047,xihu,"{""type"":""MultiPoint"",""coordinates"":[]}"
273,2007-10-01T00:00:00,7.259300660915479,xihu,"{""type"":""MultiPoint"",""coordinates"":[]}"
274,2007-11-01T00:00:00,12.839477123463595,xihu,"{""type"":""MultiPoint"",""coordinates"":[]}"
275,2007-12-01T00:00:00,0.0,xihu,"{""type"":""MultiPoint"",""coordinates"":[]}"
276,2008-01-01T00:00:00,0.0,xihu,"{""type"":""MultiPoint"",""coordinates"":[]}"
277,2008-02-01T00:00:00,16.23646410779,xihu,"{""type"":""MultiPoint"",""coordinates"":[]}"
278,2008-03-01T00:00:00,14.633558744475964,xihu,"{""type"":""MultiPoint"",""coordinates"":[]}"
279,2008-04-01T00:00:00,5.107763433702177,xihu,"{""type"":""MultiPoint"",""coordinates"":[]}"
280,2008-05-01T00:00:00,5.252251434255562,xihu,"{""type"":""MultiPoint"",""coordinates"":[]}"
281,2008-06-01T00:00:00,0.0,xihu,"{""type"":""MultiPoint"",""coordinates"":[]}"
282,2008-07-01T00:00:00,1.1783225861816407,xihu,"{""type"":""MultiPoint"",""coordinates"":[]}"
283,2008-08-01T00:00:00,5.403480120735677,xihu,"{""type"":""MultiPoint"",""coordinates"":[]}"
284,2008-09-01T00:00:00,4.160566123605766,xihu,"{""type"":""MultiPoint"",""coordinates"":[]}"
285,2008-10-01T00:00:00,11.26523356716715,xihu,"{""type"":""MultiPoint"",""coordinates"":[]}"
286,2008-11-01T00:00:00,13.377119266827508,xihu,"{""type"":""MultiPoint"",""coordinates"":[]}"
287,2008-12-01T00:00:00,0.0,xihu,"{""type"":""MultiPoint"",""coordinates"":[]}"
288,2009-01-01T00:00:00,14.091317840665456,xihu,"{""type"":""MultiPoint"",""coordinates"":[]}"
289,2009-02-01T00:00:00,0.6252398098364734,xihu,"{""type"":""MultiPoint"",""coordinates"":[]}"
290,2009-03-01T00:00:00,13.752465466859826,xihu,"{""type"":""MultiPoint"",""coordinates"":[]}"
291,2009-04-01T00:00:00,4.049282381287819,xihu,"{""type"":""MultiPoint"",""coordinates"":[]}"
292,2009-05-01T00:00:00,7.940960972015023,xihu,"{""type"":""MultiPoint"",""coordinates"":[]}"
293,2009-06-01T00:00:00,0.5711190686035156,xihu,"{""type"":""MultiPoint"",""coordinates"":[]}"
294,2009-07-01T00:00:00,0.26315593411338656,xihu,"{""type"":""MultiPoint"",""coordinates"":[]}"
295,2009-08-01T00:00:00,2.269381497291475,xihu,"{""type"":""MultiPoint"",""coordinates"":[]}"
296,2009-09-01T00:00:00,3.9896382184235213,xihu,"{""type"":""MultiPoint"",""coordinates"":[]}"
297,2009-10-01T00:00:00,0.8990999926027785,xihu,"{""type"":""MultiPoint"",""coordinates"":[]}"
298,2009-11-01T00:00:00,14.692906192632462,xihu,"{""type"":""MultiPoint"",""coordinates"":[]}"
299,2009-12-01T00:00:00,0.0,xihu,"{""type"":""MultiPoint"",""coordinates"":[]}"
300,2010-01-01T00:00:00,13.849415990752581,xihu,"{""type"":""MultiPoint"",""coordinates"":[]}"
301,2010-02-01T00:00:00,11.911640912019378,xihu,"{""type"":""MultiPoint"",""coordinates"":[]}"
302,2010-03-01T00:00:00,12.059788662562475,xihu,"{""type"":""MultiPoint"",""coordinates"":[]}"
303,2010-04-01T00:00:00,0.0,xihu,"{""type"":""MultiPoint"",""coordinates"":[]}"
304,2010-05-01T00:00:00,0.0,xihu,"{""type"":""MultiPoint"",""coordinates"":[]}"
305,2010-06-01T00:00:00,0.0023182188720703126,xihu,"{""type"":""MultiPoint"",""coordinates"":[]}"
306,2010-07-01T00:00:00,8.521762745974788,xihu,"{""type"":""MultiPoint"",""coordinates"":[]}"
307,2010-08-01T00:00:00,1.688113981400792,xihu,"{""type"":""MultiPoint"",""coordinates"":[]}"
308,2010-09-01T00:00:00,9.080854959864476,xihu,"{""type"":""MultiPoint"",""coordinates"":[]}"
309,2010-10-01T00:00:00,11.607502879440244,xihu,"{""type"":""MultiPoint"",""coordinates"":[]}"
310,2010-11-01T00:00:00,0.2567094664361692,xihu,"{""type"":""MultiPoint"",""coordinates"":[]}"
311,2010-12-01T00:00:00,0.0,xihu,"{""type"":""MultiPoint"",""coordinates"":[]}"
312,2011-01-01T00:00:00,16.31655710435024,xihu,"{""type"":""MultiPoint"",""coordinates"":[]}"
313,2011-02-01T00:00:00,16.32914745287941,xihu,"{""type"":""MultiPoint"",""coordinates"":[]}"
314,2011-03-01T00:00:00,14.704217365692978,xihu,"{""type"":""MultiPoint"",""coordinates"":[]}"
315,2011-04-01T00:00:00,0.0,xihu,"{""type"":""MultiPoint"",""coordinates"":[]}"
316,2011-05-01T00:00:00,0.0,xihu,"{""type"":""MultiPoint"",""coordinates"":[]}"
317,2011-06-01T00:00:00,6.153971589115876,xihu,"{""type"":""MultiPoint"",""coordinates"":[]}"
318,2011-07-01T00:00:00,0.05448670792427811,xihu,"{""type"":""MultiPoint"",""coordinates"":[]}"
319,2011-08-01T00:00:00,9.80777822060499,xihu,"{""type"":""MultiPoint"",""coordinates"":[]}"
320,2011-09-01T00:00:00,1.769745395525764,xihu,"{""type"":""MultiPoint"",""coordinates"":[]}"
321,2011-10-01T00:00:00,4.808510504271743,xihu,"{""type"":""MultiPoint"",""coordinates"":[]}"
322,2011-11-01T00:00:00,12.39566320756596,xihu,"{""type"":""MultiPoint"",""coordinates"":[]}"
323,2011-12-01T00:00:00,0.0,xihu,"{""type"":""MultiPoint"",""coordinates"":[]}"
324,2012-01-01T00:00:00,15.132194568329455,xihu,"{""type"":""MultiPoint"",""coordinates"":[]}"
325,2012-02-01T00:00:00,14.481937936173738,xihu,"{""type"":""MultiPoint"",""coordinates"":[]}"
326,2012-03-01T00:00:00,14.398805540514408,xihu,"{""type"":""MultiPoint"",""coordinates"":[]}"
327,2012-04-01T00:00:00,0.0,xihu,"{""type"":""MultiPoint"",""coordinates"":[]}"
328,2012-05-01T00:00:00,8.186294178901225,xihu,"{""type"":""MultiPoint"",""coordinates"":[]}"
329,2012-06-01T00:00:00,3.9278555711239083,xihu,"{""type"":""MultiPoint"",""coordinates"":[]}"
330,2012-07-01T00:00:00,0.3955793779296875,xihu,"{""type"":""MultiPoint"",""coordinates"":[]}"
331,2012-08-01T00:00:00,0.0,xihu,"{""type"":""MultiPoint"",""coordinates"":[]}"
332,2012-09-01T00:00:00,0.6854235955200195,xihu,"{""type"":""MultiPoint"",""coordinates"":[]}"
333,2012-10-01T00:00:00,0.0,xihu,"{""type"":""MultiPoint"",""coordinates"":[]}"
334,2012-11-01T00:00:00,0.0,xihu,"{""type"":""MultiPoint"",""coordinates"":[]}"
335,2012-12-01T00:00:00,0.0,xihu,"{""type"":""MultiPoint"",""coordinates"":[]}"
336,2013-01-01T00:00:00,15.580212038941145,xihu,"{""type"":""MultiPoint"",""coordinates"":[]}"
337,2013-02-01T00:00:00,0.0,xihu,"{""type"":""MultiPoint"",""coordinates"":[]}"
338,2013-03-01T00:00:00,0.0,xihu,"{""type"":""MultiPoint"",""coordinates"":[]}"
339,2013-04-01T00:00:00,9.283966366526885,xihu,"{""type"":""MultiPoint"",""coordinates"":[]}"
340,2013-05-01T00:00:00,11.049977628458654,xihu,"{""type"":""MultiPoint"",""coordinates"":[]}"
341,2013-06-01T00:00:00,10.015393894725841,xihu,"{""type"":""MultiPoint"",""coordinates"":[]}"
342,2013-07-01T00:00:00,10.200764369625553,xihu,"{""type"":""MultiPoint"",""coordinates"":[]}"
343,2013-08-01T00:00:00,10.205925845524563,xihu,"{""type"":""MultiPoint"",""coordinates"":[]}"
344,2013-09-01T00:00:00,9.984068928627163,xihu,"{""type"":""MultiPoint"",""coordinates"":[]}"
345,2013-10-01T00:00:00,11.996133814184814,xihu,"{""type"":""MultiPoint"",""coordinates"":[]}"
346,2013-11-01T00:00:00,13.41814591689932,xihu,"{""type"":""MultiPoint"",""coordinates"":[]}"
347,2013-12-01T00:00:00,0.0,xihu,"{""type"":""MultiPoint"",""coordinates"":[]}"
348,2014-01-01T00:00:00,15.120061074293899,xihu,"{""type"":""MultiPoint"",""coordinates"":[]}"
349,2014-02-01T00:00:00,0.0,xihu,"{""type"":""MultiPoint"",""coordinates"":[]}"
350,2014-03-01T00:00:00,0.0,xihu,"{""type"":""MultiPoint"",""coordinates"":[]}"
351,2014-04-01T00:00:00,7.87550149206854,xihu,"{""type"":""MultiPoint"",""coordinates"":[]}"
352,2014-05-01T00:00:00,10.380666262619672,xihu,"{""type"":""MultiPoint"",""coordinates"":[]}"
353,2014-06-01T00:00:00,0.0,xihu,"{""type"":""MultiPoint"",""coordinates"":[]}"
354,2014-07-01T00:00:00,2.723987668457031,xihu,"{""type"":""MultiPoint"",""coordinates"":[]}"
355,2014-08-01T00:00:00,9.235951307611444,xihu,"{""type"":""MultiPoint"",""coordinates"":[]}"
356,2014-09-01T00:00:00,4.820474541048656,xihu,"{""type"":""MultiPoint"",""coordinates"":[]}"
357,2014-10-01T00:00:00,11.383944879929967,xihu,"{""type"":""MultiPoint"",""coordinates"":[]}"
358,2014-11-01T00:00:00,0.0,xihu,"{""type"":""MultiPoint"",""coordinates"":[]}"
359,2014-12-01T00:00:00,0.0,xihu,"{""type"":""MultiPoint"",""coordinates"":[]}"
360,2015-01-01T00:00:00,0.0,xihu,"{""type"":""MultiPoint"",""coordinates"":[]}"
361,2015-02-01T00:00:00,0.0,xihu,"{""type"":""MultiPoint"",""coordinates"":[]}"
362,2015-03-01T00:00:00,13.477941497591864,xihu,"{""type"":""MultiPoint"",""coordinates"":[]}"
363,2015-04-01T00:00:00,3.919355591778924,xihu,"{""type"":""MultiPoint"",""coordinates"":[]}"
364,2015-05-01T00:00:00,4.255672544250009,xihu,"{""type"":""MultiPoint"",""coordinates"":[]}"
365,2015-06-01T00:00:00,2.240576983528406,xihu,"{""type"":""MultiPoint"",""coordinates"":[]}"
366,2015-07-01T00:00:00,10.917087409684243,xihu,"{""type"":""MultiPoint"",""coordinates"":[]}"
367,2015-08-01T00:00:00,11.340762225819546,xihu,"{""type"":""MultiPoint"",""coordinates"":[]}"
368,2015-09-01T00:00:00,8.161965655758609,xihu,"{""type"":""MultiPoint"",""coordinates"":[]}"
369,2015-10-01T00:00:00,11.593078620800782,xihu,"{""type"":""MultiPoint"",""coordinates"":[]}"
370,2015-11-01T00:00:00,13.837931046826174,xihu,"{""type"":""MultiPoint"",""coordinates"":[]}"
371,2015-12-01T00:00:00,0.0,xihu,"{""type"":""MultiPoint"",""coordinates"":[]}"
372,2016-01-01T00:00:00,0.0,xihu,"{""type"":""MultiPoint"",""coordinates"":[]}"
373,2016-02-01T00:00:00,14.196691934914748,xihu,"{""type"":""MultiPoint"",""coordinates"":[]}"
374,2016-03-01T00:00:00,14.019404884242157,xihu,"{""type"":""MultiPoint"",""coordinates"":[]}"
375,2016-04-01T00:00:00,7.318330305960382,xihu,"{""type"":""MultiPoint"",""coordinates"":[]}"
376,2016-05-01T00:00:00,9.562209449977026,xihu,"{""type"":""MultiPoint"",""coordinates"":[]}"
377,2016-06-01T00:00:00,8.467487394966396,xihu,"{""type"":""MultiPoint"",""coordinates"":[]}"
378,2016-07-01T00:00:00,14.555883390149884,xihu,"{""type"":""MultiPoint"",""coordinates"":[]}"
379,2016-08-01T00:00:00,9.04769979364062,xihu,"{""type"":""MultiPoint"",""coordinates"":[]}"
380,2016-09-01T00:00:00,12.922037415355252,xihu,"{""type"":""MultiPoint"",""coordinates"":[]}"
381,2016-10-01T00:00:00,0.7418484475097656,xihu,"{""type"":""MultiPoint"",""coordinates"":[]}"
382,2016-11-01T00:00:00,14.783094294687304,xihu,"{""type"":""MultiPoint"",""coordinates"":[]}"
383,2016-12-01T00:00:00,0.0,xihu,"{""type"":""MultiPoint"",""coordinates"":[]}"
384,2017-01-01T00:00:00,0.0,xihu,"{""type"":""MultiPoint"",""coordinates"":[]}"
385,2017-02-01T00:00:00,15.141001504137694,xihu,"{""type"":""MultiPoint"",""coordinates"":[]}"
386,2017-03-01T00:00:00,8.673887515388278,xihu,"{""type"":""MultiPoint"",""coordinates"":[]}"
387,2017-04-01T00:00:00,12.457554798852781,xihu,"{""type"":""MultiPoint"",""coordinates"":[]}"
388,2017-05-01T00:00:00,0.0,xihu,"{""type"":""MultiPoint"",""coordinates"":[]}"
389,2017-06-01T00:00:00,2.216705942544616,xihu,"{""type"":""MultiPoint"",""coordinates"":[]}"
390,2017-07-01T00:00:00,11.839317701441379,xihu,"{""type"":""MultiPoint"",""coordinates"":[]}"
391,2017-08-01T00:00:00,11.28969950499291,xihu,"{""type"":""MultiPoint"",""coordinates"":[]}"
392,2017-09-01T00:00:00,6.756982619076241,xihu,"{""type"":""MultiPoint"",""coordinates"":[]}"
393,2017-10-01T00:00:00,12.855238713253964,xihu,"{""type"":""MultiPoint"",""coordinates"":[]}"
394,2017-11-01T00:00:00,12.185347671082495,xihu,"{""type"":""MultiPoint"",""coordinates"":[]}"
395,2017-12-01T00:00:00,0.0,xihu,"{""type"":""MultiPoint"",""coordinates"":[]}"
396,2018-01-01T00:00:00,0.0,xihu,"{""type"":""MultiPoint"",""coordinates"":[]}"
397,2018-02-01T00:00:00,14.270544109224696,xihu,"{""type"":""MultiPoint"",""coordinates"":[]}"
398,2018-03-01T00:00:00,13.467151113112022,xihu,"{""type"":""MultiPoint"",""coordinates"":[]}"
399,2018-04-01T00:00:00,12.981721153436402,xihu,"{""type"":""MultiPoint"",""coordinates"":[]}"
400,2018-05-01T00:00:00,0.0,xihu,"{""type"":""MultiPoint"",""coordinates"":[]}"
401,2018-06-01T00:00:00,10.829222785990147,xihu,"{""type"":""MultiPoint"",""coordinates"":[]}"
402,2018-07-01T00:00:00,10.454323443738028,xihu,"{""type"":""MultiPoint"",""coordinates"":[]}"
403,2018-08-01T00:00:00,10.499941469693054,xihu,"{""type"":""MultiPoint"",""coordinates"":[]}"
404,2018-09-01T00:00:00,10.72878772772528,xihu,"{""type"":""MultiPoint"",""coordinates"":[]}"
405,2018-10-01T00:00:00,9.57341423223877,xihu,"{""type"":""MultiPoint"",""coordinates"":[]}"
406,2018-11-01T00:00:00,13.054754753672405,xihu,"{""type"":""MultiPoint"",""coordinates"":[]}"
407,2018-12-01T00:00:00,0.0,xihu,"{""type"":""MultiPoint"",""coordinates"":[]}"
408,2019-01-01T00:00:00,0.0,xihu,"{""type"":""MultiPoint"",""coordinates"":[]}"
409,2019-02-01T00:00:00,0.0873047041015625,xihu,"{""type"":""MultiPoint"",""coordinates"":[]}"
410,2019-03-01T00:00:00,13.753080409161974,xihu,"{""type"":""MultiPoint"",""coordinates"":[]}"
411,2019-04-01T00:00:00,10.252798819293565,xihu,"{""type"":""MultiPoint"",""coordinates"":[]}"
412,2019-05-01T00:00:00,0.0,xihu,"{""type"":""MultiPoint"",""coordinates"":[]}"
413,2019-06-01T00:00:00,11.023710339358098,xihu,"{""type"":""MultiPoint"",""coordinates"":[]}"
414,2019-07-01T00:00:00,6.75125192928347,xihu,"{""type"":""MultiPoint"",""coordinates"":[]}"
415,2019-08-01T00:00:00,10.726504918336394,xihu,"{""type"":""MultiPoint"",""coordinates"":[]}"
416,2019-09-01T00:00:00,0.7559395256912531,xihu,"{""type"":""MultiPoint"",""coordinates"":[]}"
417,2019-10-01T00:00:00,11.086266642828967,xihu,"{""type"":""MultiPoint"",""coordinates"":[]}"
418,2019-11-01T00:00:00,10.342423189323396,xihu,"{""type"":""MultiPoint"",""coordinates"":[]}"
419,2019-12-01T00:00:00,0.0,xihu,"{""type"":""MultiPoint"",""coordinates"":[]}"
420,2020-01-01T00:00:00,0.0,xihu,"{""type"":""MultiPoint"",""coordinates"":[]}"
421,2020-02-01T00:00:00,14.802231248909264,xihu,"{""type"":""MultiPoint"",""coordinates"":[]}"
422,2020-03-01T00:00:00,11.795906758852974,xihu,"{""type"":""MultiPoint"",""coordinates"":[]}"
423,2020-04-01T00:00:00,12.886882230682977,xihu,"{""type"":""MultiPoint"",""coordinates"":[]}"
424,2020-05-01T00:00:00,9.244450371987254,xihu,"{""type"":""MultiPoint"",""coordinates"":[]}"
425,2020-06-01T00:00:00,8.357093418689923,xihu,"{""type"":""MultiPoint"",""coordinates"":[]}"
426,2020-07-01T00:00:00,0.0023182861328125,xihu,"{""type"":""MultiPoint"",""coordinates"":[]}"
427,2020-08-01T00:00:00,13.037572960573453,xihu,"{""type"":""MultiPoint"",""coordinates"":[]}"
428,2020-09-01T00:00:00,10.325022627437576,xihu,"{""type"":""MultiPoint"",""coordinates"":[]}"
429,2020-10-01T00:00:00,9.90879865267405,xihu,"{""type"":""MultiPoint"",""coordinates"":[]}"
430,2020-11-01T00:00:00,0.0,xihu,"{""type"":""MultiPoint"",""coordinates"":[]}"
431,2020-12-01T00:00:00,0.0,xihu,"{""type"":""MultiPoint"",""coordinates"":[]}"
