system:index,Date,area_km2,lake,.geo
0,1985-01-01T00:00:00,0.0,Qihu,"{""type"":""MultiPoint"",""coordinates"":[]}"
1,1985-02-01T00:00:00,0.0,Qihu,"{""type"":""MultiPoint"",""coordinates"":[]}"
2,1985-03-01T00:00:00,0.0,Qihu,"{""type"":""MultiPoint"",""coordinates"":[]}"
3,1985-04-01T00:00:00,0.0,Qihu,"{""type"":""MultiPoint"",""coordinates"":[]}"
4,1985-05-01T00:00:00,0.0,Qihu,"{""type"":""MultiPoint"",""coordinates"":[]}"
5,1985-06-01T00:00:00,0.0,Qihu,"{""type"":""MultiPoint"",""coordinates"":[]}"
6,1985-07-01T00:00:00,0.0,Qihu,"{""type"":""MultiPoint"",""coordinates"":[]}"
7,1985-08-01T00:00:00,0.0,Qihu,"{""type"":""MultiPoint"",""coordinates"":[]}"
8,1985-09-01T00:00:00,0.0,Qihu,"{""type"":""MultiPoint"",""coordinates"":[]}"
9,1985-10-01T00:00:00,0.0,Qihu,"{""type"":""MultiPoint"",""coordinates"":[]}"
10,1985-11-01T00:00:00,0.0,Qihu,"{""type"":""MultiPoint"",""coordinates"":[]}"
11,1985-12-01T00:00:00,0.0,Qihu,"{""type"":""MultiPoint"",""coordinates"":[]}"
12,1986-01-01T00:00:00,0.0,Qihu,"{""type"":""MultiPoint"",""coordinates"":[]}"
13,1986-02-01T00:00:00,0.0,Qihu,"{""type"":""MultiPoint"",""coordinates"":[]}"
14,1986-03-01T00:00:00,0.0,Qihu,"{""type"":""MultiPoint"",""coordinates"":[]}"
15,1986-04-01T00:00:00,0.0,Qihu,"{""type"":""MultiPoint"",""coordinates"":[]}"
16,1986-05-01T00:00:00,0.0,Qihu,"{""type"":""MultiPoint"",""coordinates"":[]}"
17,1986-06-01T00:00:00,0.0,Qihu,"{""type"":""MultiPoint"",""coordinates"":[]}"
18,1986-07-01T00:00:00,0.0,Qihu,"{""type"":""MultiPoint"",""coordinates"":[]}"
19,1986-08-01T00:00:00,0.0,Qihu,"{""type"":""MultiPoint"",""coordinates"":[]}"
20,1986-09-01T00:00:00,0.0,Qihu,"{""type"":""MultiPoint"",""coordinates"":[]}"
21,1986-10-01T00:00:00,0.0,Qihu,"{""type"":""MultiPoint"",""coordinates"":[]}"
22,1986-11-01T00:00:00,0.0,Qihu,"{""type"":""MultiPoint"",""coordinates"":[]}"
23,1986-12-01T00:00:00,0.0,Qihu,"{""type"":""MultiPoint"",""coordinates"":[]}"
24,1987-01-01T00:00:00,0.0,Qihu,"{""type"":""MultiPoint"",""coordinates"":[]}"
25,1987-02-01T00:00:00,0.0,Qihu,"{""type"":""MultiPoint"",""coordinates"":[]}"
26,1987-03-01T00:00:00,0.0,Qihu,"{""type"":""MultiPoint"",""coordinates"":[]}"
27,1987-04-01T00:00:00,0.0,Qihu,"{""type"":""MultiPoint"",""coordinates"":[]}"
28,1987-05-01T00:00:00,0.0,Qihu,"{""type"":""MultiPoint"",""coordinates"":[]}"
29,1987-06-01T00:00:00,0.1330734841181736,Qihu,"{""type"":""MultiPoint"",""coordinates"":[]}"
30,1987-07-01T00:00:00,0.0,Qihu,"{""type"":""MultiPoint"",""coordinates"":[]}"
31,1987-08-01T00:00:00,0.0,Qihu,"{""type"":""MultiPoint"",""coordinates"":[]}"
32,1987-09-01T00:00:00,0.10109987255883307,Qihu,"{""type"":""MultiPoint"",""coordinates"":[]}"
33,1987-10-01T00:00:00,0.0,Qihu,"{""type"":""MultiPoint"",""coordinates"":[]}"
34,1987-11-01T00:00:00,0.0,Qihu,"{""type"":""MultiPoint"",""coordinates"":[]}"
35,1987-12-01T00:00:00,0.0,Qihu,"{""type"":""MultiPoint"",""coordinates"":[]}"
36,1988-01-01T00:00:00,0.0,Qihu,"{""type"":""MultiPoint"",""coordinates"":[]}"
37,1988-02-01T00:00:00,0.0,Qihu,"{""type"":""MultiPoint"",""coordinates"":[]}"
38,1988-03-01T00:00:00,0.0,Qihu,"{""type"":""MultiPoint"",""coordinates"":[]}"
39,1988-04-01T00:00:00,0.0,Qihu,"{""type"":""MultiPoint"",""coordinates"":[]}"
40,1988-05-01T00:00:00,0.0,Qihu,"{""type"":""MultiPoint"",""coordinates"":[]}"
41,1988-06-01T00:00:00,0.0,Qihu,"{""type"":""MultiPoint"",""coordinates"":[]}"
42,1988-07-01T00:00:00,0.06442471917365579,Qihu,"{""type"":""MultiPoint"",""coordinates"":[]}"
43,1988-08-01T00:00:00,0.0,Qihu,"{""type"":""MultiPoint"",""coordinates"":[]}"
44,1988-09-01T00:00:00,0.0,Qihu,"{""type"":""MultiPoint"",""coordinates"":[]}"
45,1988-10-01T00:00:00,0.0,Qihu,"{""type"":""MultiPoint"",""coordinates"":[]}"
46,1988-11-01T00:00:00,0.0,Qihu,"{""type"":""MultiPoint"",""coordinates"":[]}"
47,1988-12-01T00:00:00,0.0,Qihu,"{""type"":""MultiPoint"",""coordinates"":[]}"
48,1989-01-01T00:00:00,0.0,Qihu,"{""type"":""MultiPoint"",""coordinates"":[]}"
49,1989-02-01T00:00:00,0.0,Qihu,"{""type"":""MultiPoint"",""coordinates"":[]}"
50,1989-03-01T00:00:00,0.0,Qihu,"{""type"":""MultiPoint"",""coordinates"":[]}"
51,1989-04-01T00:00:00,0.0,Qihu,"{""type"":""MultiPoint"",""coordinates"":[]}"
52,1989-05-01T00:00:00,0.0,Qihu,"{""type"":""MultiPoint"",""coordinates"":[]}"
53,1989-06-01T00:00:00,0.0,Qihu,"{""type"":""MultiPoint"",""coordinates"":[]}"
54,1989-07-01T00:00:00,0.0,Qihu,"{""type"":""MultiPoint"",""coordinates"":[]}"
55,1989-08-01T00:00:00,0.0,Qihu,"{""type"":""MultiPoint"",""coordinates"":[]}"
56,1989-09-01T00:00:00,0.0,Qihu,"{""type"":""MultiPoint"",""coordinates"":[]}"
57,1989-10-01T00:00:00,0.0,Qihu,"{""type"":""MultiPoint"",""coordinates"":[]}"
58,1989-11-01T00:00:00,0.0,Qihu,"{""type"":""MultiPoint"",""coordinates"":[]}"
59,1989-12-01T00:00:00,0.0,Qihu,"{""type"":""MultiPoint"",""coordinates"":[]}"
60,1990-01-01T00:00:00,0.0,Qihu,"{""type"":""MultiPoint"",""coordinates"":[]}"
61,1990-02-01T00:00:00,0.0,Qihu,"{""type"":""MultiPoint"",""coordinates"":[]}"
62,1990-03-01T00:00:00,0.0,Qihu,"{""type"":""MultiPoint"",""coordinates"":[]}"
63,1990-04-01T00:00:00,0.0,Qihu,"{""type"":""MultiPoint"",""coordinates"":[]}"
64,1990-05-01T00:00:00,0.0,Qihu,"{""type"":""MultiPoint"",""coordinates"":[]}"
65,1990-06-01T00:00:00,0.0,Qihu,"{""type"":""MultiPoint"",""coordinates"":[]}"
66,1990-07-01T00:00:00,0.0,Qihu,"{""type"":""MultiPoint"",""coordinates"":[]}"
67,1990-08-01T00:00:00,0.0,Qihu,"{""type"":""MultiPoint"",""coordinates"":[]}"
68,1990-09-01T00:00:00,0.03218595863108915,Qihu,"{""type"":""MultiPoint"",""coordinates"":[]}"
69,1990-10-01T00:00:00,0.0,Qihu,"{""type"":""MultiPoint"",""coordinates"":[]}"
70,1990-11-01T00:00:00,0.0,Qihu,"{""type"":""MultiPoint"",""coordinates"":[]}"
71,1990-12-01T00:00:00,0.0,Qihu,"{""type"":""MultiPoint"",""coordinates"":[]}"
72,1991-01-01T00:00:00,0.0,Qihu,"{""type"":""MultiPoint"",""coordinates"":[]}"
73,1991-02-01T00:00:00,0.0,Qihu,"{""type"":""MultiPoint"",""coordinates"":[]}"
74,1991-03-01T00:00:00,0.0,Qihu,"{""type"":""MultiPoint"",""coordinates"":[]}"
75,1991-04-01T00:00:00,0.0,Qihu,"{""type"":""MultiPoint"",""coordinates"":[]}"
76,1991-05-01T00:00:00,0.0,Qihu,"{""type"":""MultiPoint"",""coordinates"":[]}"
77,1991-06-01T00:00:00,0.0,Qihu,"{""type"":""MultiPoint"",""coordinates"":[]}"
78,1991-07-01T00:00:00,0.6056825104458682,Qihu,"{""type"":""MultiPoint"",""coordinates"":[]}"
79,1991-08-01T00:00:00,0.0,Qihu,"{""type"":""MultiPoint"",""coordinates"":[]}"
80,1991-09-01T00:00:00,0.0,Qihu,"{""type"":""MultiPoint"",""coordinates"":[]}"
81,1991-10-01T00:00:00,0.0,Qihu,"{""type"":""MultiPoint"",""coordinates"":[]}"
82,1991-11-01T00:00:00,0.0,Qihu,"{""type"":""MultiPoint"",""coordinates"":[]}"
83,1991-12-01T00:00:00,0.0,Qihu,"{""type"":""MultiPoint"",""coordinates"":[]}"
84,1992-01-01T00:00:00,4.400176232790001,Qihu,"{""type"":""MultiPoint"",""coordinates"":[]}"
85,1992-02-01T00:00:00,3.4722150020242135,Qihu,"{""type"":""MultiPoint"",""coordinates"":[]}"
86,1992-03-01T00:00:00,0.0,Qihu,"{""type"":""MultiPoint"",""coordinates"":[]}"
87,1992-04-01T00:00:00,0.0,Qihu,"{""type"":""MultiPoint"",""coordinates"":[]}"
88,1992-05-01T00:00:00,0.0,Qihu,"{""type"":""MultiPoint"",""coordinates"":[]}"
89,1992-06-01T00:00:00,0.0,Qihu,"{""type"":""MultiPoint"",""coordinates"":[]}"
90,1992-07-01T00:00:00,0.009676152795410157,Qihu,"{""type"":""MultiPoint"",""coordinates"":[]}"
91,1992-08-01T00:00:00,0.0,Qihu,"{""type"":""MultiPoint"",""coordinates"":[]}"
92,1992-09-01T00:00:00,0.0,Qihu,"{""type"":""MultiPoint"",""coordinates"":[]}"
93,1992-10-01T00:00:00,0.0505462227809532,Qihu,"{""type"":""MultiPoint"",""coordinates"":[]}"
94,1992-11-01T00:00:00,0.0,Qihu,"{""type"":""MultiPoint"",""coordinates"":[]}"
95,1992-12-01T00:00:00,0.0,Qihu,"{""type"":""MultiPoint"",""coordinates"":[]}"
96,1993-01-01T00:00:00,0.0,Qihu,"{""type"":""MultiPoint"",""coordinates"":[]}"
97,1993-02-01T00:00:00,0.0,Qihu,"{""type"":""MultiPoint"",""coordinates"":[]}"
98,1993-03-01T00:00:00,0.0,Qihu,"{""type"":""MultiPoint"",""coordinates"":[]}"
99,1993-04-01T00:00:00,0.0,Qihu,"{""type"":""MultiPoint"",""coordinates"":[]}"
100,1993-05-01T00:00:00,0.0,Qihu,"{""type"":""MultiPoint"",""coordinates"":[]}"
101,1993-06-01T00:00:00,0.0,Qihu,"{""type"":""MultiPoint"",""coordinates"":[]}"
102,1993-07-01T00:00:00,0.0,Qihu,"{""type"":""MultiPoint"",""coordinates"":[]}"
103,1993-08-01T00:00:00,0.0,Qihu,"{""type"":""MultiPoint"",""coordinates"":[]}"
104,1993-09-01T00:00:00,0.0,Qihu,"{""type"":""MultiPoint"",""coordinates"":[]}"
105,1993-10-01T00:00:00,0.10570033713331035,Qihu,"{""type"":""MultiPoint"",""coordinates"":[]}"
106,1993-11-01T00:00:00,0.0,Qihu,"{""type"":""MultiPoint"",""coordinates"":[]}"
107,1993-12-01T00:00:00,0.0,Qihu,"{""type"":""MultiPoint"",""coordinates"":[]}"
108,1994-01-01T00:00:00,0.0,Qihu,"{""type"":""MultiPoint"",""coordinates"":[]}"
109,1994-02-01T00:00:00,0.0,Qihu,"{""type"":""MultiPoint"",""coordinates"":[]}"
110,1994-03-01T00:00:00,0.0,Qihu,"{""type"":""MultiPoint"",""coordinates"":[]}"
111,1994-04-01T00:00:00,0.0,Qihu,"{""type"":""MultiPoint"",""coordinates"":[]}"
112,1994-05-01T00:00:00,0.0,Qihu,"{""type"":""MultiPoint"",""coordinates"":[]}"
113,1994-06-01T00:00:00,0.0,Qihu,"{""type"":""MultiPoint"",""coordinates"":[]}"
114,1994-07-01T00:00:00,0.0,Qihu,"{""type"":""MultiPoint"",""coordinates"":[]}"
115,1994-08-01T00:00:00,0.0,Qihu,"{""type"":""MultiPoint"",""coordinates"":[]}"
116,1994-09-01T00:00:00,0.0,Qihu,"{""type"":""MultiPoint"",""coordinates"":[]}"
117,1994-10-01T00:00:00,0.12927686605990538,Qihu,"{""type"":""MultiPoint"",""coordinates"":[]}"
118,1994-11-01T00:00:00,0.0,Qihu,"{""type"":""MultiPoint"",""coordinates"":[]}"
119,1994-12-01T00:00:00,0.0,Qihu,"{""type"":""MultiPoint"",""coordinates"":[]}"
120,1995-01-01T00:00:00,0.0,Qihu,"{""type"":""MultiPoint"",""coordinates"":[]}"
121,1995-02-01T00:00:00,0.0,Qihu,"{""type"":""MultiPoint"",""coordinates"":[]}"
122,1995-03-01T00:00:00,0.0,Qihu,"{""type"":""MultiPoint"",""coordinates"":[]}"
123,1995-04-01T00:00:00,1.083823417132209,Qihu,"{""type"":""MultiPoint"",""coordinates"":[]}"
124,1995-05-01T00:00:00,0.18114338861921725,Qihu,"{""type"":""MultiPoint"",""coordinates"":[]}"
125,1995-06-01T00:00:00,1.798787245327818,Qihu,"{""type"":""MultiPoint"",""coordinates"":[]}"
126,1995-07-01T00:00:00,0.0,Qihu,"{""type"":""MultiPoint"",""coordinates"":[]}"
127,1995-08-01T00:00:00,0.0,Qihu,"{""type"":""MultiPoint"",""coordinates"":[]}"
128,1995-09-01T00:00:00,0.0,Qihu,"{""type"":""MultiPoint"",""coordinates"":[]}"
129,1995-10-01T00:00:00,0.41005367863242953,Qihu,"{""type"":""MultiPoint"",""coordinates"":[]}"
130,1995-11-01T00:00:00,0.6431070725164674,Qihu,"{""type"":""MultiPoint"",""coordinates"":[]}"
131,1995-12-01T00:00:00,0.0,Qihu,"{""type"":""MultiPoint"",""coordinates"":[]}"
132,1996-01-01T00:00:00,1.0942711892637964,Qihu,"{""type"":""MultiPoint"",""coordinates"":[]}"
133,1996-02-01T00:00:00,4.478118704200894,Qihu,"{""type"":""MultiPoint"",""coordinates"":[]}"
134,1996-03-01T00:00:00,0.0,Qihu,"{""type"":""MultiPoint"",""coordinates"":[]}"
135,1996-04-01T00:00:00,0.0,Qihu,"{""type"":""MultiPoint"",""coordinates"":[]}"
136,1996-05-01T00:00:00,1.548501728359805,Qihu,"{""type"":""MultiPoint"",""coordinates"":[]}"
137,1996-06-01T00:00:00,0.020038265364583332,Qihu,"{""type"":""MultiPoint"",""coordinates"":[]}"
138,1996-07-01T00:00:00,0.0,Qihu,"{""type"":""MultiPoint"",""coordinates"":[]}"
139,1996-08-01T00:00:00,0.0,Qihu,"{""type"":""MultiPoint"",""coordinates"":[]}"
140,1996-09-01T00:00:00,0.0015439942016601562,Qihu,"{""type"":""MultiPoint"",""coordinates"":[]}"
141,1996-10-01T00:00:00,0.10566562158633963,Qihu,"{""type"":""MultiPoint"",""coordinates"":[]}"
142,1996-11-01T00:00:00,0.0,Qihu,"{""type"":""MultiPoint"",""coordinates"":[]}"
143,1996-12-01T00:00:00,0.0,Qihu,"{""type"":""MultiPoint"",""coordinates"":[]}"
144,1997-01-01T00:00:00,0.0,Qihu,"{""type"":""MultiPoint"",""coordinates"":[]}"
145,1997-02-01T00:00:00,0.0,Qihu,"{""type"":""MultiPoint"",""coordinates"":[]}"
146,1997-03-01T00:00:00,0.0,Qihu,"{""type"":""MultiPoint"",""coordinates"":[]}"
147,1997-04-01T00:00:00,0.0,Qihu,"{""type"":""MultiPoint"",""coordinates"":[]}"
148,1997-05-01T00:00:00,0.0,Qihu,"{""type"":""MultiPoint"",""coordinates"":[]}"
149,1997-06-01T00:00:00,0.0,Qihu,"{""type"":""MultiPoint"",""coordinates"":[]}"
150,1997-07-01T00:00:00,0.0,Qihu,"{""type"":""MultiPoint"",""coordinates"":[]}"
151,1997-08-01T00:00:00,0.0,Qihu,"{""type"":""MultiPoint"",""coordinates"":[]}"
152,1997-09-01T00:00:00,0.0,Qihu,"{""type"":""MultiPoint"",""coordinates"":[]}"
153,1997-10-01T00:00:00,0.0,Qihu,"{""type"":""MultiPoint"",""coordinates"":[]}"
154,1997-11-01T00:00:00,0.0,Qihu,"{""type"":""MultiPoint"",""coordinates"":[]}"
155,1997-12-01T00:00:00,0.0,Qihu,"{""type"":""MultiPoint"",""coordinates"":[]}"
156,1998-01-01T00:00:00,0.0,Qihu,"{""type"":""MultiPoint"",""coordinates"":[]}"
157,1998-02-01T00:00:00,0.0,Qihu,"{""type"":""MultiPoint"",""coordinates"":[]}"
158,1998-03-01T00:00:00,0.0,Qihu,"{""type"":""MultiPoint"",""coordinates"":[]}"
159,1998-04-01T00:00:00,0.0,Qihu,"{""type"":""MultiPoint"",""coordinates"":[]}"
160,1998-05-01T00:00:00,0.0,Qihu,"{""type"":""MultiPoint"",""coordinates"":[]}"
161,1998-06-01T00:00:00,0.0,Qihu,"{""type"":""MultiPoint"",""coordinates"":[]}"
162,1998-07-01T00:00:00,0.0,Qihu,"{""type"":""MultiPoint"",""coordinates"":[]}"
163,1998-08-01T00:00:00,0.0,Qihu,"{""type"":""MultiPoint"",""coordinates"":[]}"
164,1998-09-01T00:00:00,0.0,Qihu,"{""type"":""MultiPoint"",""coordinates"":[]}"
165,1998-10-01T00:00:00,0.0,Qihu,"{""type"":""MultiPoint"",""coordinates"":[]}"
166,1998-11-01T00:00:00,0.0,Qihu,"{""type"":""MultiPoint"",""coordinates"":[]}"
167,1998-12-01T00:00:00,0.0,Qihu,"{""type"":""MultiPoint"",""coordinates"":[]}"
168,1999-01-01T00:00:00,0.0,Qihu,"{""type"":""MultiPoint"",""coordinates"":[]}"
169,1999-02-01T00:00:00,0.0,Qihu,"{""type"":""MultiPoint"",""coordinates"":[]}"
170,1999-03-01T00:00:00,0.0,Qihu,"{""type"":""MultiPoint"",""coordinates"":[]}"
171,1999-04-01T00:00:00,0.0,Qihu,"{""type"":""MultiPoint"",""coordinates"":[]}"
172,1999-05-01T00:00:00,0.0,Qihu,"{""type"":""MultiPoint"",""coordinates"":[]}"
173,1999-06-01T00:00:00,0.0,Qihu,"{""type"":""MultiPoint"",""coordinates"":[]}"
174,1999-07-01T00:00:00,0.0,Qihu,"{""type"":""MultiPoint"",""coordinates"":[]}"
175,1999-08-01T00:00:00,0.09159992183957567,Qihu,"{""type"":""MultiPoint"",""coordinates"":[]}"
176,1999-09-01T00:00:00,1.0092825258628697,Qihu,"{""type"":""MultiPoint"",""coordinates"":[]}"
177,1999-10-01T00:00:00,0.0,Qihu,"{""type"":""MultiPoint"",""coordinates"":[]}"
178,1999-11-01T00:00:00,0.1108814883796243,Qihu,"{""type"":""MultiPoint"",""coordinates"":[]}"
179,1999-12-01T00:00:00,0.0,Qihu,"{""type"":""MultiPoint"",""coordinates"":[]}"
180,2000-01-01T00:00:00,3.352550047592105,Qihu,"{""type"":""MultiPoint"",""coordinates"":[]}"
181,2000-02-01T00:00:00,4.08923854443886,Qihu,"{""type"":""MultiPoint"",""coordinates"":[]}"
182,2000-03-01T00:00:00,3.894116973766852,Qihu,"{""type"":""MultiPoint"",""coordinates"":[]}"
183,2000-04-01T00:00:00,0.008492433715820313,Qihu,"{""type"":""MultiPoint"",""coordinates"":[]}"
184,2000-05-01T00:00:00,0.004202247305836398,Qihu,"{""type"":""MultiPoint"",""coordinates"":[]}"
185,2000-06-01T00:00:00,0.0,Qihu,"{""type"":""MultiPoint"",""coordinates"":[]}"
186,2000-07-01T00:00:00,0.0,Qihu,"{""type"":""MultiPoint"",""coordinates"":[]}"
187,2000-08-01T00:00:00,0.06527910258453967,Qihu,"{""type"":""MultiPoint"",""coordinates"":[]}"
188,2000-09-01T00:00:00,0.13138796225968902,Qihu,"{""type"":""MultiPoint"",""coordinates"":[]}"
189,2000-10-01T00:00:00,0.5580687053806683,Qihu,"{""type"":""MultiPoint"",""coordinates"":[]}"
190,2000-11-01T00:00:00,2.2711936041240612,Qihu,"{""type"":""MultiPoint"",""coordinates"":[]}"
191,2000-12-01T00:00:00,0.0,Qihu,"{""type"":""MultiPoint"",""coordinates"":[]}"
192,2001-01-01T00:00:00,3.079506541195621,Qihu,"{""type"":""MultiPoint"",""coordinates"":[]}"
193,2001-02-01T00:00:00,0.24559926456346698,Qihu,"{""type"":""MultiPoint"",""coordinates"":[]}"
194,2001-03-01T00:00:00,2.497956239736998,Qihu,"{""type"":""MultiPoint"",""coordinates"":[]}"
195,2001-04-01T00:00:00,1.0037089602019666,Qihu,"{""type"":""MultiPoint"",""coordinates"":[]}"
196,2001-05-01T00:00:00,0.2554745910716337,Qihu,"{""type"":""MultiPoint"",""coordinates"":[]}"
197,2001-06-01T00:00:00,0.021615348205566407,Qihu,"{""type"":""MultiPoint"",""coordinates"":[]}"
198,2001-07-01T00:00:00,0.16047221719491997,Qihu,"{""type"":""MultiPoint"",""coordinates"":[]}"
199,2001-08-01T00:00:00,0.0,Qihu,"{""type"":""MultiPoint"",""coordinates"":[]}"
200,2001-09-01T00:00:00,0.05810743731689453,Qihu,"{""type"":""MultiPoint"",""coordinates"":[]}"
201,2001-10-01T00:00:00,0.42295149216739425,Qihu,"{""type"":""MultiPoint"",""coordinates"":[]}"
202,2001-11-01T00:00:00,2.3326432583852723,Qihu,"{""type"":""MultiPoint"",""coordinates"":[]}"
203,2001-12-01T00:00:00,0.0,Qihu,"{""type"":""MultiPoint"",""coordinates"":[]}"
204,2002-01-01T00:00:00,2.229039403666657,Qihu,"{""type"":""MultiPoint"",""coordinates"":[]}"
205,2002-02-01T00:00:00,0.9880830854171455,Qihu,"{""type"":""MultiPoint"",""coordinates"":[]}"
206,2002-03-01T00:00:00,1.603302084743844,Qihu,"{""type"":""MultiPoint"",""coordinates"":[]}"
207,2002-04-01T00:00:00,0.512957634517894,Qihu,"{""type"":""MultiPoint"",""coordinates"":[]}"
208,2002-05-01T00:00:00,2.8445201289299455,Qihu,"{""type"":""MultiPoint"",""coordinates"":[]}"
209,2002-06-01T00:00:00,0.0,Qihu,"{""type"":""MultiPoint"",""coordinates"":[]}"
210,2002-07-01T00:00:00,0.5849992722507854,Qihu,"{""type"":""MultiPoint"",""coordinates"":[]}"
211,2002-08-01T00:00:00,0.8305938332407037,Qihu,"{""type"":""MultiPoint"",""coordinates"":[]}"
212,2002-09-01T00:00:00,0.7747866276450964,Qihu,"{""type"":""MultiPoint"",""coordinates"":[]}"
213,2002-10-01T00:00:00,1.7616404447351783,Qihu,"{""type"":""MultiPoint"",""coordinates"":[]}"
214,2002-11-01T00:00:00,3.99102406523198,Qihu,"{""type"":""MultiPoint"",""coordinates"":[]}"
215,2002-12-01T00:00:00,0.0,Qihu,"{""type"":""MultiPoint"",""coordinates"":[]}"
216,2003-01-01T00:00:00,4.2477523977859795,Qihu,"{""type"":""MultiPoint"",""coordinates"":[]}"
217,2003-02-01T00:00:00,3.8994351036836514,Qihu,"{""type"":""MultiPoint"",""coordinates"":[]}"
218,2003-03-01T00:00:00,3.787818535044233,Qihu,"{""type"":""MultiPoint"",""coordinates"":[]}"
219,2003-04-01T00:00:00,3.134470455808633,Qihu,"{""type"":""MultiPoint"",""coordinates"":[]}"
220,2003-05-01T00:00:00,3.156968178518736,Qihu,"{""type"":""MultiPoint"",""coordinates"":[]}"
221,2003-06-01T00:00:00,0.0,Qihu,"{""type"":""MultiPoint"",""coordinates"":[]}"
222,2003-07-01T00:00:00,1.1596271911439189,Qihu,"{""type"":""MultiPoint"",""coordinates"":[]}"
223,2003-08-01T00:00:00,0.5661579460564108,Qihu,"{""type"":""MultiPoint"",""coordinates"":[]}"
224,2003-09-01T00:00:00,0.5406017862876744,Qihu,"{""type"":""MultiPoint"",""coordinates"":[]}"
225,2003-10-01T00:00:00,1.1834200998022943,Qihu,"{""type"":""MultiPoint"",""coordinates"":[]}"
226,2003-11-01T00:00:00,3.6751494825827193,Qihu,"{""type"":""MultiPoint"",""coordinates"":[]}"
227,2003-12-01T00:00:00,0.0,Qihu,"{""type"":""MultiPoint"",""coordinates"":[]}"
228,2004-01-01T00:00:00,4.20151704422847,Qihu,"{""type"":""MultiPoint"",""coordinates"":[]}"
229,2004-02-01T00:00:00,3.903155766782035,Qihu,"{""type"":""MultiPoint"",""coordinates"":[]}"
230,2004-03-01T00:00:00,3.595202741015625,Qihu,"{""type"":""MultiPoint"",""coordinates"":[]}"
231,2004-04-01T00:00:00,2.3225616242244955,Qihu,"{""type"":""MultiPoint"",""coordinates"":[]}"
232,2004-05-01T00:00:00,0.7352202469743316,Qihu,"{""type"":""MultiPoint"",""coordinates"":[]}"
233,2004-06-01T00:00:00,0.9611774630955116,Qihu,"{""type"":""MultiPoint"",""coordinates"":[]}"
234,2004-07-01T00:00:00,1.8870887885153373,Qihu,"{""type"":""MultiPoint"",""coordinates"":[]}"
235,2004-08-01T00:00:00,0.7049358923835305,Qihu,"{""type"":""MultiPoint"",""coordinates"":[]}"
236,2004-09-01T00:00:00,2.3658891111222813,Qihu,"{""type"":""MultiPoint"",""coordinates"":[]}"
237,2004-10-01T00:00:00,3.1534714064050995,Qihu,"{""type"":""MultiPoint"",""coordinates"":[]}"
238,2004-11-01T00:00:00,4.110830191153731,Qihu,"{""type"":""MultiPoint"",""coordinates"":[]}"
239,2004-12-01T00:00:00,0.0,Qihu,"{""type"":""MultiPoint"",""coordinates"":[]}"
240,2005-01-01T00:00:00,4.197348189847819,Qihu,"{""type"":""MultiPoint"",""coordinates"":[]}"
241,2005-02-01T00:00:00,2.1895712057097776,Qihu,"{""type"":""MultiPoint"",""coordinates"":[]}"
242,2005-03-01T00:00:00,3.8115815881134636,Qihu,"{""type"":""MultiPoint"",""coordinates"":[]}"
243,2005-04-01T00:00:00,3.042407482477165,Qihu,"{""type"":""MultiPoint"",""coordinates"":[]}"
244,2005-05-01T00:00:00,2.963946447138289,Qihu,"{""type"":""MultiPoint"",""coordinates"":[]}"
245,2005-06-01T00:00:00,0.28025591363525393,Qihu,"{""type"":""MultiPoint"",""coordinates"":[]}"
246,2005-07-01T00:00:00,2.110105130722226,Qihu,"{""type"":""MultiPoint"",""coordinates"":[]}"
247,2005-08-01T00:00:00,1.8615657639471315,Qihu,"{""type"":""MultiPoint"",""coordinates"":[]}"
248,2005-09-01T00:00:00,2.3495647800601733,Qihu,"{""type"":""MultiPoint"",""coordinates"":[]}"
249,2005-10-01T00:00:00,2.652469882390279,Qihu,"{""type"":""MultiPoint"",""coordinates"":[]}"
250,2005-11-01T00:00:00,3.414887050720213,Qihu,"{""type"":""MultiPoint"",""coordinates"":[]}"
251,2005-12-01T00:00:00,0.0,Qihu,"{""type"":""MultiPoint"",""coordinates"":[]}"
252,2006-01-01T00:00:00,4.363393076576384,Qihu,"{""type"":""MultiPoint"",""coordinates"":[]}"
253,2006-02-01T00:00:00,0.0,Qihu,"{""type"":""MultiPoint"",""coordinates"":[]}"
254,2006-03-01T00:00:00,3.6465172337931318,Qihu,"{""type"":""MultiPoint"",""coordinates"":[]}"
255,2006-04-01T00:00:00,2.713503037652229,Qihu,"{""type"":""MultiPoint"",""coordinates"":[]}"
256,2006-05-01T00:00:00,1.4888581589343501,Qihu,"{""type"":""MultiPoint"",""coordinates"":[]}"
257,2006-06-01T00:00:00,2.3054162751816696,Qihu,"{""type"":""MultiPoint"",""coordinates"":[]}"
258,2006-07-01T00:00:00,1.728756022828345,Qihu,"{""type"":""MultiPoint"",""coordinates"":[]}"
259,2006-08-01T00:00:00,1.6264754395220586,Qihu,"{""type"":""MultiPoint"",""coordinates"":[]}"
260,2006-09-01T00:00:00,1.8666621389073985,Qihu,"{""type"":""MultiPoint"",""coordinates"":[]}"
261,2006-10-01T00:00:00,2.5702200479654946,Qihu,"{""type"":""MultiPoint"",""coordinates"":[]}"
262,2006-11-01T00:00:00,2.8040651411343442,Qihu,"{""type"":""MultiPoint"",""coordinates"":[]}"
263,2006-12-01T00:00:00,0.0,Qihu,"{""type"":""MultiPoint"",""coordinates"":[]}"
264,2007-01-01T00:00:00,3.756437198226151,Qihu,"{""type"":""MultiPoint"",""coordinates"":[]}"
265,2007-02-01T00:00:00,3.856247976630476,Qihu,"{""type"":""MultiPoint"",""coordinates"":[]}"
266,2007-03-01T00:00:00,3.526542825675457,Qihu,"{""type"":""MultiPoint"",""coordinates"":[]}"
267,2007-04-01T00:00:00,3.183918638466271,Qihu,"{""type"":""MultiPoint"",""coordinates"":[]}"
268,2007-05-01T00:00:00,3.071842798309925,Qihu,"{""type"":""MultiPoint"",""coordinates"":[]}"
269,2007-06-01T00:00:00,0.0,Qihu,"{""type"":""MultiPoint"",""coordinates"":[]}"
270,2007-07-01T00:00:00,3.0504440592629827,Qihu,"{""type"":""MultiPoint"",""coordinates"":[]}"
271,2007-08-01T00:00:00,2.7759096108348174,Qihu,"{""type"":""MultiPoint"",""coordinates"":[]}"
272,2007-09-01T00:00:00,2.5351698687614888,Qihu,"{""type"":""MultiPoint"",""coordinates"":[]}"
273,2007-10-01T00:00:00,2.935657844519521,Qihu,"{""type"":""MultiPoint"",""coordinates"":[]}"
274,2007-11-01T00:00:00,3.670564895092773,Qihu,"{""type"":""MultiPoint"",""coordinates"":[]}"
275,2007-12-01T00:00:00,0.0,Qihu,"{""type"":""MultiPoint"",""coordinates"":[]}"
276,2008-01-01T00:00:00,0.0,Qihu,"{""type"":""MultiPoint"",""coordinates"":[]}"
277,2008-02-01T00:00:00,4.002069252487842,Qihu,"{""type"":""MultiPoint"",""coordinates"":[]}"
278,2008-03-01T00:00:00,3.8239718172516466,Qihu,"{""type"":""MultiPoint"",""coordinates"":[]}"
279,2008-04-01T00:00:00,3.0132856642209513,Qihu,"{""type"":""MultiPoint"",""coordinates"":[]}"
280,2008-05-01T00:00:00,2.2708493339446423,Qihu,"{""type"":""MultiPoint"",""coordinates"":[]}"
281,2008-06-01T00:00:00,0.0,Qihu,"{""type"":""MultiPoint"",""coordinates"":[]}"
282,2008-07-01T00:00:00,1.6606826430664063,Qihu,"{""type"":""MultiPoint"",""coordinates"":[]}"
283,2008-08-01T00:00:00,1.5675299415041455,Qihu,"{""type"":""MultiPoint"",""coordinates"":[]}"
284,2008-09-01T00:00:00,1.0370035687638826,Qihu,"{""type"":""MultiPoint"",""coordinates"":[]}"
285,2008-10-01T00:00:00,3.1161663987589505,Qihu,"{""type"":""MultiPoint"",""coordinates"":[]}"
286,2008-11-01T00:00:00,3.5028694886354925,Qihu,"{""type"":""MultiPoint"",""coordinates"":[]}"
287,2008-12-01T00:00:00,0.0,Qihu,"{""type"":""MultiPoint"",""coordinates"":[]}"
288,2009-01-01T00:00:00,3.987620642641313,Qihu,"{""type"":""MultiPoint"",""coordinates"":[]}"
289,2009-02-01T00:00:00,3.9466352976926333,Qihu,"{""type"":""MultiPoint"",""coordinates"":[]}"
290,2009-03-01T00:00:00,3.6390508191987867,Qihu,"{""type"":""MultiPoint"",""coordinates"":[]}"
291,2009-04-01T00:00:00,3.288543050547163,Qihu,"{""type"":""MultiPoint"",""coordinates"":[]}"
292,2009-05-01T00:00:00,2.8026310406999175,Qihu,"{""type"":""MultiPoint"",""coordinates"":[]}"
293,2009-06-01T00:00:00,3.000658494837861,Qihu,"{""type"":""MultiPoint"",""coordinates"":[]}"
294,2009-07-01T00:00:00,3.031941263219257,Qihu,"{""type"":""MultiPoint"",""coordinates"":[]}"
295,2009-08-01T00:00:00,2.545021257115502,Qihu,"{""type"":""MultiPoint"",""coordinates"":[]}"
296,2009-09-01T00:00:00,3.009664686236212,Qihu,"{""type"":""MultiPoint"",""coordinates"":[]}"
297,2009-10-01T00:00:00,3.2585484389535933,Qihu,"{""type"":""MultiPoint"",""coordinates"":[]}"
298,2009-11-01T00:00:00,3.7151332786532523,Qihu,"{""type"":""MultiPoint"",""coordinates"":[]}"
299,2009-12-01T00:00:00,0.0,Qihu,"{""type"":""MultiPoint"",""coordinates"":[]}"
300,2010-01-01T00:00:00,4.127049743932627,Qihu,"{""type"":""MultiPoint"",""coordinates"":[]}"
301,2010-02-01T00:00:00,3.8187350818469485,Qihu,"{""type"":""MultiPoint"",""coordinates"":[]}"
302,2010-03-01T00:00:00,3.6369454815202307,Qihu,"{""type"":""MultiPoint"",""coordinates"":[]}"
303,2010-04-01T00:00:00,0.0,Qihu,"{""type"":""MultiPoint"",""coordinates"":[]}"
304,2010-05-01T00:00:00,1.784277087017942,Qihu,"{""type"":""MultiPoint"",""coordinates"":[]}"
305,2010-06-01T00:00:00,1.3307543406723918,Qihu,"{""type"":""MultiPoint"",""coordinates"":[]}"
306,2010-07-01T00:00:00,1.6266768658724917,Qihu,"{""type"":""MultiPoint"",""coordinates"":[]}"
307,2010-08-01T00:00:00,2.0475299137228573,Qihu,"{""type"":""MultiPoint"",""coordinates"":[]}"
308,2010-09-01T00:00:00,2.1433025073297243,Qihu,"{""type"":""MultiPoint"",""coordinates"":[]}"
309,2010-10-01T00:00:00,3.0049762677904317,Qihu,"{""type"":""MultiPoint"",""coordinates"":[]}"
310,2010-11-01T00:00:00,3.553158612291044,Qihu,"{""type"":""MultiPoint"",""coordinates"":[]}"
311,2010-12-01T00:00:00,0.0,Qihu,"{""type"":""MultiPoint"",""coordinates"":[]}"
312,2011-01-01T00:00:00,4.2500553286566065,Qihu,"{""type"":""MultiPoint"",""coordinates"":[]}"
313,2011-02-01T00:00:00,3.926872660564108,Qihu,"{""type"":""MultiPoint"",""coordinates"":[]}"
314,2011-03-01T00:00:00,3.7581822493106634,Qihu,"{""type"":""MultiPoint"",""coordinates"":[]}"
315,2011-04-01T00:00:00,0.5358108333740235,Qihu,"{""type"":""MultiPoint"",""coordinates"":[]}"
316,2011-05-01T00:00:00,1.4425703567114734,Qihu,"{""type"":""MultiPoint"",""coordinates"":[]}"
317,2011-06-01T00:00:00,2.2619889743941965,Qihu,"{""type"":""MultiPoint"",""coordinates"":[]}"
318,2011-07-01T00:00:00,0.0391357071523629,Qihu,"{""type"":""MultiPoint"",""coordinates"":[]}"
319,2011-08-01T00:00:00,2.607092035630409,Qihu,"{""type"":""MultiPoint"",""coordinates"":[]}"
320,2011-09-01T00:00:00,2.726344950981829,Qihu,"{""type"":""MultiPoint"",""coordinates"":[]}"
321,2011-10-01T00:00:00,3.3261319441008927,Qihu,"{""type"":""MultiPoint"",""coordinates"":[]}"
322,2011-11-01T00:00:00,3.060831532472618,Qihu,"{""type"":""MultiPoint"",""coordinates"":[]}"
323,2011-12-01T00:00:00,0.0,Qihu,"{""type"":""MultiPoint"",""coordinates"":[]}"
324,2012-01-01T00:00:00,3.899351180804802,Qihu,"{""type"":""MultiPoint"",""coordinates"":[]}"
325,2012-02-01T00:00:00,2.4983358330068546,Qihu,"{""type"":""MultiPoint"",""coordinates"":[]}"
326,2012-03-01T00:00:00,2.651657498549041,Qihu,"{""type"":""MultiPoint"",""coordinates"":[]}"
327,2012-04-01T00:00:00,0.0,Qihu,"{""type"":""MultiPoint"",""coordinates"":[]}"
328,2012-05-01T00:00:00,1.701835322653617,Qihu,"{""type"":""MultiPoint"",""coordinates"":[]}"
329,2012-06-01T00:00:00,1.4093819469446518,Qihu,"{""type"":""MultiPoint"",""coordinates"":[]}"
330,2012-07-01T00:00:00,1.6055244985112205,Qihu,"{""type"":""MultiPoint"",""coordinates"":[]}"
331,2012-08-01T00:00:00,0.0,Qihu,"{""type"":""MultiPoint"",""coordinates"":[]}"
332,2012-09-01T00:00:00,0.9078907739616844,Qihu,"{""type"":""MultiPoint"",""coordinates"":[]}"
333,2012-10-01T00:00:00,2.7773175094044418,Qihu,"{""type"":""MultiPoint"",""coordinates"":[]}"
334,2012-11-01T00:00:00,2.6474646106892914,Qihu,"{""type"":""MultiPoint"",""coordinates"":[]}"
335,2012-12-01T00:00:00,0.0,Qihu,"{""type"":""MultiPoint"",""coordinates"":[]}"
336,2013-01-01T00:00:00,3.7208292508896768,Qihu,"{""type"":""MultiPoint"",""coordinates"":[]}"
337,2013-02-01T00:00:00,1.9288858110454474,Qihu,"{""type"":""MultiPoint"",""coordinates"":[]}"
338,2013-03-01T00:00:00,0.0,Qihu,"{""type"":""MultiPoint"",""coordinates"":[]}"
339,2013-04-01T00:00:00,2.749791858670344,Qihu,"{""type"":""MultiPoint"",""coordinates"":[]}"
340,2013-05-01T00:00:00,2.9811574971370924,Qihu,"{""type"":""MultiPoint"",""coordinates"":[]}"
341,2013-06-01T00:00:00,1.978836691785864,Qihu,"{""type"":""MultiPoint"",""coordinates"":[]}"
342,2013-07-01T00:00:00,3.046124354520671,Qihu,"{""type"":""MultiPoint"",""coordinates"":[]}"
343,2013-08-01T00:00:00,3.047022450730508,Qihu,"{""type"":""MultiPoint"",""coordinates"":[]}"
344,2013-09-01T00:00:00,2.926889992375633,Qihu,"{""type"":""MultiPoint"",""coordinates"":[]}"
345,2013-10-01T00:00:00,3.3544911170946308,Qihu,"{""type"":""MultiPoint"",""coordinates"":[]}"
346,2013-11-01T00:00:00,3.689216122460699,Qihu,"{""type"":""MultiPoint"",""coordinates"":[]}"
347,2013-12-01T00:00:00,0.0,Qihu,"{""type"":""MultiPoint"",""coordinates"":[]}"
348,2014-01-01T00:00:00,4.073004407441742,Qihu,"{""type"":""MultiPoint"",""coordinates"":[]}"
349,2014-02-01T00:00:00,3.9370041798315927,Qihu,"{""type"":""MultiPoint"",""coordinates"":[]}"
350,2014-03-01T00:00:00,3.541337222679948,Qihu,"{""type"":""MultiPoint"",""coordinates"":[]}"
351,2014-04-01T00:00:00,3.1557547938167803,Qihu,"{""type"":""MultiPoint"",""coordinates"":[]}"
352,2014-05-01T00:00:00,0.7974930990775317,Qihu,"{""type"":""MultiPoint"",""coordinates"":[]}"
353,2014-06-01T00:00:00,0.0,Qihu,"{""type"":""MultiPoint"",""coordinates"":[]}"
354,2014-07-01T00:00:00,1.5180321320858223,Qihu,"{""type"":""MultiPoint"",""coordinates"":[]}"
355,2014-08-01T00:00:00,2.3630389625952626,Qihu,"{""type"":""MultiPoint"",""coordinates"":[]}"
356,2014-09-01T00:00:00,3.3506375781855566,Qihu,"{""type"":""MultiPoint"",""coordinates"":[]}"
357,2014-10-01T00:00:00,3.51199650803462,Qihu,"{""type"":""MultiPoint"",""coordinates"":[]}"
358,2014-11-01T00:00:00,0.0,Qihu,"{""type"":""MultiPoint"",""coordinates"":[]}"
359,2014-12-01T00:00:00,0.0,Qihu,"{""type"":""MultiPoint"",""coordinates"":[]}"
360,2015-01-01T00:00:00,1.749376200403071,Qihu,"{""type"":""MultiPoint"",""coordinates"":[]}"
361,2015-02-01T00:00:00,2.6011602554809583,Qihu,"{""type"":""MultiPoint"",""coordinates"":[]}"
362,2015-03-01T00:00:00,3.566935451546704,Qihu,"{""type"":""MultiPoint"",""coordinates"":[]}"
363,2015-04-01T00:00:00,2.3523870243403424,Qihu,"{""type"":""MultiPoint"",""coordinates"":[]}"
364,2015-05-01T00:00:00,0.8711982550369561,Qihu,"{""type"":""MultiPoint"",""coordinates"":[]}"
365,2015-06-01T00:00:00,3.2783082552011535,Qihu,"{""type"":""MultiPoint"",""coordinates"":[]}"
366,2015-07-01T00:00:00,3.3067563032901557,Qihu,"{""type"":""MultiPoint"",""coordinates"":[]}"
367,2015-08-01T00:00:00,3.5296048263868154,Qihu,"{""type"":""MultiPoint"",""coordinates"":[]}"
368,2015-09-01T00:00:00,3.4093710979908676,Qihu,"{""type"":""MultiPoint"",""coordinates"":[]}"
369,2015-10-01T00:00:00,3.7302472595066476,Qihu,"{""type"":""MultiPoint"",""coordinates"":[]}"
370,2015-11-01T00:00:00,4.016841268892176,Qihu,"{""type"":""MultiPoint"",""coordinates"":[]}"
371,2015-12-01T00:00:00,0.0,Qihu,"{""type"":""MultiPoint"",""coordinates"":[]}"
372,2016-01-01T00:00:00,0.0,Qihu,"{""type"":""MultiPoint"",""coordinates"":[]}"
373,2016-02-01T00:00:00,3.9890672596126784,Qihu,"{""type"":""MultiPoint"",""coordinates"":[]}"
374,2016-03-01T00:00:00,3.7970087972273303,Qihu,"{""type"":""MultiPoint"",""coordinates"":[]}"
375,2016-04-01T00:00:00,3.3177970246565303,Qihu,"{""type"":""MultiPoint"",""coordinates"":[]}"
376,2016-05-01T00:00:00,0.31163407082758876,Qihu,"{""type"":""MultiPoint"",""coordinates"":[]}"
377,2016-06-01T00:00:00,0.0038599940185546876,Qihu,"{""type"":""MultiPoint"",""coordinates"":[]}"
378,2016-07-01T00:00:00,4.068371545346251,Qihu,"{""type"":""MultiPoint"",""coordinates"":[]}"
379,2016-08-01T00:00:00,2.883299683266076,Qihu,"{""type"":""MultiPoint"",""coordinates"":[]}"
380,2016-09-01T00:00:00,3.5429401768166935,Qihu,"{""type"":""MultiPoint"",""coordinates"":[]}"
381,2016-10-01T00:00:00,2.9999149163021306,Qihu,"{""type"":""MultiPoint"",""coordinates"":[]}"
382,2016-11-01T00:00:00,4.218457131500844,Qihu,"{""type"":""MultiPoint"",""coordinates"":[]}"
383,2016-12-01T00:00:00,0.0,Qihu,"{""type"":""MultiPoint"",""coordinates"":[]}"
384,2017-01-01T00:00:00,4.018536431278485,Qihu,"{""type"":""MultiPoint"",""coordinates"":[]}"
385,2017-02-01T00:00:00,4.041045667777986,Qihu,"{""type"":""MultiPoint"",""coordinates"":[]}"
386,2017-03-01T00:00:00,2.9769760468460387,Qihu,"{""type"":""MultiPoint"",""coordinates"":[]}"
387,2017-04-01T00:00:00,3.50259754185384,Qihu,"{""type"":""MultiPoint"",""coordinates"":[]}"
388,2017-05-01T00:00:00,0.6056701614803538,Qihu,"{""type"":""MultiPoint"",""coordinates"":[]}"
389,2017-06-01T00:00:00,0.0,Qihu,"{""type"":""MultiPoint"",""coordinates"":[]}"
390,2017-07-01T00:00:00,0.04175235352089078,Qihu,"{""type"":""MultiPoint"",""coordinates"":[]}"
391,2017-08-01T00:00:00,0.0038238895646637563,Qihu,"{""type"":""MultiPoint"",""coordinates"":[]}"
392,2017-09-01T00:00:00,0.04290139035740274,Qihu,"{""type"":""MultiPoint"",""coordinates"":[]}"
393,2017-10-01T00:00:00,0.6620748241919425,Qihu,"{""type"":""MultiPoint"",""coordinates"":[]}"
394,2017-11-01T00:00:00,0.47557505812533507,Qihu,"{""type"":""MultiPoint"",""coordinates"":[]}"
395,2017-12-01T00:00:00,0.0,Qihu,"{""type"":""MultiPoint"",""coordinates"":[]}"
396,2018-01-01T00:00:00,0.0,Qihu,"{""type"":""MultiPoint"",""coordinates"":[]}"
397,2018-02-01T00:00:00,3.06794501374105,Qihu,"{""type"":""MultiPoint"",""coordinates"":[]}"
398,2018-03-01T00:00:00,2.7010158273222085,Qihu,"{""type"":""MultiPoint"",""coordinates"":[]}"
399,2018-04-01T00:00:00,1.8282691072646187,Qihu,"{""type"":""MultiPoint"",""coordinates"":[]}"
400,2018-05-01T00:00:00,0.0,Qihu,"{""type"":""MultiPoint"",""coordinates"":[]}"
401,2018-06-01T00:00:00,0.009591492319383808,Qihu,"{""type"":""MultiPoint"",""coordinates"":[]}"
402,2018-07-01T00:00:00,0.018589361476763554,Qihu,"{""type"":""MultiPoint"",""coordinates"":[]}"
403,2018-08-01T00:00:00,0.01811131422286688,Qihu,"{""type"":""MultiPoint"",""coordinates"":[]}"
404,2018-09-01T00:00:00,0.06439398231655946,Qihu,"{""type"":""MultiPoint"",""coordinates"":[]}"
405,2018-10-01T00:00:00,0.08776674253504135,Qihu,"{""type"":""MultiPoint"",""coordinates"":[]}"
406,2018-11-01T00:00:00,0.17769953955413223,Qihu,"{""type"":""MultiPoint"",""coordinates"":[]}"
407,2018-12-01T00:00:00,0.0,Qihu,"{""type"":""MultiPoint"",""coordinates"":[]}"
408,2019-01-01T00:00:00,0.0,Qihu,"{""type"":""MultiPoint"",""coordinates"":[]}"
409,2019-02-01T00:00:00,0.2775615695214365,Qihu,"{""type"":""MultiPoint"",""coordinates"":[]}"
410,2019-03-01T00:00:00,3.1522761483161488,Qihu,"{""type"":""MultiPoint"",""coordinates"":[]}"
411,2019-04-01T00:00:00,2.2791681768241134,Qihu,"{""type"":""MultiPoint"",""coordinates"":[]}"
412,2019-05-01T00:00:00,0.16964385089829392,Qihu,"{""type"":""MultiPoint"",""coordinates"":[]}"
413,2019-06-01T00:00:00,0.05013558639993108,Qihu,"{""type"":""MultiPoint"",""coordinates"":[]}"
414,2019-07-01T00:00:00,0.02103821645555683,Qihu,"{""type"":""MultiPoint"",""coordinates"":[]}"
415,2019-08-01T00:00:00,0.02617002619628906,Qihu,"{""type"":""MultiPoint"",""coordinates"":[]}"
416,2019-09-01T00:00:00,0.02378710396010455,Qihu,"{""type"":""MultiPoint"",""coordinates"":[]}"
417,2019-10-01T00:00:00,0.08197967968151613,Qihu,"{""type"":""MultiPoint"",""coordinates"":[]}"
418,2019-11-01T00:00:00,0.1391433168693991,Qihu,"{""type"":""MultiPoint"",""coordinates"":[]}"
419,2019-12-01T00:00:00,0.0,Qihu,"{""type"":""MultiPoint"",""coordinates"":[]}"
420,2020-01-01T00:00:00,0.0,Qihu,"{""type"":""MultiPoint"",""coordinates"":[]}"
421,2020-02-01T00:00:00,2.8410602056846472,Qihu,"{""type"":""MultiPoint"",""coordinates"":[]}"
422,2020-03-01T00:00:00,2.73079452295257,Qihu,"{""type"":""MultiPoint"",""coordinates"":[]}"
423,2020-04-01T00:00:00,2.4376580745756256,Qihu,"{""type"":""MultiPoint"",""coordinates"":[]}"
424,2020-05-01T00:00:00,0.04332427202435662,Qihu,"{""type"":""MultiPoint"",""coordinates"":[]}"
425,2020-06-01T00:00:00,0.06829491678777959,Qihu,"{""type"":""MultiPoint"",""coordinates"":[]}"
426,2020-07-01T00:00:00,0.0,Qihu,"{""type"":""MultiPoint"",""coordinates"":[]}"
427,2020-08-01T00:00:00,0.42209799642884505,Qihu,"{""type"":""MultiPoint"",""coordinates"":[]}"
428,2020-09-01T00:00:00,0.022467366188677618,Qihu,"{""type"":""MultiPoint"",""coordinates"":[]}"
429,2020-10-01T00:00:00,0.659117094263174,Qihu,"{""type"":""MultiPoint"",""coordinates"":[]}"
430,2020-11-01T00:00:00,1.363357619098737,Qihu,"{""type"":""MultiPoint"",""coordinates"":[]}"
431,2020-12-01T00:00:00,0.0,Qihu,"{""type"":""MultiPoint"",""coordinates"":[]}"
