system:index,Date,area_km2,lake,.geo
0,1985-01-01T00:00:00,0.0,sanbaohu,"{""type"":""MultiPoint"",""coordinates"":[]}"
1,1985-02-01T00:00:00,0.0,sanbaohu,"{""type"":""MultiPoint"",""coordinates"":[]}"
2,1985-03-01T00:00:00,0.0,sanbaohu,"{""type"":""MultiPoint"",""coordinates"":[]}"
3,1985-04-01T00:00:00,0.0,sanbaohu,"{""type"":""MultiPoint"",""coordinates"":[]}"
4,1985-05-01T00:00:00,0.0,sanbaohu,"{""type"":""MultiPoint"",""coordinates"":[]}"
5,1985-06-01T00:00:00,0.0,sanbaohu,"{""type"":""MultiPoint"",""coordinates"":[]}"
6,1985-07-01T00:00:00,0.0,sanbaohu,"{""type"":""MultiPoint"",""coordinates"":[]}"
7,1985-08-01T00:00:00,0.0,sanbaohu,"{""type"":""MultiPoint"",""coordinates"":[]}"
8,1985-09-01T00:00:00,0.0,sanbaohu,"{""type"":""MultiPoint"",""coordinates"":[]}"
9,1985-10-01T00:00:00,0.0,sanbaohu,"{""type"":""MultiPoint"",""coordinates"":[]}"
10,1985-11-01T00:00:00,0.0,sanbaohu,"{""type"":""MultiPoint"",""coordinates"":[]}"
11,1985-12-01T00:00:00,0.0,sanbaohu,"{""type"":""MultiPoint"",""coordinates"":[]}"
12,1986-01-01T00:00:00,0.0,sanbaohu,"{""type"":""MultiPoint"",""coordinates"":[]}"
13,1986-02-01T00:00:00,0.0,sanbaohu,"{""type"":""MultiPoint"",""coordinates"":[]}"
14,1986-03-01T00:00:00,0.0,sanbaohu,"{""type"":""MultiPoint"",""coordinates"":[]}"
15,1986-04-01T00:00:00,0.0,sanbaohu,"{""type"":""MultiPoint"",""coordinates"":[]}"
16,1986-05-01T00:00:00,0.0,sanbaohu,"{""type"":""MultiPoint"",""coordinates"":[]}"
17,1986-06-01T00:00:00,0.0,sanbaohu,"{""type"":""MultiPoint"",""coordinates"":[]}"
18,1986-07-01T00:00:00,0.0,sanbaohu,"{""type"":""MultiPoint"",""coordinates"":[]}"
19,1986-08-01T00:00:00,0.0,sanbaohu,"{""type"":""MultiPoint"",""coordinates"":[]}"
20,1986-09-01T00:00:00,0.0,sanbaohu,"{""type"":""MultiPoint"",""coordinates"":[]}"
21,1986-10-01T00:00:00,0.0,sanbaohu,"{""type"":""MultiPoint"",""coordinates"":[]}"
22,1986-11-01T00:00:00,0.0,sanbaohu,"{""type"":""MultiPoint"",""coordinates"":[]}"
23,1986-12-01T00:00:00,0.0,sanbaohu,"{""type"":""MultiPoint"",""coordinates"":[]}"
24,1987-01-01T00:00:00,0.0,sanbaohu,"{""type"":""MultiPoint"",""coordinates"":[]}"
25,1987-02-01T00:00:00,0.0,sanbaohu,"{""type"":""MultiPoint"",""coordinates"":[]}"
26,1987-03-01T00:00:00,0.0,sanbaohu,"{""type"":""MultiPoint"",""coordinates"":[]}"
27,1987-04-01T00:00:00,0.0,sanbaohu,"{""type"":""MultiPoint"",""coordinates"":[]}"
28,1987-05-01T00:00:00,0.0,sanbaohu,"{""type"":""MultiPoint"",""coordinates"":[]}"
29,1987-06-01T00:00:00,0.4701073096957338,sanbaohu,"{""type"":""MultiPoint"",""coordinates"":[]}"
30,1987-07-01T00:00:00,0.0,sanbaohu,"{""type"":""MultiPoint"",""coordinates"":[]}"
31,1987-08-01T00:00:00,0.0,sanbaohu,"{""type"":""MultiPoint"",""coordinates"":[]}"
32,1987-09-01T00:00:00,0.5284776595430263,sanbaohu,"{""type"":""MultiPoint"",""coordinates"":[]}"
33,1987-10-01T00:00:00,0.0,sanbaohu,"{""type"":""MultiPoint"",""coordinates"":[]}"
34,1987-11-01T00:00:00,0.0,sanbaohu,"{""type"":""MultiPoint"",""coordinates"":[]}"
35,1987-12-01T00:00:00,0.0,sanbaohu,"{""type"":""MultiPoint"",""coordinates"":[]}"
36,1988-01-01T00:00:00,0.0,sanbaohu,"{""type"":""MultiPoint"",""coordinates"":[]}"
37,1988-02-01T00:00:00,0.0,sanbaohu,"{""type"":""MultiPoint"",""coordinates"":[]}"
38,1988-03-01T00:00:00,0.0,sanbaohu,"{""type"":""MultiPoint"",""coordinates"":[]}"
39,1988-04-01T00:00:00,0.0,sanbaohu,"{""type"":""MultiPoint"",""coordinates"":[]}"
40,1988-05-01T00:00:00,0.0,sanbaohu,"{""type"":""MultiPoint"",""coordinates"":[]}"
41,1988-06-01T00:00:00,0.0,sanbaohu,"{""type"":""MultiPoint"",""coordinates"":[]}"
42,1988-07-01T00:00:00,0.12853293788511988,sanbaohu,"{""type"":""MultiPoint"",""coordinates"":[]}"
43,1988-08-01T00:00:00,0.0,sanbaohu,"{""type"":""MultiPoint"",""coordinates"":[]}"
44,1988-09-01T00:00:00,0.0,sanbaohu,"{""type"":""MultiPoint"",""coordinates"":[]}"
45,1988-10-01T00:00:00,0.0,sanbaohu,"{""type"":""MultiPoint"",""coordinates"":[]}"
46,1988-11-01T00:00:00,0.0,sanbaohu,"{""type"":""MultiPoint"",""coordinates"":[]}"
47,1988-12-01T00:00:00,0.0,sanbaohu,"{""type"":""MultiPoint"",""coordinates"":[]}"
48,1989-01-01T00:00:00,0.0,sanbaohu,"{""type"":""MultiPoint"",""coordinates"":[]}"
49,1989-02-01T00:00:00,0.0,sanbaohu,"{""type"":""MultiPoint"",""coordinates"":[]}"
50,1989-03-01T00:00:00,0.0,sanbaohu,"{""type"":""MultiPoint"",""coordinates"":[]}"
51,1989-04-01T00:00:00,0.0,sanbaohu,"{""type"":""MultiPoint"",""coordinates"":[]}"
52,1989-05-01T00:00:00,0.0,sanbaohu,"{""type"":""MultiPoint"",""coordinates"":[]}"
53,1989-06-01T00:00:00,0.0,sanbaohu,"{""type"":""MultiPoint"",""coordinates"":[]}"
54,1989-07-01T00:00:00,0.0,sanbaohu,"{""type"":""MultiPoint"",""coordinates"":[]}"
55,1989-08-01T00:00:00,0.0,sanbaohu,"{""type"":""MultiPoint"",""coordinates"":[]}"
56,1989-09-01T00:00:00,0.0,sanbaohu,"{""type"":""MultiPoint"",""coordinates"":[]}"
57,1989-10-01T00:00:00,0.0,sanbaohu,"{""type"":""MultiPoint"",""coordinates"":[]}"
58,1989-11-01T00:00:00,0.0,sanbaohu,"{""type"":""MultiPoint"",""coordinates"":[]}"
59,1989-12-01T00:00:00,0.0,sanbaohu,"{""type"":""MultiPoint"",""coordinates"":[]}"
60,1990-01-01T00:00:00,0.0,sanbaohu,"{""type"":""MultiPoint"",""coordinates"":[]}"
61,1990-02-01T00:00:00,0.0,sanbaohu,"{""type"":""MultiPoint"",""coordinates"":[]}"
62,1990-03-01T00:00:00,0.0,sanbaohu,"{""type"":""MultiPoint"",""coordinates"":[]}"
63,1990-04-01T00:00:00,0.0,sanbaohu,"{""type"":""MultiPoint"",""coordinates"":[]}"
64,1990-05-01T00:00:00,0.0,sanbaohu,"{""type"":""MultiPoint"",""coordinates"":[]}"
65,1990-06-01T00:00:00,0.0,sanbaohu,"{""type"":""MultiPoint"",""coordinates"":[]}"
66,1990-07-01T00:00:00,0.0,sanbaohu,"{""type"":""MultiPoint"",""coordinates"":[]}"
67,1990-08-01T00:00:00,0.0,sanbaohu,"{""type"":""MultiPoint"",""coordinates"":[]}"
68,1990-09-01T00:00:00,0.2962987046894149,sanbaohu,"{""type"":""MultiPoint"",""coordinates"":[]}"
69,1990-10-01T00:00:00,0.0,sanbaohu,"{""type"":""MultiPoint"",""coordinates"":[]}"
70,1990-11-01T00:00:00,0.0,sanbaohu,"{""type"":""MultiPoint"",""coordinates"":[]}"
71,1990-12-01T00:00:00,0.0,sanbaohu,"{""type"":""MultiPoint"",""coordinates"":[]}"
72,1991-01-01T00:00:00,0.0,sanbaohu,"{""type"":""MultiPoint"",""coordinates"":[]}"
73,1991-02-01T00:00:00,0.0,sanbaohu,"{""type"":""MultiPoint"",""coordinates"":[]}"
74,1991-03-01T00:00:00,0.0,sanbaohu,"{""type"":""MultiPoint"",""coordinates"":[]}"
75,1991-04-01T00:00:00,0.0,sanbaohu,"{""type"":""MultiPoint"",""coordinates"":[]}"
76,1991-05-01T00:00:00,0.0,sanbaohu,"{""type"":""MultiPoint"",""coordinates"":[]}"
77,1991-06-01T00:00:00,0.0,sanbaohu,"{""type"":""MultiPoint"",""coordinates"":[]}"
78,1991-07-01T00:00:00,1.4805507722045899,sanbaohu,"{""type"":""MultiPoint"",""coordinates"":[]}"
79,1991-08-01T00:00:00,0.0,sanbaohu,"{""type"":""MultiPoint"",""coordinates"":[]}"
80,1991-09-01T00:00:00,0.0,sanbaohu,"{""type"":""MultiPoint"",""coordinates"":[]}"
81,1991-10-01T00:00:00,0.0,sanbaohu,"{""type"":""MultiPoint"",""coordinates"":[]}"
82,1991-11-01T00:00:00,0.0,sanbaohu,"{""type"":""MultiPoint"",""coordinates"":[]}"
83,1991-12-01T00:00:00,0.0,sanbaohu,"{""type"":""MultiPoint"",""coordinates"":[]}"
84,1992-01-01T00:00:00,1.2478593850317858,sanbaohu,"{""type"":""MultiPoint"",""coordinates"":[]}"
85,1992-02-01T00:00:00,0.06141498133975758,sanbaohu,"{""type"":""MultiPoint"",""coordinates"":[]}"
86,1992-03-01T00:00:00,0.0,sanbaohu,"{""type"":""MultiPoint"",""coordinates"":[]}"
87,1992-04-01T00:00:00,0.0,sanbaohu,"{""type"":""MultiPoint"",""coordinates"":[]}"
88,1992-05-01T00:00:00,0.0,sanbaohu,"{""type"":""MultiPoint"",""coordinates"":[]}"
89,1992-06-01T00:00:00,0.0,sanbaohu,"{""type"":""MultiPoint"",""coordinates"":[]}"
90,1992-07-01T00:00:00,0.4855303239118987,sanbaohu,"{""type"":""MultiPoint"",""coordinates"":[]}"
91,1992-08-01T00:00:00,0.0,sanbaohu,"{""type"":""MultiPoint"",""coordinates"":[]}"
92,1992-09-01T00:00:00,0.0,sanbaohu,"{""type"":""MultiPoint"",""coordinates"":[]}"
93,1992-10-01T00:00:00,0.7101347570298135,sanbaohu,"{""type"":""MultiPoint"",""coordinates"":[]}"
94,1992-11-01T00:00:00,0.0,sanbaohu,"{""type"":""MultiPoint"",""coordinates"":[]}"
95,1992-12-01T00:00:00,0.0,sanbaohu,"{""type"":""MultiPoint"",""coordinates"":[]}"
96,1993-01-01T00:00:00,0.0,sanbaohu,"{""type"":""MultiPoint"",""coordinates"":[]}"
97,1993-02-01T00:00:00,0.0,sanbaohu,"{""type"":""MultiPoint"",""coordinates"":[]}"
98,1993-03-01T00:00:00,0.0,sanbaohu,"{""type"":""MultiPoint"",""coordinates"":[]}"
99,1993-04-01T00:00:00,0.0,sanbaohu,"{""type"":""MultiPoint"",""coordinates"":[]}"
100,1993-05-01T00:00:00,0.0,sanbaohu,"{""type"":""MultiPoint"",""coordinates"":[]}"
101,1993-06-01T00:00:00,0.0,sanbaohu,"{""type"":""MultiPoint"",""coordinates"":[]}"
102,1993-07-01T00:00:00,0.0,sanbaohu,"{""type"":""MultiPoint"",""coordinates"":[]}"
103,1993-08-01T00:00:00,0.0,sanbaohu,"{""type"":""MultiPoint"",""coordinates"":[]}"
104,1993-09-01T00:00:00,0.0,sanbaohu,"{""type"":""MultiPoint"",""coordinates"":[]}"
105,1993-10-01T00:00:00,0.9607616545855354,sanbaohu,"{""type"":""MultiPoint"",""coordinates"":[]}"
106,1993-11-01T00:00:00,0.0,sanbaohu,"{""type"":""MultiPoint"",""coordinates"":[]}"
107,1993-12-01T00:00:00,0.0,sanbaohu,"{""type"":""MultiPoint"",""coordinates"":[]}"
108,1994-01-01T00:00:00,0.0,sanbaohu,"{""type"":""MultiPoint"",""coordinates"":[]}"
109,1994-02-01T00:00:00,0.0,sanbaohu,"{""type"":""MultiPoint"",""coordinates"":[]}"
110,1994-03-01T00:00:00,0.0,sanbaohu,"{""type"":""MultiPoint"",""coordinates"":[]}"
111,1994-04-01T00:00:00,0.0,sanbaohu,"{""type"":""MultiPoint"",""coordinates"":[]}"
112,1994-05-01T00:00:00,0.0,sanbaohu,"{""type"":""MultiPoint"",""coordinates"":[]}"
113,1994-06-01T00:00:00,0.0,sanbaohu,"{""type"":""MultiPoint"",""coordinates"":[]}"
114,1994-07-01T00:00:00,0.0,sanbaohu,"{""type"":""MultiPoint"",""coordinates"":[]}"
115,1994-08-01T00:00:00,0.445180551641008,sanbaohu,"{""type"":""MultiPoint"",""coordinates"":[]}"
116,1994-09-01T00:00:00,0.36536057620035806,sanbaohu,"{""type"":""MultiPoint"",""coordinates"":[]}"
117,1994-10-01T00:00:00,0.9279788010086356,sanbaohu,"{""type"":""MultiPoint"",""coordinates"":[]}"
118,1994-11-01T00:00:00,0.0,sanbaohu,"{""type"":""MultiPoint"",""coordinates"":[]}"
119,1994-12-01T00:00:00,0.0,sanbaohu,"{""type"":""MultiPoint"",""coordinates"":[]}"
120,1995-01-01T00:00:00,0.0,sanbaohu,"{""type"":""MultiPoint"",""coordinates"":[]}"
121,1995-02-01T00:00:00,0.0,sanbaohu,"{""type"":""MultiPoint"",""coordinates"":[]}"
122,1995-03-01T00:00:00,0.0,sanbaohu,"{""type"":""MultiPoint"",""coordinates"":[]}"
123,1995-04-01T00:00:00,0.007714270812988281,sanbaohu,"{""type"":""MultiPoint"",""coordinates"":[]}"
124,1995-05-01T00:00:00,0.0,sanbaohu,"{""type"":""MultiPoint"",""coordinates"":[]}"
125,1995-06-01T00:00:00,0.2872332099817612,sanbaohu,"{""type"":""MultiPoint"",""coordinates"":[]}"
126,1995-07-01T00:00:00,0.0,sanbaohu,"{""type"":""MultiPoint"",""coordinates"":[]}"
127,1995-08-01T00:00:00,0.0,sanbaohu,"{""type"":""MultiPoint"",""coordinates"":[]}"
128,1995-09-01T00:00:00,0.0,sanbaohu,"{""type"":""MultiPoint"",""coordinates"":[]}"
129,1995-10-01T00:00:00,1.1653120361668001,sanbaohu,"{""type"":""MultiPoint"",""coordinates"":[]}"
130,1995-11-01T00:00:00,1.0966096799213483,sanbaohu,"{""type"":""MultiPoint"",""coordinates"":[]}"
131,1995-12-01T00:00:00,0.0,sanbaohu,"{""type"":""MultiPoint"",""coordinates"":[]}"
132,1996-01-01T00:00:00,0.32872757255308865,sanbaohu,"{""type"":""MultiPoint"",""coordinates"":[]}"
133,1996-02-01T00:00:00,1.0974933865050067,sanbaohu,"{""type"":""MultiPoint"",""coordinates"":[]}"
134,1996-03-01T00:00:00,0.0,sanbaohu,"{""type"":""MultiPoint"",""coordinates"":[]}"
135,1996-04-01T00:00:00,0.2542535085915958,sanbaohu,"{""type"":""MultiPoint"",""coordinates"":[]}"
136,1996-05-01T00:00:00,0.10488541972440832,sanbaohu,"{""type"":""MultiPoint"",""coordinates"":[]}"
137,1996-06-01T00:00:00,0.00848532275390625,sanbaohu,"{""type"":""MultiPoint"",""coordinates"":[]}"
138,1996-07-01T00:00:00,0.0,sanbaohu,"{""type"":""MultiPoint"",""coordinates"":[]}"
139,1996-08-01T00:00:00,7.71385498046875E-4,sanbaohu,"{""type"":""MultiPoint"",""coordinates"":[]}"
140,1996-09-01T00:00:00,0.16622083290800208,sanbaohu,"{""type"":""MultiPoint"",""coordinates"":[]}"
141,1996-10-01T00:00:00,0.8404995747893688,sanbaohu,"{""type"":""MultiPoint"",""coordinates"":[]}"
142,1996-11-01T00:00:00,0.0,sanbaohu,"{""type"":""MultiPoint"",""coordinates"":[]}"
143,1996-12-01T00:00:00,0.0,sanbaohu,"{""type"":""MultiPoint"",""coordinates"":[]}"
144,1997-01-01T00:00:00,0.0,sanbaohu,"{""type"":""MultiPoint"",""coordinates"":[]}"
145,1997-02-01T00:00:00,0.0,sanbaohu,"{""type"":""MultiPoint"",""coordinates"":[]}"
146,1997-03-01T00:00:00,0.0,sanbaohu,"{""type"":""MultiPoint"",""coordinates"":[]}"
147,1997-04-01T00:00:00,0.0,sanbaohu,"{""type"":""MultiPoint"",""coordinates"":[]}"
148,1997-05-01T00:00:00,0.0,sanbaohu,"{""type"":""MultiPoint"",""coordinates"":[]}"
149,1997-06-01T00:00:00,0.0,sanbaohu,"{""type"":""MultiPoint"",""coordinates"":[]}"
150,1997-07-01T00:00:00,0.0,sanbaohu,"{""type"":""MultiPoint"",""coordinates"":[]}"
151,1997-08-01T00:00:00,0.0,sanbaohu,"{""type"":""MultiPoint"",""coordinates"":[]}"
152,1997-09-01T00:00:00,0.0,sanbaohu,"{""type"":""MultiPoint"",""coordinates"":[]}"
153,1997-10-01T00:00:00,0.0,sanbaohu,"{""type"":""MultiPoint"",""coordinates"":[]}"
154,1997-11-01T00:00:00,0.0,sanbaohu,"{""type"":""MultiPoint"",""coordinates"":[]}"
155,1997-12-01T00:00:00,0.0,sanbaohu,"{""type"":""MultiPoint"",""coordinates"":[]}"
156,1998-01-01T00:00:00,0.0,sanbaohu,"{""type"":""MultiPoint"",""coordinates"":[]}"
157,1998-02-01T00:00:00,0.0,sanbaohu,"{""type"":""MultiPoint"",""coordinates"":[]}"
158,1998-03-01T00:00:00,0.0,sanbaohu,"{""type"":""MultiPoint"",""coordinates"":[]}"
159,1998-04-01T00:00:00,0.0,sanbaohu,"{""type"":""MultiPoint"",""coordinates"":[]}"
160,1998-05-01T00:00:00,0.0,sanbaohu,"{""type"":""MultiPoint"",""coordinates"":[]}"
161,1998-06-01T00:00:00,0.0,sanbaohu,"{""type"":""MultiPoint"",""coordinates"":[]}"
162,1998-07-01T00:00:00,0.0,sanbaohu,"{""type"":""MultiPoint"",""coordinates"":[]}"
163,1998-08-01T00:00:00,0.0,sanbaohu,"{""type"":""MultiPoint"",""coordinates"":[]}"
164,1998-09-01T00:00:00,0.0,sanbaohu,"{""type"":""MultiPoint"",""coordinates"":[]}"
165,1998-10-01T00:00:00,0.0,sanbaohu,"{""type"":""MultiPoint"",""coordinates"":[]}"
166,1998-11-01T00:00:00,0.0,sanbaohu,"{""type"":""MultiPoint"",""coordinates"":[]}"
167,1998-12-01T00:00:00,0.0,sanbaohu,"{""type"":""MultiPoint"",""coordinates"":[]}"
168,1999-01-01T00:00:00,0.0,sanbaohu,"{""type"":""MultiPoint"",""coordinates"":[]}"
169,1999-02-01T00:00:00,0.0,sanbaohu,"{""type"":""MultiPoint"",""coordinates"":[]}"
170,1999-03-01T00:00:00,0.0,sanbaohu,"{""type"":""MultiPoint"",""coordinates"":[]}"
171,1999-04-01T00:00:00,0.0,sanbaohu,"{""type"":""MultiPoint"",""coordinates"":[]}"
172,1999-05-01T00:00:00,0.0,sanbaohu,"{""type"":""MultiPoint"",""coordinates"":[]}"
173,1999-06-01T00:00:00,0.0,sanbaohu,"{""type"":""MultiPoint"",""coordinates"":[]}"
174,1999-07-01T00:00:00,0.0,sanbaohu,"{""type"":""MultiPoint"",""coordinates"":[]}"
175,1999-08-01T00:00:00,0.0,sanbaohu,"{""type"":""MultiPoint"",""coordinates"":[]}"
176,1999-09-01T00:00:00,0.7800089977675494,sanbaohu,"{""type"":""MultiPoint"",""coordinates"":[]}"
177,1999-10-01T00:00:00,0.0,sanbaohu,"{""type"":""MultiPoint"",""coordinates"":[]}"
178,1999-11-01T00:00:00,0.0,sanbaohu,"{""type"":""MultiPoint"",""coordinates"":[]}"
179,1999-12-01T00:00:00,0.0,sanbaohu,"{""type"":""MultiPoint"",""coordinates"":[]}"
180,2000-01-01T00:00:00,0.9769940015309053,sanbaohu,"{""type"":""MultiPoint"",""coordinates"":[]}"
181,2000-02-01T00:00:00,1.2731581379387347,sanbaohu,"{""type"":""MultiPoint"",""coordinates"":[]}"
182,2000-03-01T00:00:00,0.8105773769974055,sanbaohu,"{""type"":""MultiPoint"",""coordinates"":[]}"
183,2000-04-01T00:00:00,0.0,sanbaohu,"{""type"":""MultiPoint"",""coordinates"":[]}"
184,2000-05-01T00:00:00,0.0,sanbaohu,"{""type"":""MultiPoint"",""coordinates"":[]}"
185,2000-06-01T00:00:00,7.714129638671875E-4,sanbaohu,"{""type"":""MultiPoint"",""coordinates"":[]}"
186,2000-07-01T00:00:00,0.0,sanbaohu,"{""type"":""MultiPoint"",""coordinates"":[]}"
187,2000-08-01T00:00:00,0.5170078069304821,sanbaohu,"{""type"":""MultiPoint"",""coordinates"":[]}"
188,2000-09-01T00:00:00,0.6914429672226848,sanbaohu,"{""type"":""MultiPoint"",""coordinates"":[]}"
189,2000-10-01T00:00:00,1.1168483438859524,sanbaohu,"{""type"":""MultiPoint"",""coordinates"":[]}"
190,2000-11-01T00:00:00,1.5320569467790195,sanbaohu,"{""type"":""MultiPoint"",""coordinates"":[]}"
191,2000-12-01T00:00:00,0.0,sanbaohu,"{""type"":""MultiPoint"",""coordinates"":[]}"
192,2001-01-01T00:00:00,1.4504860634964285,sanbaohu,"{""type"":""MultiPoint"",""coordinates"":[]}"
193,2001-02-01T00:00:00,0.13927832090059164,sanbaohu,"{""type"":""MultiPoint"",""coordinates"":[]}"
194,2001-03-01T00:00:00,0.9768034300505994,sanbaohu,"{""type"":""MultiPoint"",""coordinates"":[]}"
195,2001-04-01T00:00:00,0.4381220257022634,sanbaohu,"{""type"":""MultiPoint"",""coordinates"":[]}"
196,2001-05-01T00:00:00,0.12686969955193014,sanbaohu,"{""type"":""MultiPoint"",""coordinates"":[]}"
197,2001-06-01T00:00:00,0.0,sanbaohu,"{""type"":""MultiPoint"",""coordinates"":[]}"
198,2001-07-01T00:00:00,0.2844296575791303,sanbaohu,"{""type"":""MultiPoint"",""coordinates"":[]}"
199,2001-08-01T00:00:00,0.0,sanbaohu,"{""type"":""MultiPoint"",""coordinates"":[]}"
200,2001-09-01T00:00:00,0.36641864824505976,sanbaohu,"{""type"":""MultiPoint"",""coordinates"":[]}"
201,2001-10-01T00:00:00,0.005511356899366192,sanbaohu,"{""type"":""MultiPoint"",""coordinates"":[]}"
202,2001-11-01T00:00:00,1.540553073688821,sanbaohu,"{""type"":""MultiPoint"",""coordinates"":[]}"
203,2001-12-01T00:00:00,0.0,sanbaohu,"{""type"":""MultiPoint"",""coordinates"":[]}"
204,2002-01-01T00:00:00,1.447544700776703,sanbaohu,"{""type"":""MultiPoint"",""coordinates"":[]}"
205,2002-02-01T00:00:00,0.6867657467792586,sanbaohu,"{""type"":""MultiPoint"",""coordinates"":[]}"
206,2002-03-01T00:00:00,0.9350439010904948,sanbaohu,"{""type"":""MultiPoint"",""coordinates"":[]}"
207,2002-04-01T00:00:00,0.2813991537351122,sanbaohu,"{""type"":""MultiPoint"",""coordinates"":[]}"
208,2002-05-01T00:00:00,0.5033382920426911,sanbaohu,"{""type"":""MultiPoint"",""coordinates"":[]}"
209,2002-06-01T00:00:00,0.0,sanbaohu,"{""type"":""MultiPoint"",""coordinates"":[]}"
210,2002-07-01T00:00:00,0.10774959671080346,sanbaohu,"{""type"":""MultiPoint"",""coordinates"":[]}"
211,2002-08-01T00:00:00,0.43573578170237826,sanbaohu,"{""type"":""MultiPoint"",""coordinates"":[]}"
212,2002-09-01T00:00:00,0.4318502556693283,sanbaohu,"{""type"":""MultiPoint"",""coordinates"":[]}"
213,2002-10-01T00:00:00,1.1034336725638592,sanbaohu,"{""type"":""MultiPoint"",""coordinates"":[]}"
214,2002-11-01T00:00:00,1.598872269508272,sanbaohu,"{""type"":""MultiPoint"",""coordinates"":[]}"
215,2002-12-01T00:00:00,0.0,sanbaohu,"{""type"":""MultiPoint"",""coordinates"":[]}"
216,2003-01-01T00:00:00,1.599297162525611,sanbaohu,"{""type"":""MultiPoint"",""coordinates"":[]}"
217,2003-02-01T00:00:00,1.3187404471313475,sanbaohu,"{""type"":""MultiPoint"",""coordinates"":[]}"
218,2003-03-01T00:00:00,0.8483608323067461,sanbaohu,"{""type"":""MultiPoint"",""coordinates"":[]}"
219,2003-04-01T00:00:00,0.6859903586758482,sanbaohu,"{""type"":""MultiPoint"",""coordinates"":[]}"
220,2003-05-01T00:00:00,0.5680011256294998,sanbaohu,"{""type"":""MultiPoint"",""coordinates"":[]}"
221,2003-06-01T00:00:00,0.0,sanbaohu,"{""type"":""MultiPoint"",""coordinates"":[]}"
222,2003-07-01T00:00:00,0.33748853261144307,sanbaohu,"{""type"":""MultiPoint"",""coordinates"":[]}"
223,2003-08-01T00:00:00,0.2402062073167988,sanbaohu,"{""type"":""MultiPoint"",""coordinates"":[]}"
224,2003-09-01T00:00:00,0.1289453656048943,sanbaohu,"{""type"":""MultiPoint"",""coordinates"":[]}"
225,2003-10-01T00:00:00,0.6177920139626896,sanbaohu,"{""type"":""MultiPoint"",""coordinates"":[]}"
226,2003-11-01T00:00:00,1.428336064319087,sanbaohu,"{""type"":""MultiPoint"",""coordinates"":[]}"
227,2003-12-01T00:00:00,0.0,sanbaohu,"{""type"":""MultiPoint"",""coordinates"":[]}"
228,2004-01-01T00:00:00,1.2436677337455002,sanbaohu,"{""type"":""MultiPoint"",""coordinates"":[]}"
229,2004-02-01T00:00:00,0.9968814353893805,sanbaohu,"{""type"":""MultiPoint"",""coordinates"":[]}"
230,2004-03-01T00:00:00,0.6039206627948835,sanbaohu,"{""type"":""MultiPoint"",""coordinates"":[]}"
231,2004-04-01T00:00:00,0.27488263683148556,sanbaohu,"{""type"":""MultiPoint"",""coordinates"":[]}"
232,2004-05-01T00:00:00,0.039028392812930836,sanbaohu,"{""type"":""MultiPoint"",""coordinates"":[]}"
233,2004-06-01T00:00:00,0.26131790958706724,sanbaohu,"{""type"":""MultiPoint"",""coordinates"":[]}"
234,2004-07-01T00:00:00,0.5313742183057597,sanbaohu,"{""type"":""MultiPoint"",""coordinates"":[]}"
235,2004-08-01T00:00:00,0.14271276678466796,sanbaohu,"{""type"":""MultiPoint"",""coordinates"":[]}"
236,2004-09-01T00:00:00,0.9045141342979279,sanbaohu,"{""type"":""MultiPoint"",""coordinates"":[]}"
237,2004-10-01T00:00:00,1.1876174103810027,sanbaohu,"{""type"":""MultiPoint"",""coordinates"":[]}"
238,2004-11-01T00:00:00,1.548625394355804,sanbaohu,"{""type"":""MultiPoint"",""coordinates"":[]}"
239,2004-12-01T00:00:00,0.0,sanbaohu,"{""type"":""MultiPoint"",""coordinates"":[]}"
240,2005-01-01T00:00:00,1.6388791664692002,sanbaohu,"{""type"":""MultiPoint"",""coordinates"":[]}"
241,2005-02-01T00:00:00,0.6088958140974458,sanbaohu,"{""type"":""MultiPoint"",""coordinates"":[]}"
242,2005-03-01T00:00:00,1.0708690211997838,sanbaohu,"{""type"":""MultiPoint"",""coordinates"":[]}"
243,2005-04-01T00:00:00,0.5438224993896484,sanbaohu,"{""type"":""MultiPoint"",""coordinates"":[]}"
244,2005-05-01T00:00:00,0.15316617164450252,sanbaohu,"{""type"":""MultiPoint"",""coordinates"":[]}"
245,2005-06-01T00:00:00,0.0,sanbaohu,"{""type"":""MultiPoint"",""coordinates"":[]}"
246,2005-07-01T00:00:00,0.24616491633899165,sanbaohu,"{""type"":""MultiPoint"",""coordinates"":[]}"
247,2005-08-01T00:00:00,0.39670923164086436,sanbaohu,"{""type"":""MultiPoint"",""coordinates"":[]}"
248,2005-09-01T00:00:00,0.7518346427085727,sanbaohu,"{""type"":""MultiPoint"",""coordinates"":[]}"
249,2005-10-01T00:00:00,0.8639434843596813,sanbaohu,"{""type"":""MultiPoint"",""coordinates"":[]}"
250,2005-11-01T00:00:00,1.1988786905847886,sanbaohu,"{""type"":""MultiPoint"",""coordinates"":[]}"
251,2005-12-01T00:00:00,0.0,sanbaohu,"{""type"":""MultiPoint"",""coordinates"":[]}"
252,2006-01-01T00:00:00,1.0196758158394608,sanbaohu,"{""type"":""MultiPoint"",""coordinates"":[]}"
253,2006-02-01T00:00:00,0.0,sanbaohu,"{""type"":""MultiPoint"",""coordinates"":[]}"
254,2006-03-01T00:00:00,1.1076224372199561,sanbaohu,"{""type"":""MultiPoint"",""coordinates"":[]}"
255,2006-04-01T00:00:00,0.3628596010852291,sanbaohu,"{""type"":""MultiPoint"",""coordinates"":[]}"
256,2006-05-01T00:00:00,0.0,sanbaohu,"{""type"":""MultiPoint"",""coordinates"":[]}"
257,2006-06-01T00:00:00,0.0,sanbaohu,"{""type"":""MultiPoint"",""coordinates"":[]}"
258,2006-07-01T00:00:00,0.0030853983154296876,sanbaohu,"{""type"":""MultiPoint"",""coordinates"":[]}"
259,2006-08-01T00:00:00,0.0,sanbaohu,"{""type"":""MultiPoint"",""coordinates"":[]}"
260,2006-09-01T00:00:00,0.022656432844573377,sanbaohu,"{""type"":""MultiPoint"",""coordinates"":[]}"
261,2006-10-01T00:00:00,0.03405290629882812,sanbaohu,"{""type"":""MultiPoint"",""coordinates"":[]}"
262,2006-11-01T00:00:00,0.27998486845894605,sanbaohu,"{""type"":""MultiPoint"",""coordinates"":[]}"
263,2006-12-01T00:00:00,0.0,sanbaohu,"{""type"":""MultiPoint"",""coordinates"":[]}"
264,2007-01-01T00:00:00,0.6747318532552083,sanbaohu,"{""type"":""MultiPoint"",""coordinates"":[]}"
265,2007-02-01T00:00:00,0.8441838304943604,sanbaohu,"{""type"":""MultiPoint"",""coordinates"":[]}"
266,2007-03-01T00:00:00,0.6497459840071136,sanbaohu,"{""type"":""MultiPoint"",""coordinates"":[]}"
267,2007-04-01T00:00:00,0.6367010724061256,sanbaohu,"{""type"":""MultiPoint"",""coordinates"":[]}"
268,2007-05-01T00:00:00,0.016970970642089845,sanbaohu,"{""type"":""MultiPoint"",""coordinates"":[]}"
269,2007-06-01T00:00:00,0.0,sanbaohu,"{""type"":""MultiPoint"",""coordinates"":[]}"
270,2007-07-01T00:00:00,0.019740004193713617,sanbaohu,"{""type"":""MultiPoint"",""coordinates"":[]}"
271,2007-08-01T00:00:00,0.008926841420611214,sanbaohu,"{""type"":""MultiPoint"",""coordinates"":[]}"
272,2007-09-01T00:00:00,0.0026378085286458334,sanbaohu,"{""type"":""MultiPoint"",""coordinates"":[]}"
273,2007-10-01T00:00:00,0.0015700048504997703,sanbaohu,"{""type"":""MultiPoint"",""coordinates"":[]}"
274,2007-11-01T00:00:00,0.42211344981115,sanbaohu,"{""type"":""MultiPoint"",""coordinates"":[]}"
275,2007-12-01T00:00:00,0.0,sanbaohu,"{""type"":""MultiPoint"",""coordinates"":[]}"
276,2008-01-01T00:00:00,0.0,sanbaohu,"{""type"":""MultiPoint"",""coordinates"":[]}"
277,2008-02-01T00:00:00,1.3515134978343288,sanbaohu,"{""type"":""MultiPoint"",""coordinates"":[]}"
278,2008-03-01T00:00:00,0.6918146857555916,sanbaohu,"{""type"":""MultiPoint"",""coordinates"":[]}"
279,2008-04-01T00:00:00,0.23459363431109262,sanbaohu,"{""type"":""MultiPoint"",""coordinates"":[]}"
280,2008-05-01T00:00:00,0.0871682880859375,sanbaohu,"{""type"":""MultiPoint"",""coordinates"":[]}"
281,2008-06-01T00:00:00,0.0,sanbaohu,"{""type"":""MultiPoint"",""coordinates"":[]}"
282,2008-07-01T00:00:00,0.0,sanbaohu,"{""type"":""MultiPoint"",""coordinates"":[]}"
283,2008-08-01T00:00:00,0.007825561463838464,sanbaohu,"{""type"":""MultiPoint"",""coordinates"":[]}"
284,2008-09-01T00:00:00,0.01556651324750115,sanbaohu,"{""type"":""MultiPoint"",""coordinates"":[]}"
285,2008-10-01T00:00:00,0.057636579667154964,sanbaohu,"{""type"":""MultiPoint"",""coordinates"":[]}"
286,2008-11-01T00:00:00,0.2714440140048159,sanbaohu,"{""type"":""MultiPoint"",""coordinates"":[]}"
287,2008-12-01T00:00:00,0.0,sanbaohu,"{""type"":""MultiPoint"",""coordinates"":[]}"
288,2009-01-01T00:00:00,1.0830716532891964,sanbaohu,"{""type"":""MultiPoint"",""coordinates"":[]}"
289,2009-02-01T00:00:00,0.9137409204202088,sanbaohu,"{""type"":""MultiPoint"",""coordinates"":[]}"
290,2009-03-01T00:00:00,0.7050186890376073,sanbaohu,"{""type"":""MultiPoint"",""coordinates"":[]}"
291,2009-04-01T00:00:00,0.4266654606495577,sanbaohu,"{""type"":""MultiPoint"",""coordinates"":[]}"
292,2009-05-01T00:00:00,0.15119718244006589,sanbaohu,"{""type"":""MultiPoint"",""coordinates"":[]}"
293,2009-06-01T00:00:00,0.08829383103386373,sanbaohu,"{""type"":""MultiPoint"",""coordinates"":[]}"
294,2009-07-01T00:00:00,0.13064992503925396,sanbaohu,"{""type"":""MultiPoint"",""coordinates"":[]}"
295,2009-08-01T00:00:00,0.10466938606627221,sanbaohu,"{""type"":""MultiPoint"",""coordinates"":[]}"
296,2009-09-01T00:00:00,0.35017436773705574,sanbaohu,"{""type"":""MultiPoint"",""coordinates"":[]}"
297,2009-10-01T00:00:00,0.6495998580741136,sanbaohu,"{""type"":""MultiPoint"",""coordinates"":[]}"
298,2009-11-01T00:00:00,0.9993503732168156,sanbaohu,"{""type"":""MultiPoint"",""coordinates"":[]}"
299,2009-12-01T00:00:00,0.0,sanbaohu,"{""type"":""MultiPoint"",""coordinates"":[]}"
300,2010-01-01T00:00:00,1.1986587903562056,sanbaohu,"{""type"":""MultiPoint"",""coordinates"":[]}"
301,2010-02-01T00:00:00,0.7739843874119178,sanbaohu,"{""type"":""MultiPoint"",""coordinates"":[]}"
302,2010-03-01T00:00:00,0.672684403916303,sanbaohu,"{""type"":""MultiPoint"",""coordinates"":[]}"
303,2010-04-01T00:00:00,0.16122434265136718,sanbaohu,"{""type"":""MultiPoint"",""coordinates"":[]}"
304,2010-05-01T00:00:00,0.003857214599609375,sanbaohu,"{""type"":""MultiPoint"",""coordinates"":[]}"
305,2010-06-01T00:00:00,0.0,sanbaohu,"{""type"":""MultiPoint"",""coordinates"":[]}"
306,2010-07-01T00:00:00,0.03162746228027344,sanbaohu,"{""type"":""MultiPoint"",""coordinates"":[]}"
307,2010-08-01T00:00:00,0.2979366382092046,sanbaohu,"{""type"":""MultiPoint"",""coordinates"":[]}"
308,2010-09-01T00:00:00,0.1021475984396542,sanbaohu,"{""type"":""MultiPoint"",""coordinates"":[]}"
309,2010-10-01T00:00:00,0.6718868485842235,sanbaohu,"{""type"":""MultiPoint"",""coordinates"":[]}"
310,2010-11-01T00:00:00,0.9324180366388057,sanbaohu,"{""type"":""MultiPoint"",""coordinates"":[]}"
311,2010-12-01T00:00:00,0.0,sanbaohu,"{""type"":""MultiPoint"",""coordinates"":[]}"
312,2011-01-01T00:00:00,1.4009099882518092,sanbaohu,"{""type"":""MultiPoint"",""coordinates"":[]}"
313,2011-02-01T00:00:00,1.1216747647501628,sanbaohu,"{""type"":""MultiPoint"",""coordinates"":[]}"
314,2011-03-01T00:00:00,0.8806943226404527,sanbaohu,"{""type"":""MultiPoint"",""coordinates"":[]}"
315,2011-04-01T00:00:00,0.0,sanbaohu,"{""type"":""MultiPoint"",""coordinates"":[]}"
316,2011-05-01T00:00:00,0.09255019499320236,sanbaohu,"{""type"":""MultiPoint"",""coordinates"":[]}"
317,2011-06-01T00:00:00,0.025885041080968525,sanbaohu,"{""type"":""MultiPoint"",""coordinates"":[]}"
318,2011-07-01T00:00:00,0.0,sanbaohu,"{""type"":""MultiPoint"",""coordinates"":[]}"
319,2011-08-01T00:00:00,0.03854940567698759,sanbaohu,"{""type"":""MultiPoint"",""coordinates"":[]}"
320,2011-09-01T00:00:00,0.0634807523097618,sanbaohu,"{""type"":""MultiPoint"",""coordinates"":[]}"
321,2011-10-01T00:00:00,0.06257164592333027,sanbaohu,"{""type"":""MultiPoint"",""coordinates"":[]}"
322,2011-11-01T00:00:00,0.48979882151070386,sanbaohu,"{""type"":""MultiPoint"",""coordinates"":[]}"
323,2011-12-01T00:00:00,0.0,sanbaohu,"{""type"":""MultiPoint"",""coordinates"":[]}"
324,2012-01-01T00:00:00,0.8551119734511424,sanbaohu,"{""type"":""MultiPoint"",""coordinates"":[]}"
325,2012-02-01T00:00:00,0.539180711027497,sanbaohu,"{""type"":""MultiPoint"",""coordinates"":[]}"
326,2012-03-01T00:00:00,0.42686188689467486,sanbaohu,"{""type"":""MultiPoint"",""coordinates"":[]}"
327,2012-04-01T00:00:00,0.0,sanbaohu,"{""type"":""MultiPoint"",""coordinates"":[]}"
328,2012-05-01T00:00:00,0.042738715356924015,sanbaohu,"{""type"":""MultiPoint"",""coordinates"":[]}"
329,2012-06-01T00:00:00,0.0,sanbaohu,"{""type"":""MultiPoint"",""coordinates"":[]}"
330,2012-07-01T00:00:00,0.00128550244140625,sanbaohu,"{""type"":""MultiPoint"",""coordinates"":[]}"
331,2012-08-01T00:00:00,0.0,sanbaohu,"{""type"":""MultiPoint"",""coordinates"":[]}"
332,2012-09-01T00:00:00,0.046198757039866714,sanbaohu,"{""type"":""MultiPoint"",""coordinates"":[]}"
333,2012-10-01T00:00:00,0.07856884733910653,sanbaohu,"{""type"":""MultiPoint"",""coordinates"":[]}"
334,2012-11-01T00:00:00,0.1786182611976773,sanbaohu,"{""type"":""MultiPoint"",""coordinates"":[]}"
335,2012-12-01T00:00:00,0.0,sanbaohu,"{""type"":""MultiPoint"",""coordinates"":[]}"
336,2013-01-01T00:00:00,0.706957860451133,sanbaohu,"{""type"":""MultiPoint"",""coordinates"":[]}"
337,2013-02-01T00:00:00,0.0,sanbaohu,"{""type"":""MultiPoint"",""coordinates"":[]}"
338,2013-03-01T00:00:00,0.0,sanbaohu,"{""type"":""MultiPoint"",""coordinates"":[]}"
339,2013-04-01T00:00:00,0.21034663656077665,sanbaohu,"{""type"":""MultiPoint"",""coordinates"":[]}"
340,2013-05-01T00:00:00,0.1514793042758119,sanbaohu,"{""type"":""MultiPoint"",""coordinates"":[]}"
341,2013-06-01T00:00:00,0.0939359050146963,sanbaohu,"{""type"":""MultiPoint"",""coordinates"":[]}"
342,2013-07-01T00:00:00,0.2158533993444106,sanbaohu,"{""type"":""MultiPoint"",""coordinates"":[]}"
343,2013-08-01T00:00:00,0.1858763686793907,sanbaohu,"{""type"":""MultiPoint"",""coordinates"":[]}"
344,2013-09-01T00:00:00,0.10884409567105159,sanbaohu,"{""type"":""MultiPoint"",""coordinates"":[]}"
345,2013-10-01T00:00:00,0.2844071215126187,sanbaohu,"{""type"":""MultiPoint"",""coordinates"":[]}"
346,2013-11-01T00:00:00,0.43561524075496894,sanbaohu,"{""type"":""MultiPoint"",""coordinates"":[]}"
347,2013-12-01T00:00:00,0.0,sanbaohu,"{""type"":""MultiPoint"",""coordinates"":[]}"
348,2014-01-01T00:00:00,0.9489427011946132,sanbaohu,"{""type"":""MultiPoint"",""coordinates"":[]}"
349,2014-02-01T00:00:00,0.54056454162837,sanbaohu,"{""type"":""MultiPoint"",""coordinates"":[]}"
350,2014-03-01T00:00:00,0.4217776425379136,sanbaohu,"{""type"":""MultiPoint"",""coordinates"":[]}"
351,2014-04-01T00:00:00,0.46102498785998786,sanbaohu,"{""type"":""MultiPoint"",""coordinates"":[]}"
352,2014-05-01T00:00:00,0.07982759691592946,sanbaohu,"{""type"":""MultiPoint"",""coordinates"":[]}"
353,2014-06-01T00:00:00,0.0,sanbaohu,"{""type"":""MultiPoint"",""coordinates"":[]}"
354,2014-07-01T00:00:00,0.03937217584707223,sanbaohu,"{""type"":""MultiPoint"",""coordinates"":[]}"
355,2014-08-01T00:00:00,0.3665570728405523,sanbaohu,"{""type"":""MultiPoint"",""coordinates"":[]}"
356,2014-09-01T00:00:00,0.6494983619396731,sanbaohu,"{""type"":""MultiPoint"",""coordinates"":[]}"
357,2014-10-01T00:00:00,0.9144520871483893,sanbaohu,"{""type"":""MultiPoint"",""coordinates"":[]}"
358,2014-11-01T00:00:00,0.0,sanbaohu,"{""type"":""MultiPoint"",""coordinates"":[]}"
359,2014-12-01T00:00:00,0.0,sanbaohu,"{""type"":""MultiPoint"",""coordinates"":[]}"
360,2015-01-01T00:00:00,0.4559302265692019,sanbaohu,"{""type"":""MultiPoint"",""coordinates"":[]}"
361,2015-02-01T00:00:00,0.44009623919749546,sanbaohu,"{""type"":""MultiPoint"",""coordinates"":[]}"
362,2015-03-01T00:00:00,0.7186517871627507,sanbaohu,"{""type"":""MultiPoint"",""coordinates"":[]}"
363,2015-04-01T00:00:00,0.6066379773542816,sanbaohu,"{""type"":""MultiPoint"",""coordinates"":[]}"
364,2015-05-01T00:00:00,0.35408269203192017,sanbaohu,"{""type"":""MultiPoint"",""coordinates"":[]}"
365,2015-06-01T00:00:00,0.44346826212349677,sanbaohu,"{""type"":""MultiPoint"",""coordinates"":[]}"
366,2015-07-01T00:00:00,0.6755269693215759,sanbaohu,"{""type"":""MultiPoint"",""coordinates"":[]}"
367,2015-08-01T00:00:00,0.6871811729233684,sanbaohu,"{""type"":""MultiPoint"",""coordinates"":[]}"
368,2015-09-01T00:00:00,0.5775256891027114,sanbaohu,"{""type"":""MultiPoint"",""coordinates"":[]}"
369,2015-10-01T00:00:00,0.9219679321011408,sanbaohu,"{""type"":""MultiPoint"",""coordinates"":[]}"
370,2015-11-01T00:00:00,1.1011194070453718,sanbaohu,"{""type"":""MultiPoint"",""coordinates"":[]}"
371,2015-12-01T00:00:00,0.0,sanbaohu,"{""type"":""MultiPoint"",""coordinates"":[]}"
372,2016-01-01T00:00:00,0.0,sanbaohu,"{""type"":""MultiPoint"",""coordinates"":[]}"
373,2016-02-01T00:00:00,1.0906763986167758,sanbaohu,"{""type"":""MultiPoint"",""coordinates"":[]}"
374,2016-03-01T00:00:00,0.9587450410766598,sanbaohu,"{""type"":""MultiPoint"",""coordinates"":[]}"
375,2016-04-01T00:00:00,0.7072064268312938,sanbaohu,"{""type"":""MultiPoint"",""coordinates"":[]}"
376,2016-05-01T00:00:00,0.07714074560546876,sanbaohu,"{""type"":""MultiPoint"",""coordinates"":[]}"
377,2016-06-01T00:00:00,0.37504328925781244,sanbaohu,"{""type"":""MultiPoint"",""coordinates"":[]}"
378,2016-07-01T00:00:00,1.093372340962488,sanbaohu,"{""type"":""MultiPoint"",""coordinates"":[]}"
379,2016-08-01T00:00:00,0.799797298169663,sanbaohu,"{""type"":""MultiPoint"",""coordinates"":[]}"
380,2016-09-01T00:00:00,0.8855591172152647,sanbaohu,"{""type"":""MultiPoint"",""coordinates"":[]}"
381,2016-10-01T00:00:00,0.9192503003676465,sanbaohu,"{""type"":""MultiPoint"",""coordinates"":[]}"
382,2016-11-01T00:00:00,1.1002390495526475,sanbaohu,"{""type"":""MultiPoint"",""coordinates"":[]}"
383,2016-12-01T00:00:00,0.0,sanbaohu,"{""type"":""MultiPoint"",""coordinates"":[]}"
384,2017-01-01T00:00:00,0.6403929666716931,sanbaohu,"{""type"":""MultiPoint"",""coordinates"":[]}"
385,2017-02-01T00:00:00,1.2321019872304881,sanbaohu,"{""type"":""MultiPoint"",""coordinates"":[]}"
386,2017-03-01T00:00:00,0.596297479012523,sanbaohu,"{""type"":""MultiPoint"",""coordinates"":[]}"
387,2017-04-01T00:00:00,0.9729661292880187,sanbaohu,"{""type"":""MultiPoint"",""coordinates"":[]}"
388,2017-05-01T00:00:00,0.33394624436011217,sanbaohu,"{""type"":""MultiPoint"",""coordinates"":[]}"
389,2017-06-01T00:00:00,0.0755965620727539,sanbaohu,"{""type"":""MultiPoint"",""coordinates"":[]}"
390,2017-07-01T00:00:00,0.6745808540232938,sanbaohu,"{""type"":""MultiPoint"",""coordinates"":[]}"
391,2017-08-01T00:00:00,0.5406363516220989,sanbaohu,"{""type"":""MultiPoint"",""coordinates"":[]}"
392,2017-09-01T00:00:00,0.7672447565759993,sanbaohu,"{""type"":""MultiPoint"",""coordinates"":[]}"
393,2017-10-01T00:00:00,1.0250519382446288,sanbaohu,"{""type"":""MultiPoint"",""coordinates"":[]}"
394,2017-11-01T00:00:00,0.9725192102108223,sanbaohu,"{""type"":""MultiPoint"",""coordinates"":[]}"
395,2017-12-01T00:00:00,0.0,sanbaohu,"{""type"":""MultiPoint"",""coordinates"":[]}"
396,2018-01-01T00:00:00,0.0,sanbaohu,"{""type"":""MultiPoint"",""coordinates"":[]}"
397,2018-02-01T00:00:00,0.8177897545924763,sanbaohu,"{""type"":""MultiPoint"",""coordinates"":[]}"
398,2018-03-01T00:00:00,0.9099459319687785,sanbaohu,"{""type"":""MultiPoint"",""coordinates"":[]}"
399,2018-04-01T00:00:00,0.8275826224958828,sanbaohu,"{""type"":""MultiPoint"",""coordinates"":[]}"
400,2018-05-01T00:00:00,0.23426860321906595,sanbaohu,"{""type"":""MultiPoint"",""coordinates"":[]}"
401,2018-06-01T00:00:00,0.3766451448242187,sanbaohu,"{""type"":""MultiPoint"",""coordinates"":[]}"
402,2018-07-01T00:00:00,0.7726315927236517,sanbaohu,"{""type"":""MultiPoint"",""coordinates"":[]}"
403,2018-08-01T00:00:00,0.5609367057624367,sanbaohu,"{""type"":""MultiPoint"",""coordinates"":[]}"
404,2018-09-01T00:00:00,0.5576194055223651,sanbaohu,"{""type"":""MultiPoint"",""coordinates"":[]}"
405,2018-10-01T00:00:00,0.8945681972426467,sanbaohu,"{""type"":""MultiPoint"",""coordinates"":[]}"
406,2018-11-01T00:00:00,1.0582522870935778,sanbaohu,"{""type"":""MultiPoint"",""coordinates"":[]}"
407,2018-12-01T00:00:00,0.0,sanbaohu,"{""type"":""MultiPoint"",""coordinates"":[]}"
408,2019-01-01T00:00:00,0.0,sanbaohu,"{""type"":""MultiPoint"",""coordinates"":[]}"
409,2019-02-01T00:00:00,0.0015428089599609375,sanbaohu,"{""type"":""MultiPoint"",""coordinates"":[]}"
410,2019-03-01T00:00:00,1.0788595781597057,sanbaohu,"{""type"":""MultiPoint"",""coordinates"":[]}"
411,2019-04-01T00:00:00,0.5524120281077667,sanbaohu,"{""type"":""MultiPoint"",""coordinates"":[]}"
412,2019-05-01T00:00:00,0.5796013954041723,sanbaohu,"{""type"":""MultiPoint"",""coordinates"":[]}"
413,2019-06-01T00:00:00,0.7536431807976219,sanbaohu,"{""type"":""MultiPoint"",""coordinates"":[]}"
414,2019-07-01T00:00:00,0.6032230375102922,sanbaohu,"{""type"":""MultiPoint"",""coordinates"":[]}"
415,2019-08-01T00:00:00,0.6239115383930279,sanbaohu,"{""type"":""MultiPoint"",""coordinates"":[]}"
416,2019-09-01T00:00:00,0.47605657580303123,sanbaohu,"{""type"":""MultiPoint"",""coordinates"":[]}"
417,2019-10-01T00:00:00,0.7052762173023897,sanbaohu,"{""type"":""MultiPoint"",""coordinates"":[]}"
418,2019-11-01T00:00:00,0.7693764847144032,sanbaohu,"{""type"":""MultiPoint"",""coordinates"":[]}"
419,2019-12-01T00:00:00,0.0,sanbaohu,"{""type"":""MultiPoint"",""coordinates"":[]}"
420,2020-01-01T00:00:00,0.0,sanbaohu,"{""type"":""MultiPoint"",""coordinates"":[]}"
421,2020-02-01T00:00:00,1.132543658542528,sanbaohu,"{""type"":""MultiPoint"",""coordinates"":[]}"
422,2020-03-01T00:00:00,0.947572776979693,sanbaohu,"{""type"":""MultiPoint"",""coordinates"":[]}"
423,2020-04-01T00:00:00,0.7530341288064389,sanbaohu,"{""type"":""MultiPoint"",""coordinates"":[]}"
424,2020-05-01T00:00:00,0.2776876968572879,sanbaohu,"{""type"":""MultiPoint"",""coordinates"":[]}"
425,2020-06-01T00:00:00,0.3970872561257755,sanbaohu,"{""type"":""MultiPoint"",""coordinates"":[]}"
426,2020-07-01T00:00:00,0.0,sanbaohu,"{""type"":""MultiPoint"",""coordinates"":[]}"
427,2020-08-01T00:00:00,0.8395925589369827,sanbaohu,"{""type"":""MultiPoint"",""coordinates"":[]}"
428,2020-09-01T00:00:00,0.4096157512549307,sanbaohu,"{""type"":""MultiPoint"",""coordinates"":[]}"
429,2020-10-01T00:00:00,0.8577620315175972,sanbaohu,"{""type"":""MultiPoint"",""coordinates"":[]}"
430,2020-11-01T00:00:00,0.5198427691655177,sanbaohu,"{""type"":""MultiPoint"",""coordinates"":[]}"
431,2020-12-01T00:00:00,0.0,sanbaohu,"{""type"":""MultiPoint"",""coordinates"":[]}"
