system:index,Date,area_km2,lake,.geo
0,1985-01-01T00:00:00,0.0,jinlonghu,"{""type"":""MultiPoint"",""coordinates"":[]}"
1,1985-02-01T00:00:00,0.0,jinlonghu,"{""type"":""MultiPoint"",""coordinates"":[]}"
2,1985-03-01T00:00:00,0.0,jinlonghu,"{""type"":""MultiPoint"",""coordinates"":[]}"
3,1985-04-01T00:00:00,0.0,jinlonghu,"{""type"":""MultiPoint"",""coordinates"":[]}"
4,1985-05-01T00:00:00,0.0,jinlonghu,"{""type"":""MultiPoint"",""coordinates"":[]}"
5,1985-06-01T00:00:00,0.0,jinlonghu,"{""type"":""MultiPoint"",""coordinates"":[]}"
6,1985-07-01T00:00:00,0.0,jinlonghu,"{""type"":""MultiPoint"",""coordinates"":[]}"
7,1985-08-01T00:00:00,0.0,jinlonghu,"{""type"":""MultiPoint"",""coordinates"":[]}"
8,1985-09-01T00:00:00,0.0,jinlonghu,"{""type"":""MultiPoint"",""coordinates"":[]}"
9,1985-10-01T00:00:00,0.0,jinlonghu,"{""type"":""MultiPoint"",""coordinates"":[]}"
10,1985-11-01T00:00:00,0.0,jinlonghu,"{""type"":""MultiPoint"",""coordinates"":[]}"
11,1985-12-01T00:00:00,0.0,jinlonghu,"{""type"":""MultiPoint"",""coordinates"":[]}"
12,1986-01-01T00:00:00,0.0,jinlonghu,"{""type"":""MultiPoint"",""coordinates"":[]}"
13,1986-02-01T00:00:00,0.0,jinlonghu,"{""type"":""MultiPoint"",""coordinates"":[]}"
14,1986-03-01T00:00:00,0.0,jinlonghu,"{""type"":""MultiPoint"",""coordinates"":[]}"
15,1986-04-01T00:00:00,0.0,jinlonghu,"{""type"":""MultiPoint"",""coordinates"":[]}"
16,1986-05-01T00:00:00,0.0,jinlonghu,"{""type"":""MultiPoint"",""coordinates"":[]}"
17,1986-06-01T00:00:00,0.0,jinlonghu,"{""type"":""MultiPoint"",""coordinates"":[]}"
18,1986-07-01T00:00:00,0.0,jinlonghu,"{""type"":""MultiPoint"",""coordinates"":[]}"
19,1986-08-01T00:00:00,0.0,jinlonghu,"{""type"":""MultiPoint"",""coordinates"":[]}"
20,1986-09-01T00:00:00,0.0,jinlonghu,"{""type"":""MultiPoint"",""coordinates"":[]}"
21,1986-10-01T00:00:00,0.0,jinlonghu,"{""type"":""MultiPoint"",""coordinates"":[]}"
22,1986-11-01T00:00:00,0.0,jinlonghu,"{""type"":""MultiPoint"",""coordinates"":[]}"
23,1986-12-01T00:00:00,0.0,jinlonghu,"{""type"":""MultiPoint"",""coordinates"":[]}"
24,1987-01-01T00:00:00,0.0,jinlonghu,"{""type"":""MultiPoint"",""coordinates"":[]}"
25,1987-02-01T00:00:00,0.0,jinlonghu,"{""type"":""MultiPoint"",""coordinates"":[]}"
26,1987-03-01T00:00:00,0.0,jinlonghu,"{""type"":""MultiPoint"",""coordinates"":[]}"
27,1987-04-01T00:00:00,0.0,jinlonghu,"{""type"":""MultiPoint"",""coordinates"":[]}"
28,1987-05-01T00:00:00,0.0,jinlonghu,"{""type"":""MultiPoint"",""coordinates"":[]}"
29,1987-06-01T00:00:00,0.0,jinlonghu,"{""type"":""MultiPoint"",""coordinates"":[]}"
30,1987-07-01T00:00:00,0.0,jinlonghu,"{""type"":""MultiPoint"",""coordinates"":[]}"
31,1987-08-01T00:00:00,0.0,jinlonghu,"{""type"":""MultiPoint"",""coordinates"":[]}"
32,1987-09-01T00:00:00,0.6769171029339959,jinlonghu,"{""type"":""MultiPoint"",""coordinates"":[]}"
33,1987-10-01T00:00:00,0.0,jinlonghu,"{""type"":""MultiPoint"",""coordinates"":[]}"
34,1987-11-01T00:00:00,0.0,jinlonghu,"{""type"":""MultiPoint"",""coordinates"":[]}"
35,1987-12-01T00:00:00,0.0,jinlonghu,"{""type"":""MultiPoint"",""coordinates"":[]}"
36,1988-01-01T00:00:00,0.0,jinlonghu,"{""type"":""MultiPoint"",""coordinates"":[]}"
37,1988-02-01T00:00:00,0.0,jinlonghu,"{""type"":""MultiPoint"",""coordinates"":[]}"
38,1988-03-01T00:00:00,0.0,jinlonghu,"{""type"":""MultiPoint"",""coordinates"":[]}"
39,1988-04-01T00:00:00,0.0,jinlonghu,"{""type"":""MultiPoint"",""coordinates"":[]}"
40,1988-05-01T00:00:00,0.0,jinlonghu,"{""type"":""MultiPoint"",""coordinates"":[]}"
41,1988-06-01T00:00:00,0.0,jinlonghu,"{""type"":""MultiPoint"",""coordinates"":[]}"
42,1988-07-01T00:00:00,0.0,jinlonghu,"{""type"":""MultiPoint"",""coordinates"":[]}"
43,1988-08-01T00:00:00,0.0,jinlonghu,"{""type"":""MultiPoint"",""coordinates"":[]}"
44,1988-09-01T00:00:00,0.0,jinlonghu,"{""type"":""MultiPoint"",""coordinates"":[]}"
45,1988-10-01T00:00:00,0.0,jinlonghu,"{""type"":""MultiPoint"",""coordinates"":[]}"
46,1988-11-01T00:00:00,0.0,jinlonghu,"{""type"":""MultiPoint"",""coordinates"":[]}"
47,1988-12-01T00:00:00,0.0,jinlonghu,"{""type"":""MultiPoint"",""coordinates"":[]}"
48,1989-01-01T00:00:00,0.0,jinlonghu,"{""type"":""MultiPoint"",""coordinates"":[]}"
49,1989-02-01T00:00:00,0.0,jinlonghu,"{""type"":""MultiPoint"",""coordinates"":[]}"
50,1989-03-01T00:00:00,0.0,jinlonghu,"{""type"":""MultiPoint"",""coordinates"":[]}"
51,1989-04-01T00:00:00,0.0,jinlonghu,"{""type"":""MultiPoint"",""coordinates"":[]}"
52,1989-05-01T00:00:00,0.0,jinlonghu,"{""type"":""MultiPoint"",""coordinates"":[]}"
53,1989-06-01T00:00:00,0.0,jinlonghu,"{""type"":""MultiPoint"",""coordinates"":[]}"
54,1989-07-01T00:00:00,0.0,jinlonghu,"{""type"":""MultiPoint"",""coordinates"":[]}"
55,1989-08-01T00:00:00,0.0,jinlonghu,"{""type"":""MultiPoint"",""coordinates"":[]}"
56,1989-09-01T00:00:00,0.0,jinlonghu,"{""type"":""MultiPoint"",""coordinates"":[]}"
57,1989-10-01T00:00:00,0.0,jinlonghu,"{""type"":""MultiPoint"",""coordinates"":[]}"
58,1989-11-01T00:00:00,0.0,jinlonghu,"{""type"":""MultiPoint"",""coordinates"":[]}"
59,1989-12-01T00:00:00,0.0,jinlonghu,"{""type"":""MultiPoint"",""coordinates"":[]}"
60,1990-01-01T00:00:00,0.0,jinlonghu,"{""type"":""MultiPoint"",""coordinates"":[]}"
61,1990-02-01T00:00:00,0.0,jinlonghu,"{""type"":""MultiPoint"",""coordinates"":[]}"
62,1990-03-01T00:00:00,0.0,jinlonghu,"{""type"":""MultiPoint"",""coordinates"":[]}"
63,1990-04-01T00:00:00,0.0,jinlonghu,"{""type"":""MultiPoint"",""coordinates"":[]}"
64,1990-05-01T00:00:00,0.0,jinlonghu,"{""type"":""MultiPoint"",""coordinates"":[]}"
65,1990-06-01T00:00:00,0.0,jinlonghu,"{""type"":""MultiPoint"",""coordinates"":[]}"
66,1990-07-01T00:00:00,0.0,jinlonghu,"{""type"":""MultiPoint"",""coordinates"":[]}"
67,1990-08-01T00:00:00,0.0,jinlonghu,"{""type"":""MultiPoint"",""coordinates"":[]}"
68,1990-09-01T00:00:00,0.5227679336969113,jinlonghu,"{""type"":""MultiPoint"",""coordinates"":[]}"
69,1990-10-01T00:00:00,0.0,jinlonghu,"{""type"":""MultiPoint"",""coordinates"":[]}"
70,1990-11-01T00:00:00,0.0,jinlonghu,"{""type"":""MultiPoint"",""coordinates"":[]}"
71,1990-12-01T00:00:00,0.0,jinlonghu,"{""type"":""MultiPoint"",""coordinates"":[]}"
72,1991-01-01T00:00:00,0.0,jinlonghu,"{""type"":""MultiPoint"",""coordinates"":[]}"
73,1991-02-01T00:00:00,0.0,jinlonghu,"{""type"":""MultiPoint"",""coordinates"":[]}"
74,1991-03-01T00:00:00,0.0,jinlonghu,"{""type"":""MultiPoint"",""coordinates"":[]}"
75,1991-04-01T00:00:00,0.0,jinlonghu,"{""type"":""MultiPoint"",""coordinates"":[]}"
76,1991-05-01T00:00:00,0.0,jinlonghu,"{""type"":""MultiPoint"",""coordinates"":[]}"
77,1991-06-01T00:00:00,0.0,jinlonghu,"{""type"":""MultiPoint"",""coordinates"":[]}"
78,1991-07-01T00:00:00,0.9783873131347658,jinlonghu,"{""type"":""MultiPoint"",""coordinates"":[]}"
79,1991-08-01T00:00:00,0.0,jinlonghu,"{""type"":""MultiPoint"",""coordinates"":[]}"
80,1991-09-01T00:00:00,0.0,jinlonghu,"{""type"":""MultiPoint"",""coordinates"":[]}"
81,1991-10-01T00:00:00,0.0,jinlonghu,"{""type"":""MultiPoint"",""coordinates"":[]}"
82,1991-11-01T00:00:00,0.0,jinlonghu,"{""type"":""MultiPoint"",""coordinates"":[]}"
83,1991-12-01T00:00:00,0.0,jinlonghu,"{""type"":""MultiPoint"",""coordinates"":[]}"
84,1992-01-01T00:00:00,1.382728899239574,jinlonghu,"{""type"":""MultiPoint"",""coordinates"":[]}"
85,1992-02-01T00:00:00,0.3794801615519206,jinlonghu,"{""type"":""MultiPoint"",""coordinates"":[]}"
86,1992-03-01T00:00:00,0.0,jinlonghu,"{""type"":""MultiPoint"",""coordinates"":[]}"
87,1992-04-01T00:00:00,0.0,jinlonghu,"{""type"":""MultiPoint"",""coordinates"":[]}"
88,1992-05-01T00:00:00,0.0,jinlonghu,"{""type"":""MultiPoint"",""coordinates"":[]}"
89,1992-06-01T00:00:00,0.0,jinlonghu,"{""type"":""MultiPoint"",""coordinates"":[]}"
90,1992-07-01T00:00:00,0.0,jinlonghu,"{""type"":""MultiPoint"",""coordinates"":[]}"
91,1992-08-01T00:00:00,0.0,jinlonghu,"{""type"":""MultiPoint"",""coordinates"":[]}"
92,1992-09-01T00:00:00,0.0,jinlonghu,"{""type"":""MultiPoint"",""coordinates"":[]}"
93,1992-10-01T00:00:00,0.0,jinlonghu,"{""type"":""MultiPoint"",""coordinates"":[]}"
94,1992-11-01T00:00:00,0.0,jinlonghu,"{""type"":""MultiPoint"",""coordinates"":[]}"
95,1992-12-01T00:00:00,0.0,jinlonghu,"{""type"":""MultiPoint"",""coordinates"":[]}"
96,1993-01-01T00:00:00,0.0,jinlonghu,"{""type"":""MultiPoint"",""coordinates"":[]}"
97,1993-02-01T00:00:00,0.0,jinlonghu,"{""type"":""MultiPoint"",""coordinates"":[]}"
98,1993-03-01T00:00:00,0.0,jinlonghu,"{""type"":""MultiPoint"",""coordinates"":[]}"
99,1993-04-01T00:00:00,0.0,jinlonghu,"{""type"":""MultiPoint"",""coordinates"":[]}"
100,1993-05-01T00:00:00,0.0,jinlonghu,"{""type"":""MultiPoint"",""coordinates"":[]}"
101,1993-06-01T00:00:00,0.0,jinlonghu,"{""type"":""MultiPoint"",""coordinates"":[]}"
102,1993-07-01T00:00:00,0.0,jinlonghu,"{""type"":""MultiPoint"",""coordinates"":[]}"
103,1993-08-01T00:00:00,0.0,jinlonghu,"{""type"":""MultiPoint"",""coordinates"":[]}"
104,1993-09-01T00:00:00,0.0,jinlonghu,"{""type"":""MultiPoint"",""coordinates"":[]}"
105,1993-10-01T00:00:00,0.4667858714578068,jinlonghu,"{""type"":""MultiPoint"",""coordinates"":[]}"
106,1993-11-01T00:00:00,0.0,jinlonghu,"{""type"":""MultiPoint"",""coordinates"":[]}"
107,1993-12-01T00:00:00,0.0,jinlonghu,"{""type"":""MultiPoint"",""coordinates"":[]}"
108,1994-01-01T00:00:00,0.0,jinlonghu,"{""type"":""MultiPoint"",""coordinates"":[]}"
109,1994-02-01T00:00:00,0.0,jinlonghu,"{""type"":""MultiPoint"",""coordinates"":[]}"
110,1994-03-01T00:00:00,0.0,jinlonghu,"{""type"":""MultiPoint"",""coordinates"":[]}"
111,1994-04-01T00:00:00,0.0,jinlonghu,"{""type"":""MultiPoint"",""coordinates"":[]}"
112,1994-05-01T00:00:00,0.0,jinlonghu,"{""type"":""MultiPoint"",""coordinates"":[]}"
113,1994-06-01T00:00:00,0.0,jinlonghu,"{""type"":""MultiPoint"",""coordinates"":[]}"
114,1994-07-01T00:00:00,0.0,jinlonghu,"{""type"":""MultiPoint"",""coordinates"":[]}"
115,1994-08-01T00:00:00,0.0964259220729454,jinlonghu,"{""type"":""MultiPoint"",""coordinates"":[]}"
116,1994-09-01T00:00:00,0.18477760088824102,jinlonghu,"{""type"":""MultiPoint"",""coordinates"":[]}"
117,1994-10-01T00:00:00,0.0,jinlonghu,"{""type"":""MultiPoint"",""coordinates"":[]}"
118,1994-11-01T00:00:00,0.0,jinlonghu,"{""type"":""MultiPoint"",""coordinates"":[]}"
119,1994-12-01T00:00:00,0.0,jinlonghu,"{""type"":""MultiPoint"",""coordinates"":[]}"
120,1995-01-01T00:00:00,0.0,jinlonghu,"{""type"":""MultiPoint"",""coordinates"":[]}"
121,1995-02-01T00:00:00,0.0,jinlonghu,"{""type"":""MultiPoint"",""coordinates"":[]}"
122,1995-03-01T00:00:00,0.0,jinlonghu,"{""type"":""MultiPoint"",""coordinates"":[]}"
123,1995-04-01T00:00:00,0.010815333251953125,jinlonghu,"{""type"":""MultiPoint"",""coordinates"":[]}"
124,1995-05-01T00:00:00,0.0,jinlonghu,"{""type"":""MultiPoint"",""coordinates"":[]}"
125,1995-06-01T00:00:00,0.0,jinlonghu,"{""type"":""MultiPoint"",""coordinates"":[]}"
126,1995-07-01T00:00:00,0.0,jinlonghu,"{""type"":""MultiPoint"",""coordinates"":[]}"
127,1995-08-01T00:00:00,0.0,jinlonghu,"{""type"":""MultiPoint"",""coordinates"":[]}"
128,1995-09-01T00:00:00,0.0,jinlonghu,"{""type"":""MultiPoint"",""coordinates"":[]}"
129,1995-10-01T00:00:00,0.027039106689453123,jinlonghu,"{""type"":""MultiPoint"",""coordinates"":[]}"
130,1995-11-01T00:00:00,0.0,jinlonghu,"{""type"":""MultiPoint"",""coordinates"":[]}"
131,1995-12-01T00:00:00,0.0,jinlonghu,"{""type"":""MultiPoint"",""coordinates"":[]}"
132,1996-01-01T00:00:00,0.0,jinlonghu,"{""type"":""MultiPoint"",""coordinates"":[]}"
133,1996-02-01T00:00:00,0.1721207309211282,jinlonghu,"{""type"":""MultiPoint"",""coordinates"":[]}"
134,1996-03-01T00:00:00,0.0,jinlonghu,"{""type"":""MultiPoint"",""coordinates"":[]}"
135,1996-04-01T00:00:00,0.0,jinlonghu,"{""type"":""MultiPoint"",""coordinates"":[]}"
136,1996-05-01T00:00:00,0.0,jinlonghu,"{""type"":""MultiPoint"",""coordinates"":[]}"
137,1996-06-01T00:00:00,0.38571540606258614,jinlonghu,"{""type"":""MultiPoint"",""coordinates"":[]}"
138,1996-07-01T00:00:00,0.0,jinlonghu,"{""type"":""MultiPoint"",""coordinates"":[]}"
139,1996-08-01T00:00:00,0.0,jinlonghu,"{""type"":""MultiPoint"",""coordinates"":[]}"
140,1996-09-01T00:00:00,0.336797626578776,jinlonghu,"{""type"":""MultiPoint"",""coordinates"":[]}"
141,1996-10-01T00:00:00,1.1498320244257914,jinlonghu,"{""type"":""MultiPoint"",""coordinates"":[]}"
142,1996-11-01T00:00:00,0.0,jinlonghu,"{""type"":""MultiPoint"",""coordinates"":[]}"
143,1996-12-01T00:00:00,0.0,jinlonghu,"{""type"":""MultiPoint"",""coordinates"":[]}"
144,1997-01-01T00:00:00,0.0,jinlonghu,"{""type"":""MultiPoint"",""coordinates"":[]}"
145,1997-02-01T00:00:00,0.0,jinlonghu,"{""type"":""MultiPoint"",""coordinates"":[]}"
146,1997-03-01T00:00:00,0.0,jinlonghu,"{""type"":""MultiPoint"",""coordinates"":[]}"
147,1997-04-01T00:00:00,0.0,jinlonghu,"{""type"":""MultiPoint"",""coordinates"":[]}"
148,1997-05-01T00:00:00,0.0,jinlonghu,"{""type"":""MultiPoint"",""coordinates"":[]}"
149,1997-06-01T00:00:00,0.0,jinlonghu,"{""type"":""MultiPoint"",""coordinates"":[]}"
150,1997-07-01T00:00:00,0.0,jinlonghu,"{""type"":""MultiPoint"",""coordinates"":[]}"
151,1997-08-01T00:00:00,0.0,jinlonghu,"{""type"":""MultiPoint"",""coordinates"":[]}"
152,1997-09-01T00:00:00,0.0,jinlonghu,"{""type"":""MultiPoint"",""coordinates"":[]}"
153,1997-10-01T00:00:00,0.0,jinlonghu,"{""type"":""MultiPoint"",""coordinates"":[]}"
154,1997-11-01T00:00:00,0.0,jinlonghu,"{""type"":""MultiPoint"",""coordinates"":[]}"
155,1997-12-01T00:00:00,0.0,jinlonghu,"{""type"":""MultiPoint"",""coordinates"":[]}"
156,1998-01-01T00:00:00,0.0,jinlonghu,"{""type"":""MultiPoint"",""coordinates"":[]}"
157,1998-02-01T00:00:00,0.0,jinlonghu,"{""type"":""MultiPoint"",""coordinates"":[]}"
158,1998-03-01T00:00:00,0.0,jinlonghu,"{""type"":""MultiPoint"",""coordinates"":[]}"
159,1998-04-01T00:00:00,0.0,jinlonghu,"{""type"":""MultiPoint"",""coordinates"":[]}"
160,1998-05-01T00:00:00,0.0,jinlonghu,"{""type"":""MultiPoint"",""coordinates"":[]}"
161,1998-06-01T00:00:00,0.0,jinlonghu,"{""type"":""MultiPoint"",""coordinates"":[]}"
162,1998-07-01T00:00:00,0.0,jinlonghu,"{""type"":""MultiPoint"",""coordinates"":[]}"
163,1998-08-01T00:00:00,0.0,jinlonghu,"{""type"":""MultiPoint"",""coordinates"":[]}"
164,1998-09-01T00:00:00,0.0,jinlonghu,"{""type"":""MultiPoint"",""coordinates"":[]}"
165,1998-10-01T00:00:00,0.0,jinlonghu,"{""type"":""MultiPoint"",""coordinates"":[]}"
166,1998-11-01T00:00:00,0.0,jinlonghu,"{""type"":""MultiPoint"",""coordinates"":[]}"
167,1998-12-01T00:00:00,0.0,jinlonghu,"{""type"":""MultiPoint"",""coordinates"":[]}"
168,1999-01-01T00:00:00,0.0,jinlonghu,"{""type"":""MultiPoint"",""coordinates"":[]}"
169,1999-02-01T00:00:00,0.0,jinlonghu,"{""type"":""MultiPoint"",""coordinates"":[]}"
170,1999-03-01T00:00:00,0.0,jinlonghu,"{""type"":""MultiPoint"",""coordinates"":[]}"
171,1999-04-01T00:00:00,0.0,jinlonghu,"{""type"":""MultiPoint"",""coordinates"":[]}"
172,1999-05-01T00:00:00,0.0,jinlonghu,"{""type"":""MultiPoint"",""coordinates"":[]}"
173,1999-06-01T00:00:00,0.0,jinlonghu,"{""type"":""MultiPoint"",""coordinates"":[]}"
174,1999-07-01T00:00:00,0.0,jinlonghu,"{""type"":""MultiPoint"",""coordinates"":[]}"
175,1999-08-01T00:00:00,0.0,jinlonghu,"{""type"":""MultiPoint"",""coordinates"":[]}"
176,1999-09-01T00:00:00,0.0,jinlonghu,"{""type"":""MultiPoint"",""coordinates"":[]}"
177,1999-10-01T00:00:00,0.0,jinlonghu,"{""type"":""MultiPoint"",""coordinates"":[]}"
178,1999-11-01T00:00:00,0.8763840896115772,jinlonghu,"{""type"":""MultiPoint"",""coordinates"":[]}"
179,1999-12-01T00:00:00,0.0,jinlonghu,"{""type"":""MultiPoint"",""coordinates"":[]}"
180,2000-01-01T00:00:00,0.0,jinlonghu,"{""type"":""MultiPoint"",""coordinates"":[]}"
181,2000-02-01T00:00:00,1.1435112521917608,jinlonghu,"{""type"":""MultiPoint"",""coordinates"":[]}"
182,2000-03-01T00:00:00,0.0,jinlonghu,"{""type"":""MultiPoint"",""coordinates"":[]}"
183,2000-04-01T00:00:00,0.0,jinlonghu,"{""type"":""MultiPoint"",""coordinates"":[]}"
184,2000-05-01T00:00:00,0.0,jinlonghu,"{""type"":""MultiPoint"",""coordinates"":[]}"
185,2000-06-01T00:00:00,0.0,jinlonghu,"{""type"":""MultiPoint"",""coordinates"":[]}"
186,2000-07-01T00:00:00,0.007282661902334175,jinlonghu,"{""type"":""MultiPoint"",""coordinates"":[]}"
187,2000-08-01T00:00:00,0.0,jinlonghu,"{""type"":""MultiPoint"",""coordinates"":[]}"
188,2000-09-01T00:00:00,0.13231818558684705,jinlonghu,"{""type"":""MultiPoint"",""coordinates"":[]}"
189,2000-10-01T00:00:00,1.1975936853331326,jinlonghu,"{""type"":""MultiPoint"",""coordinates"":[]}"
190,2000-11-01T00:00:00,7.725126953125E-4,jinlonghu,"{""type"":""MultiPoint"",""coordinates"":[]}"
191,2000-12-01T00:00:00,0.0,jinlonghu,"{""type"":""MultiPoint"",""coordinates"":[]}"
192,2001-01-01T00:00:00,1.2756385978625728,jinlonghu,"{""type"":""MultiPoint"",""coordinates"":[]}"
193,2001-02-01T00:00:00,0.015868821653119255,jinlonghu,"{""type"":""MultiPoint"",""coordinates"":[]}"
194,2001-03-01T00:00:00,1.0256433495447497,jinlonghu,"{""type"":""MultiPoint"",""coordinates"":[]}"
195,2001-04-01T00:00:00,0.8376683391321518,jinlonghu,"{""type"":""MultiPoint"",""coordinates"":[]}"
196,2001-05-01T00:00:00,0.20482439051130705,jinlonghu,"{""type"":""MultiPoint"",""coordinates"":[]}"
197,2001-06-01T00:00:00,0.0,jinlonghu,"{""type"":""MultiPoint"",""coordinates"":[]}"
198,2001-07-01T00:00:00,0.8751483398990406,jinlonghu,"{""type"":""MultiPoint"",""coordinates"":[]}"
199,2001-08-01T00:00:00,0.0,jinlonghu,"{""type"":""MultiPoint"",""coordinates"":[]}"
200,2001-09-01T00:00:00,0.916194201119696,jinlonghu,"{""type"":""MultiPoint"",""coordinates"":[]}"
201,2001-10-01T00:00:00,0.10662322612591911,jinlonghu,"{""type"":""MultiPoint"",""coordinates"":[]}"
202,2001-11-01T00:00:00,1.1122788052657784,jinlonghu,"{""type"":""MultiPoint"",""coordinates"":[]}"
203,2001-12-01T00:00:00,0.0,jinlonghu,"{""type"":""MultiPoint"",""coordinates"":[]}"
204,2002-01-01T00:00:00,0.0,jinlonghu,"{""type"":""MultiPoint"",""coordinates"":[]}"
205,2002-02-01T00:00:00,0.831173990782734,jinlonghu,"{""type"":""MultiPoint"",""coordinates"":[]}"
206,2002-03-01T00:00:00,0.906169831773945,jinlonghu,"{""type"":""MultiPoint"",""coordinates"":[]}"
207,2002-04-01T00:00:00,0.3479914007419959,jinlonghu,"{""type"":""MultiPoint"",""coordinates"":[]}"
208,2002-05-01T00:00:00,0.0,jinlonghu,"{""type"":""MultiPoint"",""coordinates"":[]}"
209,2002-06-01T00:00:00,0.0,jinlonghu,"{""type"":""MultiPoint"",""coordinates"":[]}"
210,2002-07-01T00:00:00,0.8009790234549727,jinlonghu,"{""type"":""MultiPoint"",""coordinates"":[]}"
211,2002-08-01T00:00:00,0.9343033341066846,jinlonghu,"{""type"":""MultiPoint"",""coordinates"":[]}"
212,2002-09-01T00:00:00,0.9201013503453871,jinlonghu,"{""type"":""MultiPoint"",""coordinates"":[]}"
213,2002-10-01T00:00:00,1.198702719616221,jinlonghu,"{""type"":""MultiPoint"",""coordinates"":[]}"
214,2002-11-01T00:00:00,1.2533590763360718,jinlonghu,"{""type"":""MultiPoint"",""coordinates"":[]}"
215,2002-12-01T00:00:00,0.0,jinlonghu,"{""type"":""MultiPoint"",""coordinates"":[]}"
216,2003-01-01T00:00:00,1.3889928428306435,jinlonghu,"{""type"":""MultiPoint"",""coordinates"":[]}"
217,2003-02-01T00:00:00,1.2858452649892773,jinlonghu,"{""type"":""MultiPoint"",""coordinates"":[]}"
218,2003-03-01T00:00:00,0.41448729981234683,jinlonghu,"{""type"":""MultiPoint"",""coordinates"":[]}"
219,2003-04-01T00:00:00,1.0533593327330348,jinlonghu,"{""type"":""MultiPoint"",""coordinates"":[]}"
220,2003-05-01T00:00:00,0.7180688574115829,jinlonghu,"{""type"":""MultiPoint"",""coordinates"":[]}"
221,2003-06-01T00:00:00,0.0,jinlonghu,"{""type"":""MultiPoint"",""coordinates"":[]}"
222,2003-07-01T00:00:00,0.33499049380337587,jinlonghu,"{""type"":""MultiPoint"",""coordinates"":[]}"
223,2003-08-01T00:00:00,0.0,jinlonghu,"{""type"":""MultiPoint"",""coordinates"":[]}"
224,2003-09-01T00:00:00,0.7678297646094228,jinlonghu,"{""type"":""MultiPoint"",""coordinates"":[]}"
225,2003-10-01T00:00:00,1.1144969014787263,jinlonghu,"{""type"":""MultiPoint"",""coordinates"":[]}"
226,2003-11-01T00:00:00,1.2771912791199929,jinlonghu,"{""type"":""MultiPoint"",""coordinates"":[]}"
227,2003-12-01T00:00:00,0.0,jinlonghu,"{""type"":""MultiPoint"",""coordinates"":[]}"
228,2004-01-01T00:00:00,1.338574036776674,jinlonghu,"{""type"":""MultiPoint"",""coordinates"":[]}"
229,2004-02-01T00:00:00,1.1596588745974077,jinlonghu,"{""type"":""MultiPoint"",""coordinates"":[]}"
230,2004-03-01T00:00:00,0.9900125808498009,jinlonghu,"{""type"":""MultiPoint"",""coordinates"":[]}"
231,2004-04-01T00:00:00,0.2587206603994332,jinlonghu,"{""type"":""MultiPoint"",""coordinates"":[]}"
232,2004-05-01T00:00:00,0.0015450695190429688,jinlonghu,"{""type"":""MultiPoint"",""coordinates"":[]}"
233,2004-06-01T00:00:00,0.009410013119686351,jinlonghu,"{""type"":""MultiPoint"",""coordinates"":[]}"
234,2004-07-01T00:00:00,0.4726358038950004,jinlonghu,"{""type"":""MultiPoint"",""coordinates"":[]}"
235,2004-08-01T00:00:00,0.0,jinlonghu,"{""type"":""MultiPoint"",""coordinates"":[]}"
236,2004-09-01T00:00:00,0.728331022090897,jinlonghu,"{""type"":""MultiPoint"",""coordinates"":[]}"
237,2004-10-01T00:00:00,0.9860361636280734,jinlonghu,"{""type"":""MultiPoint"",""coordinates"":[]}"
238,2004-11-01T00:00:00,1.0955992345470953,jinlonghu,"{""type"":""MultiPoint"",""coordinates"":[]}"
239,2004-12-01T00:00:00,0.0,jinlonghu,"{""type"":""MultiPoint"",""coordinates"":[]}"
240,2005-01-01T00:00:00,1.2794615987125175,jinlonghu,"{""type"":""MultiPoint"",""coordinates"":[]}"
241,2005-02-01T00:00:00,1.20188746230397,jinlonghu,"{""type"":""MultiPoint"",""coordinates"":[]}"
242,2005-03-01T00:00:00,1.1356297163346836,jinlonghu,"{""type"":""MultiPoint"",""coordinates"":[]}"
243,2005-04-01T00:00:00,0.08087315011656517,jinlonghu,"{""type"":""MultiPoint"",""coordinates"":[]}"
244,2005-05-01T00:00:00,0.7409493426379634,jinlonghu,"{""type"":""MultiPoint"",""coordinates"":[]}"
245,2005-06-01T00:00:00,0.0,jinlonghu,"{""type"":""MultiPoint"",""coordinates"":[]}"
246,2005-07-01T00:00:00,0.21090133648681642,jinlonghu,"{""type"":""MultiPoint"",""coordinates"":[]}"
247,2005-08-01T00:00:00,0.6148686561880075,jinlonghu,"{""type"":""MultiPoint"",""coordinates"":[]}"
248,2005-09-01T00:00:00,0.8186440666204714,jinlonghu,"{""type"":""MultiPoint"",""coordinates"":[]}"
249,2005-10-01T00:00:00,0.05562572302246094,jinlonghu,"{""type"":""MultiPoint"",""coordinates"":[]}"
250,2005-11-01T00:00:00,1.0006383185623469,jinlonghu,"{""type"":""MultiPoint"",""coordinates"":[]}"
251,2005-12-01T00:00:00,0.0,jinlonghu,"{""type"":""MultiPoint"",""coordinates"":[]}"
252,2006-01-01T00:00:00,1.2797616948048312,jinlonghu,"{""type"":""MultiPoint"",""coordinates"":[]}"
253,2006-02-01T00:00:00,0.004634970947265625,jinlonghu,"{""type"":""MultiPoint"",""coordinates"":[]}"
254,2006-03-01T00:00:00,1.1710357282240924,jinlonghu,"{""type"":""MultiPoint"",""coordinates"":[]}"
255,2006-04-01T00:00:00,0.14700641116081684,jinlonghu,"{""type"":""MultiPoint"",""coordinates"":[]}"
256,2006-05-01T00:00:00,0.033248497599283854,jinlonghu,"{""type"":""MultiPoint"",""coordinates"":[]}"
257,2006-06-01T00:00:00,0.5013053363027535,jinlonghu,"{""type"":""MultiPoint"",""coordinates"":[]}"
258,2006-07-01T00:00:00,0.06489192395019532,jinlonghu,"{""type"":""MultiPoint"",""coordinates"":[]}"
259,2006-08-01T00:00:00,0.0,jinlonghu,"{""type"":""MultiPoint"",""coordinates"":[]}"
260,2006-09-01T00:00:00,0.5543187891371784,jinlonghu,"{""type"":""MultiPoint"",""coordinates"":[]}"
261,2006-10-01T00:00:00,0.944740076897595,jinlonghu,"{""type"":""MultiPoint"",""coordinates"":[]}"
262,2006-11-01T00:00:00,1.035556104153263,jinlonghu,"{""type"":""MultiPoint"",""coordinates"":[]}"
263,2006-12-01T00:00:00,0.0,jinlonghu,"{""type"":""MultiPoint"",""coordinates"":[]}"
264,2007-01-01T00:00:00,1.2692034569773953,jinlonghu,"{""type"":""MultiPoint"",""coordinates"":[]}"
265,2007-02-01T00:00:00,1.3258218690716912,jinlonghu,"{""type"":""MultiPoint"",""coordinates"":[]}"
266,2007-03-01T00:00:00,1.0358805043514479,jinlonghu,"{""type"":""MultiPoint"",""coordinates"":[]}"
267,2007-04-01T00:00:00,0.6878791716741824,jinlonghu,"{""type"":""MultiPoint"",""coordinates"":[]}"
268,2007-05-01T00:00:00,0.30899623348867383,jinlonghu,"{""type"":""MultiPoint"",""coordinates"":[]}"
269,2007-06-01T00:00:00,0.35002530698601214,jinlonghu,"{""type"":""MultiPoint"",""coordinates"":[]}"
270,2007-07-01T00:00:00,0.0,jinlonghu,"{""type"":""MultiPoint"",""coordinates"":[]}"
271,2007-08-01T00:00:00,0.02317602600097656,jinlonghu,"{""type"":""MultiPoint"",""coordinates"":[]}"
272,2007-09-01T00:00:00,0.7873631356782801,jinlonghu,"{""type"":""MultiPoint"",""coordinates"":[]}"
273,2007-10-01T00:00:00,0.7236012232067631,jinlonghu,"{""type"":""MultiPoint"",""coordinates"":[]}"
274,2007-11-01T00:00:00,1.1153739941813152,jinlonghu,"{""type"":""MultiPoint"",""coordinates"":[]}"
275,2007-12-01T00:00:00,0.0,jinlonghu,"{""type"":""MultiPoint"",""coordinates"":[]}"
276,2008-01-01T00:00:00,0.0,jinlonghu,"{""type"":""MultiPoint"",""coordinates"":[]}"
277,2008-02-01T00:00:00,1.3614549661896351,jinlonghu,"{""type"":""MultiPoint"",""coordinates"":[]}"
278,2008-03-01T00:00:00,1.148736732737343,jinlonghu,"{""type"":""MultiPoint"",""coordinates"":[]}"
279,2008-04-01T00:00:00,0.20744334674335557,jinlonghu,"{""type"":""MultiPoint"",""coordinates"":[]}"
280,2008-05-01T00:00:00,0.2651232815523035,jinlonghu,"{""type"":""MultiPoint"",""coordinates"":[]}"
281,2008-06-01T00:00:00,0.0,jinlonghu,"{""type"":""MultiPoint"",""coordinates"":[]}"
282,2008-07-01T00:00:00,7.725253295898437E-4,jinlonghu,"{""type"":""MultiPoint"",""coordinates"":[]}"
283,2008-08-01T00:00:00,0.6056691564941407,jinlonghu,"{""type"":""MultiPoint"",""coordinates"":[]}"
284,2008-09-01T00:00:00,0.5297269847723269,jinlonghu,"{""type"":""MultiPoint"",""coordinates"":[]}"
285,2008-10-01T00:00:00,0.9285258323909984,jinlonghu,"{""type"":""MultiPoint"",""coordinates"":[]}"
286,2008-11-01T00:00:00,1.1155937576652974,jinlonghu,"{""type"":""MultiPoint"",""coordinates"":[]}"
287,2008-12-01T00:00:00,0.0,jinlonghu,"{""type"":""MultiPoint"",""coordinates"":[]}"
288,2009-01-01T00:00:00,1.1761350902614218,jinlonghu,"{""type"":""MultiPoint"",""coordinates"":[]}"
289,2009-02-01T00:00:00,0.02889726591389974,jinlonghu,"{""type"":""MultiPoint"",""coordinates"":[]}"
290,2009-03-01T00:00:00,1.0795560871507832,jinlonghu,"{""type"":""MultiPoint"",""coordinates"":[]}"
291,2009-04-01T00:00:00,0.6817437502410291,jinlonghu,"{""type"":""MultiPoint"",""coordinates"":[]}"
292,2009-05-01T00:00:00,0.23978496965044807,jinlonghu,"{""type"":""MultiPoint"",""coordinates"":[]}"
293,2009-06-01T00:00:00,0.013905337646484375,jinlonghu,"{""type"":""MultiPoint"",""coordinates"":[]}"
294,2009-07-01T00:00:00,0.0025630322473862593,jinlonghu,"{""type"":""MultiPoint"",""coordinates"":[]}"
295,2009-08-01T00:00:00,0.003090298828125,jinlonghu,"{""type"":""MultiPoint"",""coordinates"":[]}"
296,2009-09-01T00:00:00,0.19622025512695312,jinlonghu,"{""type"":""MultiPoint"",""coordinates"":[]}"
297,2009-10-01T00:00:00,7.725799560546875E-4,jinlonghu,"{""type"":""MultiPoint"",""coordinates"":[]}"
298,2009-11-01T00:00:00,1.1540293427401676,jinlonghu,"{""type"":""MultiPoint"",""coordinates"":[]}"
299,2009-12-01T00:00:00,0.0,jinlonghu,"{""type"":""MultiPoint"",""coordinates"":[]}"
300,2010-01-01T00:00:00,1.1137531107426664,jinlonghu,"{""type"":""MultiPoint"",""coordinates"":[]}"
301,2010-02-01T00:00:00,1.013884208733054,jinlonghu,"{""type"":""MultiPoint"",""coordinates"":[]}"
302,2010-03-01T00:00:00,0.7074051740543141,jinlonghu,"{""type"":""MultiPoint"",""coordinates"":[]}"
303,2010-04-01T00:00:00,0.0,jinlonghu,"{""type"":""MultiPoint"",""coordinates"":[]}"
304,2010-05-01T00:00:00,0.0,jinlonghu,"{""type"":""MultiPoint"",""coordinates"":[]}"
305,2010-06-01T00:00:00,0.0,jinlonghu,"{""type"":""MultiPoint"",""coordinates"":[]}"
306,2010-07-01T00:00:00,0.6610741503094841,jinlonghu,"{""type"":""MultiPoint"",""coordinates"":[]}"
307,2010-08-01T00:00:00,0.024720006713867187,jinlonghu,"{""type"":""MultiPoint"",""coordinates"":[]}"
308,2010-09-01T00:00:00,0.7501069858281154,jinlonghu,"{""type"":""MultiPoint"",""coordinates"":[]}"
309,2010-10-01T00:00:00,0.9350128805929745,jinlonghu,"{""type"":""MultiPoint"",""coordinates"":[]}"
310,2010-11-01T00:00:00,0.002317485534667969,jinlonghu,"{""type"":""MultiPoint"",""coordinates"":[]}"
311,2010-12-01T00:00:00,0.0,jinlonghu,"{""type"":""MultiPoint"",""coordinates"":[]}"
312,2011-01-01T00:00:00,1.2558498648830043,jinlonghu,"{""type"":""MultiPoint"",""coordinates"":[]}"
313,2011-02-01T00:00:00,1.2837813753482599,jinlonghu,"{""type"":""MultiPoint"",""coordinates"":[]}"
314,2011-03-01T00:00:00,1.0669895216624545,jinlonghu,"{""type"":""MultiPoint"",""coordinates"":[]}"
315,2011-04-01T00:00:00,0.0,jinlonghu,"{""type"":""MultiPoint"",""coordinates"":[]}"
316,2011-05-01T00:00:00,0.0,jinlonghu,"{""type"":""MultiPoint"",""coordinates"":[]}"
317,2011-06-01T00:00:00,0.14137178656005858,jinlonghu,"{""type"":""MultiPoint"",""coordinates"":[]}"
318,2011-07-01T00:00:00,0.0,jinlonghu,"{""type"":""MultiPoint"",""coordinates"":[]}"
319,2011-08-01T00:00:00,0.8165698638992609,jinlonghu,"{""type"":""MultiPoint"",""coordinates"":[]}"
320,2011-09-01T00:00:00,7.725064086914063E-4,jinlonghu,"{""type"":""MultiPoint"",""coordinates"":[]}"
321,2011-10-01T00:00:00,0.034105960100001914,jinlonghu,"{""type"":""MultiPoint"",""coordinates"":[]}"
322,2011-11-01T00:00:00,0.9286365189086915,jinlonghu,"{""type"":""MultiPoint"",""coordinates"":[]}"
323,2011-12-01T00:00:00,0.0,jinlonghu,"{""type"":""MultiPoint"",""coordinates"":[]}"
324,2012-01-01T00:00:00,1.1009033440396179,jinlonghu,"{""type"":""MultiPoint"",""coordinates"":[]}"
325,2012-02-01T00:00:00,1.060301662696749,jinlonghu,"{""type"":""MultiPoint"",""coordinates"":[]}"
326,2012-03-01T00:00:00,1.0504429237883925,jinlonghu,"{""type"":""MultiPoint"",""coordinates"":[]}"
327,2012-04-01T00:00:00,0.0,jinlonghu,"{""type"":""MultiPoint"",""coordinates"":[]}"
328,2012-05-01T00:00:00,0.3066281840200387,jinlonghu,"{""type"":""MultiPoint"",""coordinates"":[]}"
329,2012-06-01T00:00:00,0.09579194830322266,jinlonghu,"{""type"":""MultiPoint"",""coordinates"":[]}"
330,2012-07-01T00:00:00,0.0,jinlonghu,"{""type"":""MultiPoint"",""coordinates"":[]}"
331,2012-08-01T00:00:00,0.0,jinlonghu,"{""type"":""MultiPoint"",""coordinates"":[]}"
332,2012-09-01T00:00:00,0.0,jinlonghu,"{""type"":""MultiPoint"",""coordinates"":[]}"
333,2012-10-01T00:00:00,0.0,jinlonghu,"{""type"":""MultiPoint"",""coordinates"":[]}"
334,2012-11-01T00:00:00,0.0,jinlonghu,"{""type"":""MultiPoint"",""coordinates"":[]}"
335,2012-12-01T00:00:00,0.0,jinlonghu,"{""type"":""MultiPoint"",""coordinates"":[]}"
336,2013-01-01T00:00:00,1.1610780506060434,jinlonghu,"{""type"":""MultiPoint"",""coordinates"":[]}"
337,2013-02-01T00:00:00,0.0,jinlonghu,"{""type"":""MultiPoint"",""coordinates"":[]}"
338,2013-03-01T00:00:00,0.0,jinlonghu,"{""type"":""MultiPoint"",""coordinates"":[]}"
339,2013-04-01T00:00:00,0.06394819790804994,jinlonghu,"{""type"":""MultiPoint"",""coordinates"":[]}"
340,2013-05-01T00:00:00,0.8639212236883426,jinlonghu,"{""type"":""MultiPoint"",""coordinates"":[]}"
341,2013-06-01T00:00:00,0.8296832665498621,jinlonghu,"{""type"":""MultiPoint"",""coordinates"":[]}"
342,2013-07-01T00:00:00,0.8107540483611462,jinlonghu,"{""type"":""MultiPoint"",""coordinates"":[]}"
343,2013-08-01T00:00:00,0.853115442852903,jinlonghu,"{""type"":""MultiPoint"",""coordinates"":[]}"
344,2013-09-01T00:00:00,0.7917953016838523,jinlonghu,"{""type"":""MultiPoint"",""coordinates"":[]}"
345,2013-10-01T00:00:00,0.877097847715849,jinlonghu,"{""type"":""MultiPoint"",""coordinates"":[]}"
346,2013-11-01T00:00:00,0.9806183550386318,jinlonghu,"{""type"":""MultiPoint"",""coordinates"":[]}"
347,2013-12-01T00:00:00,0.0,jinlonghu,"{""type"":""MultiPoint"",""coordinates"":[]}"
348,2014-01-01T00:00:00,1.177988350161085,jinlonghu,"{""type"":""MultiPoint"",""coordinates"":[]}"
349,2014-02-01T00:00:00,0.0,jinlonghu,"{""type"":""MultiPoint"",""coordinates"":[]}"
350,2014-03-01T00:00:00,0.0,jinlonghu,"{""type"":""MultiPoint"",""coordinates"":[]}"
351,2014-04-01T00:00:00,0.061799327697753904,jinlonghu,"{""type"":""MultiPoint"",""coordinates"":[]}"
352,2014-05-01T00:00:00,0.8012423303849763,jinlonghu,"{""type"":""MultiPoint"",""coordinates"":[]}"
353,2014-06-01T00:00:00,0.0,jinlonghu,"{""type"":""MultiPoint"",""coordinates"":[]}"
354,2014-07-01T00:00:00,0.004635044616699219,jinlonghu,"{""type"":""MultiPoint"",""coordinates"":[]}"
355,2014-08-01T00:00:00,0.43334563903664974,jinlonghu,"{""type"":""MultiPoint"",""coordinates"":[]}"
356,2014-09-01T00:00:00,0.1251489862060547,jinlonghu,"{""type"":""MultiPoint"",""coordinates"":[]}"
357,2014-10-01T00:00:00,0.839759511301078,jinlonghu,"{""type"":""MultiPoint"",""coordinates"":[]}"
358,2014-11-01T00:00:00,0.0,jinlonghu,"{""type"":""MultiPoint"",""coordinates"":[]}"
359,2014-12-01T00:00:00,0.0,jinlonghu,"{""type"":""MultiPoint"",""coordinates"":[]}"
360,2015-01-01T00:00:00,0.0,jinlonghu,"{""type"":""MultiPoint"",""coordinates"":[]}"
361,2015-02-01T00:00:00,0.0,jinlonghu,"{""type"":""MultiPoint"",""coordinates"":[]}"
362,2015-03-01T00:00:00,1.0154962433598538,jinlonghu,"{""type"":""MultiPoint"",""coordinates"":[]}"
363,2015-04-01T00:00:00,0.17149452410888671,jinlonghu,"{""type"":""MultiPoint"",""coordinates"":[]}"
364,2015-05-01T00:00:00,0.0,jinlonghu,"{""type"":""MultiPoint"",""coordinates"":[]}"
365,2015-06-01T00:00:00,0.0,jinlonghu,"{""type"":""MultiPoint"",""coordinates"":[]}"
366,2015-07-01T00:00:00,0.8102917254921109,jinlonghu,"{""type"":""MultiPoint"",""coordinates"":[]}"
367,2015-08-01T00:00:00,0.8494722491919424,jinlonghu,"{""type"":""MultiPoint"",""coordinates"":[]}"
368,2015-09-01T00:00:00,0.7260147033401788,jinlonghu,"{""type"":""MultiPoint"",""coordinates"":[]}"
369,2015-10-01T00:00:00,0.8402790720133464,jinlonghu,"{""type"":""MultiPoint"",""coordinates"":[]}"
370,2015-11-01T00:00:00,1.0634358982012582,jinlonghu,"{""type"":""MultiPoint"",""coordinates"":[]}"
371,2015-12-01T00:00:00,0.0,jinlonghu,"{""type"":""MultiPoint"",""coordinates"":[]}"
372,2016-01-01T00:00:00,0.0,jinlonghu,"{""type"":""MultiPoint"",""coordinates"":[]}"
373,2016-02-01T00:00:00,1.0998678143640854,jinlonghu,"{""type"":""MultiPoint"",""coordinates"":[]}"
374,2016-03-01T00:00:00,1.055432850717582,jinlonghu,"{""type"":""MultiPoint"",""coordinates"":[]}"
375,2016-04-01T00:00:00,0.6439502938598634,jinlonghu,"{""type"":""MultiPoint"",""coordinates"":[]}"
376,2016-05-01T00:00:00,0.7674926036800609,jinlonghu,"{""type"":""MultiPoint"",""coordinates"":[]}"
377,2016-06-01T00:00:00,0.2618025174991383,jinlonghu,"{""type"":""MultiPoint"",""coordinates"":[]}"
378,2016-07-01T00:00:00,1.0598165723391069,jinlonghu,"{""type"":""MultiPoint"",""coordinates"":[]}"
379,2016-08-01T00:00:00,0.5126080552676929,jinlonghu,"{""type"":""MultiPoint"",""coordinates"":[]}"
380,2016-09-01T00:00:00,0.9218685654172413,jinlonghu,"{""type"":""MultiPoint"",""coordinates"":[]}"
381,2016-10-01T00:00:00,0.0,jinlonghu,"{""type"":""MultiPoint"",""coordinates"":[]}"
382,2016-11-01T00:00:00,1.1818795186327167,jinlonghu,"{""type"":""MultiPoint"",""coordinates"":[]}"
383,2016-12-01T00:00:00,0.0,jinlonghu,"{""type"":""MultiPoint"",""coordinates"":[]}"
384,2017-01-01T00:00:00,0.0,jinlonghu,"{""type"":""MultiPoint"",""coordinates"":[]}"
385,2017-02-01T00:00:00,1.2030111070647596,jinlonghu,"{""type"":""MultiPoint"",""coordinates"":[]}"
386,2017-03-01T00:00:00,0.38112117120840033,jinlonghu,"{""type"":""MultiPoint"",""coordinates"":[]}"
387,2017-04-01T00:00:00,0.9252550739135742,jinlonghu,"{""type"":""MultiPoint"",""coordinates"":[]}"
388,2017-05-01T00:00:00,0.0,jinlonghu,"{""type"":""MultiPoint"",""coordinates"":[]}"
389,2017-06-01T00:00:00,0.0,jinlonghu,"{""type"":""MultiPoint"",""coordinates"":[]}"
390,2017-07-01T00:00:00,0.882298097465964,jinlonghu,"{""type"":""MultiPoint"",""coordinates"":[]}"
391,2017-08-01T00:00:00,0.8325711024457145,jinlonghu,"{""type"":""MultiPoint"",""coordinates"":[]}"
392,2017-09-01T00:00:00,0.6715739285072476,jinlonghu,"{""type"":""MultiPoint"",""coordinates"":[]}"
393,2017-10-01T00:00:00,0.9611450643286613,jinlonghu,"{""type"":""MultiPoint"",""coordinates"":[]}"
394,2017-11-01T00:00:00,0.9560077202675016,jinlonghu,"{""type"":""MultiPoint"",""coordinates"":[]}"
395,2017-12-01T00:00:00,0.0,jinlonghu,"{""type"":""MultiPoint"",""coordinates"":[]}"
396,2018-01-01T00:00:00,0.0,jinlonghu,"{""type"":""MultiPoint"",""coordinates"":[]}"
397,2018-02-01T00:00:00,1.0803688363180721,jinlonghu,"{""type"":""MultiPoint"",""coordinates"":[]}"
398,2018-03-01T00:00:00,1.067007005443379,jinlonghu,"{""type"":""MultiPoint"",""coordinates"":[]}"
399,2018-04-01T00:00:00,1.0006153507336188,jinlonghu,"{""type"":""MultiPoint"",""coordinates"":[]}"
400,2018-05-01T00:00:00,0.0,jinlonghu,"{""type"":""MultiPoint"",""coordinates"":[]}"
401,2018-06-01T00:00:00,0.7882357461382696,jinlonghu,"{""type"":""MultiPoint"",""coordinates"":[]}"
402,2018-07-01T00:00:00,0.8317206275917203,jinlonghu,"{""type"":""MultiPoint"",""coordinates"":[]}"
403,2018-08-01T00:00:00,0.20394570123291014,jinlonghu,"{""type"":""MultiPoint"",""coordinates"":[]}"
404,2018-09-01T00:00:00,0.8424337416542204,jinlonghu,"{""type"":""MultiPoint"",""coordinates"":[]}"
405,2018-10-01T00:00:00,0.8480497041333965,jinlonghu,"{""type"":""MultiPoint"",""coordinates"":[]}"
406,2018-11-01T00:00:00,0.9751584753597484,jinlonghu,"{""type"":""MultiPoint"",""coordinates"":[]}"
407,2018-12-01T00:00:00,0.0,jinlonghu,"{""type"":""MultiPoint"",""coordinates"":[]}"
408,2019-01-01T00:00:00,0.0,jinlonghu,"{""type"":""MultiPoint"",""coordinates"":[]}"
409,2019-02-01T00:00:00,0.005407708618164062,jinlonghu,"{""type"":""MultiPoint"",""coordinates"":[]}"
410,2019-03-01T00:00:00,1.026870257584875,jinlonghu,"{""type"":""MultiPoint"",""coordinates"":[]}"
411,2019-04-01T00:00:00,0.8683365695520738,jinlonghu,"{""type"":""MultiPoint"",""coordinates"":[]}"
412,2019-05-01T00:00:00,0.0,jinlonghu,"{""type"":""MultiPoint"",""coordinates"":[]}"
413,2019-06-01T00:00:00,0.8563270010943246,jinlonghu,"{""type"":""MultiPoint"",""coordinates"":[]}"
414,2019-07-01T00:00:00,0.14291848962402343,jinlonghu,"{""type"":""MultiPoint"",""coordinates"":[]}"
415,2019-08-01T00:00:00,0.8186185403770296,jinlonghu,"{""type"":""MultiPoint"",""coordinates"":[]}"
416,2019-09-01T00:00:00,0.11510873443603516,jinlonghu,"{""type"":""MultiPoint"",""coordinates"":[]}"
417,2019-10-01T00:00:00,0.8609742830473058,jinlonghu,"{""type"":""MultiPoint"",""coordinates"":[]}"
418,2019-11-01T00:00:00,0.8026436958216049,jinlonghu,"{""type"":""MultiPoint"",""coordinates"":[]}"
419,2019-12-01T00:00:00,0.0,jinlonghu,"{""type"":""MultiPoint"",""coordinates"":[]}"
420,2020-01-01T00:00:00,0.0,jinlonghu,"{""type"":""MultiPoint"",""coordinates"":[]}"
421,2020-02-01T00:00:00,1.222892172045898,jinlonghu,"{""type"":""MultiPoint"",""coordinates"":[]}"
422,2020-03-01T00:00:00,0.9452281372206744,jinlonghu,"{""type"":""MultiPoint"",""coordinates"":[]}"
423,2020-04-01T00:00:00,0.9964471425549077,jinlonghu,"{""type"":""MultiPoint"",""coordinates"":[]}"
424,2020-05-01T00:00:00,0.7927018456870883,jinlonghu,"{""type"":""MultiPoint"",""coordinates"":[]}"
425,2020-06-01T00:00:00,0.7167614241955327,jinlonghu,"{""type"":""MultiPoint"",""coordinates"":[]}"
426,2020-07-01T00:00:00,0.0,jinlonghu,"{""type"":""MultiPoint"",""coordinates"":[]}"
427,2020-08-01T00:00:00,0.9396488348039218,jinlonghu,"{""type"":""MultiPoint"",""coordinates"":[]}"
428,2020-09-01T00:00:00,0.8141635537518668,jinlonghu,"{""type"":""MultiPoint"",""coordinates"":[]}"
429,2020-10-01T00:00:00,0.8268663320027669,jinlonghu,"{""type"":""MultiPoint"",""coordinates"":[]}"
430,2020-11-01T00:00:00,0.0,jinlonghu,"{""type"":""MultiPoint"",""coordinates"":[]}"
431,2020-12-01T00:00:00,0.0,jinlonghu,"{""type"":""MultiPoint"",""coordinates"":[]}"
