system:index,Date,area_km2,lake,.geo
0,1985-01-01T00:00:00,0.0,xiaodiehu,"{""type"":""MultiPoint"",""coordinates"":[]}"
1,1985-02-01T00:00:00,0.0,xiaodiehu,"{""type"":""MultiPoint"",""coordinates"":[]}"
2,1985-03-01T00:00:00,0.0,xiaodiehu,"{""type"":""MultiPoint"",""coordinates"":[]}"
3,1985-04-01T00:00:00,0.0,xiaodiehu,"{""type"":""MultiPoint"",""coordinates"":[]}"
4,1985-05-01T00:00:00,0.0,xiaodiehu,"{""type"":""MultiPoint"",""coordinates"":[]}"
5,1985-06-01T00:00:00,0.0,xiaodiehu,"{""type"":""MultiPoint"",""coordinates"":[]}"
6,1985-07-01T00:00:00,0.0,xiaodiehu,"{""type"":""MultiPoint"",""coordinates"":[]}"
7,1985-08-01T00:00:00,0.0,xiaodiehu,"{""type"":""MultiPoint"",""coordinates"":[]}"
8,1985-09-01T00:00:00,0.0,xiaodiehu,"{""type"":""MultiPoint"",""coordinates"":[]}"
9,1985-10-01T00:00:00,0.0,xiaodiehu,"{""type"":""MultiPoint"",""coordinates"":[]}"
10,1985-11-01T00:00:00,0.0,xiaodiehu,"{""type"":""MultiPoint"",""coordinates"":[]}"
11,1985-12-01T00:00:00,0.0,xiaodiehu,"{""type"":""MultiPoint"",""coordinates"":[]}"
12,1986-01-01T00:00:00,0.0,xiaodiehu,"{""type"":""MultiPoint"",""coordinates"":[]}"
13,1986-02-01T00:00:00,0.0,xiaodiehu,"{""type"":""MultiPoint"",""coordinates"":[]}"
14,1986-03-01T00:00:00,0.0,xiaodiehu,"{""type"":""MultiPoint"",""coordinates"":[]}"
15,1986-04-01T00:00:00,0.0,xiaodiehu,"{""type"":""MultiPoint"",""coordinates"":[]}"
16,1986-05-01T00:00:00,0.0,xiaodiehu,"{""type"":""MultiPoint"",""coordinates"":[]}"
17,1986-06-01T00:00:00,0.0,xiaodiehu,"{""type"":""MultiPoint"",""coordinates"":[]}"
18,1986-07-01T00:00:00,0.0,xiaodiehu,"{""type"":""MultiPoint"",""coordinates"":[]}"
19,1986-08-01T00:00:00,0.0,xiaodiehu,"{""type"":""MultiPoint"",""coordinates"":[]}"
20,1986-09-01T00:00:00,0.0,xiaodiehu,"{""type"":""MultiPoint"",""coordinates"":[]}"
21,1986-10-01T00:00:00,0.0,xiaodiehu,"{""type"":""MultiPoint"",""coordinates"":[]}"
22,1986-11-01T00:00:00,0.0,xiaodiehu,"{""type"":""MultiPoint"",""coordinates"":[]}"
23,1986-12-01T00:00:00,0.0,xiaodiehu,"{""type"":""MultiPoint"",""coordinates"":[]}"
24,1987-01-01T00:00:00,0.0,xiaodiehu,"{""type"":""MultiPoint"",""coordinates"":[]}"
25,1987-02-01T00:00:00,0.0,xiaodiehu,"{""type"":""MultiPoint"",""coordinates"":[]}"
26,1987-03-01T00:00:00,0.0,xiaodiehu,"{""type"":""MultiPoint"",""coordinates"":[]}"
27,1987-04-01T00:00:00,0.0,xiaodiehu,"{""type"":""MultiPoint"",""coordinates"":[]}"
28,1987-05-01T00:00:00,0.0,xiaodiehu,"{""type"":""MultiPoint"",""coordinates"":[]}"
29,1987-06-01T00:00:00,0.0,xiaodiehu,"{""type"":""MultiPoint"",""coordinates"":[]}"
30,1987-07-01T00:00:00,0.0,xiaodiehu,"{""type"":""MultiPoint"",""coordinates"":[]}"
31,1987-08-01T00:00:00,0.0,xiaodiehu,"{""type"":""MultiPoint"",""coordinates"":[]}"
32,1987-09-01T00:00:00,6.733783696905879,xiaodiehu,"{""type"":""MultiPoint"",""coordinates"":[]}"
33,1987-10-01T00:00:00,0.0,xiaodiehu,"{""type"":""MultiPoint"",""coordinates"":[]}"
34,1987-11-01T00:00:00,0.0,xiaodiehu,"{""type"":""MultiPoint"",""coordinates"":[]}"
35,1987-12-01T00:00:00,0.0,xiaodiehu,"{""type"":""MultiPoint"",""coordinates"":[]}"
36,1988-01-01T00:00:00,0.0,xiaodiehu,"{""type"":""MultiPoint"",""coordinates"":[]}"
37,1988-02-01T00:00:00,0.0,xiaodiehu,"{""type"":""MultiPoint"",""coordinates"":[]}"
38,1988-03-01T00:00:00,0.0,xiaodiehu,"{""type"":""MultiPoint"",""coordinates"":[]}"
39,1988-04-01T00:00:00,0.0,xiaodiehu,"{""type"":""MultiPoint"",""coordinates"":[]}"
40,1988-05-01T00:00:00,0.0,xiaodiehu,"{""type"":""MultiPoint"",""coordinates"":[]}"
41,1988-06-01T00:00:00,0.0,xiaodiehu,"{""type"":""MultiPoint"",""coordinates"":[]}"
42,1988-07-01T00:00:00,0.0,xiaodiehu,"{""type"":""MultiPoint"",""coordinates"":[]}"
43,1988-08-01T00:00:00,0.0,xiaodiehu,"{""type"":""MultiPoint"",""coordinates"":[]}"
44,1988-09-01T00:00:00,0.0,xiaodiehu,"{""type"":""MultiPoint"",""coordinates"":[]}"
45,1988-10-01T00:00:00,0.0,xiaodiehu,"{""type"":""MultiPoint"",""coordinates"":[]}"
46,1988-11-01T00:00:00,0.0,xiaodiehu,"{""type"":""MultiPoint"",""coordinates"":[]}"
47,1988-12-01T00:00:00,0.0,xiaodiehu,"{""type"":""MultiPoint"",""coordinates"":[]}"
48,1989-01-01T00:00:00,0.0,xiaodiehu,"{""type"":""MultiPoint"",""coordinates"":[]}"
49,1989-02-01T00:00:00,0.0,xiaodiehu,"{""type"":""MultiPoint"",""coordinates"":[]}"
50,1989-03-01T00:00:00,0.0,xiaodiehu,"{""type"":""MultiPoint"",""coordinates"":[]}"
51,1989-04-01T00:00:00,0.0,xiaodiehu,"{""type"":""MultiPoint"",""coordinates"":[]}"
52,1989-05-01T00:00:00,0.0,xiaodiehu,"{""type"":""MultiPoint"",""coordinates"":[]}"
53,1989-06-01T00:00:00,0.0,xiaodiehu,"{""type"":""MultiPoint"",""coordinates"":[]}"
54,1989-07-01T00:00:00,0.0,xiaodiehu,"{""type"":""MultiPoint"",""coordinates"":[]}"
55,1989-08-01T00:00:00,0.0,xiaodiehu,"{""type"":""MultiPoint"",""coordinates"":[]}"
56,1989-09-01T00:00:00,0.0,xiaodiehu,"{""type"":""MultiPoint"",""coordinates"":[]}"
57,1989-10-01T00:00:00,0.0,xiaodiehu,"{""type"":""MultiPoint"",""coordinates"":[]}"
58,1989-11-01T00:00:00,0.0,xiaodiehu,"{""type"":""MultiPoint"",""coordinates"":[]}"
59,1989-12-01T00:00:00,0.0,xiaodiehu,"{""type"":""MultiPoint"",""coordinates"":[]}"
60,1990-01-01T00:00:00,0.0,xiaodiehu,"{""type"":""MultiPoint"",""coordinates"":[]}"
61,1990-02-01T00:00:00,0.0,xiaodiehu,"{""type"":""MultiPoint"",""coordinates"":[]}"
62,1990-03-01T00:00:00,0.0,xiaodiehu,"{""type"":""MultiPoint"",""coordinates"":[]}"
63,1990-04-01T00:00:00,0.0,xiaodiehu,"{""type"":""MultiPoint"",""coordinates"":[]}"
64,1990-05-01T00:00:00,0.0,xiaodiehu,"{""type"":""MultiPoint"",""coordinates"":[]}"
65,1990-06-01T00:00:00,0.0,xiaodiehu,"{""type"":""MultiPoint"",""coordinates"":[]}"
66,1990-07-01T00:00:00,0.0,xiaodiehu,"{""type"":""MultiPoint"",""coordinates"":[]}"
67,1990-08-01T00:00:00,0.0,xiaodiehu,"{""type"":""MultiPoint"",""coordinates"":[]}"
68,1990-09-01T00:00:00,7.136569817074286,xiaodiehu,"{""type"":""MultiPoint"",""coordinates"":[]}"
69,1990-10-01T00:00:00,0.0,xiaodiehu,"{""type"":""MultiPoint"",""coordinates"":[]}"
70,1990-11-01T00:00:00,0.0,xiaodiehu,"{""type"":""MultiPoint"",""coordinates"":[]}"
71,1990-12-01T00:00:00,0.0,xiaodiehu,"{""type"":""MultiPoint"",""coordinates"":[]}"
72,1991-01-01T00:00:00,0.0,xiaodiehu,"{""type"":""MultiPoint"",""coordinates"":[]}"
73,1991-02-01T00:00:00,0.0,xiaodiehu,"{""type"":""MultiPoint"",""coordinates"":[]}"
74,1991-03-01T00:00:00,0.0,xiaodiehu,"{""type"":""MultiPoint"",""coordinates"":[]}"
75,1991-04-01T00:00:00,0.0,xiaodiehu,"{""type"":""MultiPoint"",""coordinates"":[]}"
76,1991-05-01T00:00:00,0.0,xiaodiehu,"{""type"":""MultiPoint"",""coordinates"":[]}"
77,1991-06-01T00:00:00,0.0023208882446289062,xiaodiehu,"{""type"":""MultiPoint"",""coordinates"":[]}"
78,1991-07-01T00:00:00,9.871876462652716,xiaodiehu,"{""type"":""MultiPoint"",""coordinates"":[]}"
79,1991-08-01T00:00:00,0.0,xiaodiehu,"{""type"":""MultiPoint"",""coordinates"":[]}"
80,1991-09-01T00:00:00,0.0,xiaodiehu,"{""type"":""MultiPoint"",""coordinates"":[]}"
81,1991-10-01T00:00:00,0.0,xiaodiehu,"{""type"":""MultiPoint"",""coordinates"":[]}"
82,1991-11-01T00:00:00,0.0,xiaodiehu,"{""type"":""MultiPoint"",""coordinates"":[]}"
83,1991-12-01T00:00:00,0.0,xiaodiehu,"{""type"":""MultiPoint"",""coordinates"":[]}"
84,1992-01-01T00:00:00,10.0885807335971,xiaodiehu,"{""type"":""MultiPoint"",""coordinates"":[]}"
85,1992-02-01T00:00:00,0.11499802706083408,xiaodiehu,"{""type"":""MultiPoint"",""coordinates"":[]}"
86,1992-03-01T00:00:00,0.0,xiaodiehu,"{""type"":""MultiPoint"",""coordinates"":[]}"
87,1992-04-01T00:00:00,0.0,xiaodiehu,"{""type"":""MultiPoint"",""coordinates"":[]}"
88,1992-05-01T00:00:00,0.0,xiaodiehu,"{""type"":""MultiPoint"",""coordinates"":[]}"
89,1992-06-01T00:00:00,0.0,xiaodiehu,"{""type"":""MultiPoint"",""coordinates"":[]}"
90,1992-07-01T00:00:00,0.0,xiaodiehu,"{""type"":""MultiPoint"",""coordinates"":[]}"
91,1992-08-01T00:00:00,0.0,xiaodiehu,"{""type"":""MultiPoint"",""coordinates"":[]}"
92,1992-09-01T00:00:00,0.0,xiaodiehu,"{""type"":""MultiPoint"",""coordinates"":[]}"
93,1992-10-01T00:00:00,0.0,xiaodiehu,"{""type"":""MultiPoint"",""coordinates"":[]}"
94,1992-11-01T00:00:00,0.0,xiaodiehu,"{""type"":""MultiPoint"",""coordinates"":[]}"
95,1992-12-01T00:00:00,0.0,xiaodiehu,"{""type"":""MultiPoint"",""coordinates"":[]}"
96,1993-01-01T00:00:00,0.0,xiaodiehu,"{""type"":""MultiPoint"",""coordinates"":[]}"
97,1993-02-01T00:00:00,0.0,xiaodiehu,"{""type"":""MultiPoint"",""coordinates"":[]}"
98,1993-03-01T00:00:00,0.0,xiaodiehu,"{""type"":""MultiPoint"",""coordinates"":[]}"
99,1993-04-01T00:00:00,0.0,xiaodiehu,"{""type"":""MultiPoint"",""coordinates"":[]}"
100,1993-05-01T00:00:00,0.0,xiaodiehu,"{""type"":""MultiPoint"",""coordinates"":[]}"
101,1993-06-01T00:00:00,0.0,xiaodiehu,"{""type"":""MultiPoint"",""coordinates"":[]}"
102,1993-07-01T00:00:00,0.0,xiaodiehu,"{""type"":""MultiPoint"",""coordinates"":[]}"
103,1993-08-01T00:00:00,0.0,xiaodiehu,"{""type"":""MultiPoint"",""coordinates"":[]}"
104,1993-09-01T00:00:00,0.0,xiaodiehu,"{""type"":""MultiPoint"",""coordinates"":[]}"
105,1993-10-01T00:00:00,7.442006625989966,xiaodiehu,"{""type"":""MultiPoint"",""coordinates"":[]}"
106,1993-11-01T00:00:00,0.0,xiaodiehu,"{""type"":""MultiPoint"",""coordinates"":[]}"
107,1993-12-01T00:00:00,0.0,xiaodiehu,"{""type"":""MultiPoint"",""coordinates"":[]}"
108,1994-01-01T00:00:00,0.0,xiaodiehu,"{""type"":""MultiPoint"",""coordinates"":[]}"
109,1994-02-01T00:00:00,0.0,xiaodiehu,"{""type"":""MultiPoint"",""coordinates"":[]}"
110,1994-03-01T00:00:00,0.0,xiaodiehu,"{""type"":""MultiPoint"",""coordinates"":[]}"
111,1994-04-01T00:00:00,0.0,xiaodiehu,"{""type"":""MultiPoint"",""coordinates"":[]}"
112,1994-05-01T00:00:00,0.0,xiaodiehu,"{""type"":""MultiPoint"",""coordinates"":[]}"
113,1994-06-01T00:00:00,0.0,xiaodiehu,"{""type"":""MultiPoint"",""coordinates"":[]}"
114,1994-07-01T00:00:00,0.0,xiaodiehu,"{""type"":""MultiPoint"",""coordinates"":[]}"
115,1994-08-01T00:00:00,3.0725758020278033,xiaodiehu,"{""type"":""MultiPoint"",""coordinates"":[]}"
116,1994-09-01T00:00:00,5.612722961291024,xiaodiehu,"{""type"":""MultiPoint"",""coordinates"":[]}"
117,1994-10-01T00:00:00,0.0,xiaodiehu,"{""type"":""MultiPoint"",""coordinates"":[]}"
118,1994-11-01T00:00:00,0.0,xiaodiehu,"{""type"":""MultiPoint"",""coordinates"":[]}"
119,1994-12-01T00:00:00,0.0,xiaodiehu,"{""type"":""MultiPoint"",""coordinates"":[]}"
120,1995-01-01T00:00:00,0.0,xiaodiehu,"{""type"":""MultiPoint"",""coordinates"":[]}"
121,1995-02-01T00:00:00,0.0,xiaodiehu,"{""type"":""MultiPoint"",""coordinates"":[]}"
122,1995-03-01T00:00:00,0.0,xiaodiehu,"{""type"":""MultiPoint"",""coordinates"":[]}"
123,1995-04-01T00:00:00,6.5134909521606446,xiaodiehu,"{""type"":""MultiPoint"",""coordinates"":[]}"
124,1995-05-01T00:00:00,0.7881810468055874,xiaodiehu,"{""type"":""MultiPoint"",""coordinates"":[]}"
125,1995-06-01T00:00:00,0.0,xiaodiehu,"{""type"":""MultiPoint"",""coordinates"":[]}"
126,1995-07-01T00:00:00,0.0,xiaodiehu,"{""type"":""MultiPoint"",""coordinates"":[]}"
127,1995-08-01T00:00:00,0.0,xiaodiehu,"{""type"":""MultiPoint"",""coordinates"":[]}"
128,1995-09-01T00:00:00,0.0,xiaodiehu,"{""type"":""MultiPoint"",""coordinates"":[]}"
129,1995-10-01T00:00:00,0.3408755372984643,xiaodiehu,"{""type"":""MultiPoint"",""coordinates"":[]}"
130,1995-11-01T00:00:00,0.0,xiaodiehu,"{""type"":""MultiPoint"",""coordinates"":[]}"
131,1995-12-01T00:00:00,0.0,xiaodiehu,"{""type"":""MultiPoint"",""coordinates"":[]}"
132,1996-01-01T00:00:00,0.0,xiaodiehu,"{""type"":""MultiPoint"",""coordinates"":[]}"
133,1996-02-01T00:00:00,6.171341946667239,xiaodiehu,"{""type"":""MultiPoint"",""coordinates"":[]}"
134,1996-03-01T00:00:00,0.0,xiaodiehu,"{""type"":""MultiPoint"",""coordinates"":[]}"
135,1996-04-01T00:00:00,0.0,xiaodiehu,"{""type"":""MultiPoint"",""coordinates"":[]}"
136,1996-05-01T00:00:00,0.00309424267578125,xiaodiehu,"{""type"":""MultiPoint"",""coordinates"":[]}"
137,1996-06-01T00:00:00,6.515704461020794,xiaodiehu,"{""type"":""MultiPoint"",""coordinates"":[]}"
138,1996-07-01T00:00:00,0.0,xiaodiehu,"{""type"":""MultiPoint"",""coordinates"":[]}"
139,1996-08-01T00:00:00,1.339846455810547,xiaodiehu,"{""type"":""MultiPoint"",""coordinates"":[]}"
140,1996-09-01T00:00:00,5.738675957429774,xiaodiehu,"{""type"":""MultiPoint"",""coordinates"":[]}"
141,1996-10-01T00:00:00,8.627739103137449,xiaodiehu,"{""type"":""MultiPoint"",""coordinates"":[]}"
142,1996-11-01T00:00:00,0.0,xiaodiehu,"{""type"":""MultiPoint"",""coordinates"":[]}"
143,1996-12-01T00:00:00,0.0,xiaodiehu,"{""type"":""MultiPoint"",""coordinates"":[]}"
144,1997-01-01T00:00:00,0.0,xiaodiehu,"{""type"":""MultiPoint"",""coordinates"":[]}"
145,1997-02-01T00:00:00,0.0,xiaodiehu,"{""type"":""MultiPoint"",""coordinates"":[]}"
146,1997-03-01T00:00:00,0.0,xiaodiehu,"{""type"":""MultiPoint"",""coordinates"":[]}"
147,1997-04-01T00:00:00,0.0,xiaodiehu,"{""type"":""MultiPoint"",""coordinates"":[]}"
148,1997-05-01T00:00:00,0.0,xiaodiehu,"{""type"":""MultiPoint"",""coordinates"":[]}"
149,1997-06-01T00:00:00,0.0,xiaodiehu,"{""type"":""MultiPoint"",""coordinates"":[]}"
150,1997-07-01T00:00:00,0.0,xiaodiehu,"{""type"":""MultiPoint"",""coordinates"":[]}"
151,1997-08-01T00:00:00,0.0,xiaodiehu,"{""type"":""MultiPoint"",""coordinates"":[]}"
152,1997-09-01T00:00:00,0.0,xiaodiehu,"{""type"":""MultiPoint"",""coordinates"":[]}"
153,1997-10-01T00:00:00,0.0,xiaodiehu,"{""type"":""MultiPoint"",""coordinates"":[]}"
154,1997-11-01T00:00:00,0.0,xiaodiehu,"{""type"":""MultiPoint"",""coordinates"":[]}"
155,1997-12-01T00:00:00,0.0,xiaodiehu,"{""type"":""MultiPoint"",""coordinates"":[]}"
156,1998-01-01T00:00:00,0.0,xiaodiehu,"{""type"":""MultiPoint"",""coordinates"":[]}"
157,1998-02-01T00:00:00,0.0,xiaodiehu,"{""type"":""MultiPoint"",""coordinates"":[]}"
158,1998-03-01T00:00:00,0.0,xiaodiehu,"{""type"":""MultiPoint"",""coordinates"":[]}"
159,1998-04-01T00:00:00,0.0,xiaodiehu,"{""type"":""MultiPoint"",""coordinates"":[]}"
160,1998-05-01T00:00:00,0.0,xiaodiehu,"{""type"":""MultiPoint"",""coordinates"":[]}"
161,1998-06-01T00:00:00,0.0,xiaodiehu,"{""type"":""MultiPoint"",""coordinates"":[]}"
162,1998-07-01T00:00:00,0.0,xiaodiehu,"{""type"":""MultiPoint"",""coordinates"":[]}"
163,1998-08-01T00:00:00,0.0,xiaodiehu,"{""type"":""MultiPoint"",""coordinates"":[]}"
164,1998-09-01T00:00:00,0.0,xiaodiehu,"{""type"":""MultiPoint"",""coordinates"":[]}"
165,1998-10-01T00:00:00,0.0,xiaodiehu,"{""type"":""MultiPoint"",""coordinates"":[]}"
166,1998-11-01T00:00:00,0.0,xiaodiehu,"{""type"":""MultiPoint"",""coordinates"":[]}"
167,1998-12-01T00:00:00,0.0,xiaodiehu,"{""type"":""MultiPoint"",""coordinates"":[]}"
168,1999-01-01T00:00:00,0.0,xiaodiehu,"{""type"":""MultiPoint"",""coordinates"":[]}"
169,1999-02-01T00:00:00,0.0,xiaodiehu,"{""type"":""MultiPoint"",""coordinates"":[]}"
170,1999-03-01T00:00:00,0.0,xiaodiehu,"{""type"":""MultiPoint"",""coordinates"":[]}"
171,1999-04-01T00:00:00,0.0,xiaodiehu,"{""type"":""MultiPoint"",""coordinates"":[]}"
172,1999-05-01T00:00:00,0.0,xiaodiehu,"{""type"":""MultiPoint"",""coordinates"":[]}"
173,1999-06-01T00:00:00,0.0,xiaodiehu,"{""type"":""MultiPoint"",""coordinates"":[]}"
174,1999-07-01T00:00:00,0.0,xiaodiehu,"{""type"":""MultiPoint"",""coordinates"":[]}"
175,1999-08-01T00:00:00,0.0,xiaodiehu,"{""type"":""MultiPoint"",""coordinates"":[]}"
176,1999-09-01T00:00:00,0.07736058508300782,xiaodiehu,"{""type"":""MultiPoint"",""coordinates"":[]}"
177,1999-10-01T00:00:00,0.0,xiaodiehu,"{""type"":""MultiPoint"",""coordinates"":[]}"
178,1999-11-01T00:00:00,2.5134575926516063,xiaodiehu,"{""type"":""MultiPoint"",""coordinates"":[]}"
179,1999-12-01T00:00:00,0.0,xiaodiehu,"{""type"":""MultiPoint"",""coordinates"":[]}"
180,2000-01-01T00:00:00,0.0,xiaodiehu,"{""type"":""MultiPoint"",""coordinates"":[]}"
181,2000-02-01T00:00:00,9.77597413062625,xiaodiehu,"{""type"":""MultiPoint"",""coordinates"":[]}"
182,2000-03-01T00:00:00,0.0,xiaodiehu,"{""type"":""MultiPoint"",""coordinates"":[]}"
183,2000-04-01T00:00:00,0.0,xiaodiehu,"{""type"":""MultiPoint"",""coordinates"":[]}"
184,2000-05-01T00:00:00,0.0,xiaodiehu,"{""type"":""MultiPoint"",""coordinates"":[]}"
185,2000-06-01T00:00:00,4.191083183255782,xiaodiehu,"{""type"":""MultiPoint"",""coordinates"":[]}"
186,2000-07-01T00:00:00,5.320456629207117,xiaodiehu,"{""type"":""MultiPoint"",""coordinates"":[]}"
187,2000-08-01T00:00:00,3.5324417890438298,xiaodiehu,"{""type"":""MultiPoint"",""coordinates"":[]}"
188,2000-09-01T00:00:00,6.4835637403320305,xiaodiehu,"{""type"":""MultiPoint"",""coordinates"":[]}"
189,2000-10-01T00:00:00,9.29878642824228,xiaodiehu,"{""type"":""MultiPoint"",""coordinates"":[]}"
190,2000-11-01T00:00:00,7.735972900390625E-4,xiaodiehu,"{""type"":""MultiPoint"",""coordinates"":[]}"
191,2000-12-01T00:00:00,0.0,xiaodiehu,"{""type"":""MultiPoint"",""coordinates"":[]}"
192,2001-01-01T00:00:00,9.75142749857369,xiaodiehu,"{""type"":""MultiPoint"",""coordinates"":[]}"
193,2001-02-01T00:00:00,0.30384078142736104,xiaodiehu,"{""type"":""MultiPoint"",""coordinates"":[]}"
194,2001-03-01T00:00:00,8.826635591726262,xiaodiehu,"{""type"":""MultiPoint"",""coordinates"":[]}"
195,2001-04-01T00:00:00,2.1765521187406653,xiaodiehu,"{""type"":""MultiPoint"",""coordinates"":[]}"
196,2001-05-01T00:00:00,5.78265967899481,xiaodiehu,"{""type"":""MultiPoint"",""coordinates"":[]}"
197,2001-06-01T00:00:00,1.7496305160173007,xiaodiehu,"{""type"":""MultiPoint"",""coordinates"":[]}"
198,2001-07-01T00:00:00,6.5220746773494955,xiaodiehu,"{""type"":""MultiPoint"",""coordinates"":[]}"
199,2001-08-01T00:00:00,0.2521927213745117,xiaodiehu,"{""type"":""MultiPoint"",""coordinates"":[]}"
200,2001-09-01T00:00:00,5.983903349554564,xiaodiehu,"{""type"":""MultiPoint"",""coordinates"":[]}"
201,2001-10-01T00:00:00,1.7515654314747529,xiaodiehu,"{""type"":""MultiPoint"",""coordinates"":[]}"
202,2001-11-01T00:00:00,8.329102961613435,xiaodiehu,"{""type"":""MultiPoint"",""coordinates"":[]}"
203,2001-12-01T00:00:00,0.0,xiaodiehu,"{""type"":""MultiPoint"",""coordinates"":[]}"
204,2002-01-01T00:00:00,4.486015133140417,xiaodiehu,"{""type"":""MultiPoint"",""coordinates"":[]}"
205,2002-02-01T00:00:00,7.459764973054295,xiaodiehu,"{""type"":""MultiPoint"",""coordinates"":[]}"
206,2002-03-01T00:00:00,6.554799541101075,xiaodiehu,"{""type"":""MultiPoint"",""coordinates"":[]}"
207,2002-04-01T00:00:00,3.0393422222220616,xiaodiehu,"{""type"":""MultiPoint"",""coordinates"":[]}"
208,2002-05-01T00:00:00,0.0,xiaodiehu,"{""type"":""MultiPoint"",""coordinates"":[]}"
209,2002-06-01T00:00:00,0.2622399592285156,xiaodiehu,"{""type"":""MultiPoint"",""coordinates"":[]}"
210,2002-07-01T00:00:00,6.758380538897347,xiaodiehu,"{""type"":""MultiPoint"",""coordinates"":[]}"
211,2002-08-01T00:00:00,6.876653299564614,xiaodiehu,"{""type"":""MultiPoint"",""coordinates"":[]}"
212,2002-09-01T00:00:00,6.758512963759238,xiaodiehu,"{""type"":""MultiPoint"",""coordinates"":[]}"
213,2002-10-01T00:00:00,8.535323492207121,xiaodiehu,"{""type"":""MultiPoint"",""coordinates"":[]}"
214,2002-11-01T00:00:00,0.0,xiaodiehu,"{""type"":""MultiPoint"",""coordinates"":[]}"
215,2002-12-01T00:00:00,0.0,xiaodiehu,"{""type"":""MultiPoint"",""coordinates"":[]}"
216,2003-01-01T00:00:00,10.150179152237717,xiaodiehu,"{""type"":""MultiPoint"",""coordinates"":[]}"
217,2003-02-01T00:00:00,10.166100928641047,xiaodiehu,"{""type"":""MultiPoint"",""coordinates"":[]}"
218,2003-03-01T00:00:00,8.05677682670659,xiaodiehu,"{""type"":""MultiPoint"",""coordinates"":[]}"
219,2003-04-01T00:00:00,7.368943425149596,xiaodiehu,"{""type"":""MultiPoint"",""coordinates"":[]}"
220,2003-05-01T00:00:00,7.523527366670977,xiaodiehu,"{""type"":""MultiPoint"",""coordinates"":[]}"
221,2003-06-01T00:00:00,3.225768165222168,xiaodiehu,"{""type"":""MultiPoint"",""coordinates"":[]}"
222,2003-07-01T00:00:00,6.355626858607871,xiaodiehu,"{""type"":""MultiPoint"",""coordinates"":[]}"
223,2003-08-01T00:00:00,0.7310180958862305,xiaodiehu,"{""type"":""MultiPoint"",""coordinates"":[]}"
224,2003-09-01T00:00:00,7.335479828148459,xiaodiehu,"{""type"":""MultiPoint"",""coordinates"":[]}"
225,2003-10-01T00:00:00,8.262604051365752,xiaodiehu,"{""type"":""MultiPoint"",""coordinates"":[]}"
226,2003-11-01T00:00:00,9.551551599323586,xiaodiehu,"{""type"":""MultiPoint"",""coordinates"":[]}"
227,2003-12-01T00:00:00,0.0,xiaodiehu,"{""type"":""MultiPoint"",""coordinates"":[]}"
228,2004-01-01T00:00:00,10.042776631014958,xiaodiehu,"{""type"":""MultiPoint"",""coordinates"":[]}"
229,2004-02-01T00:00:00,9.550407943229645,xiaodiehu,"{""type"":""MultiPoint"",""coordinates"":[]}"
230,2004-03-01T00:00:00,8.857465876849004,xiaodiehu,"{""type"":""MultiPoint"",""coordinates"":[]}"
231,2004-04-01T00:00:00,3.8360574138927985,xiaodiehu,"{""type"":""MultiPoint"",""coordinates"":[]}"
232,2004-05-01T00:00:00,5.735727934027219,xiaodiehu,"{""type"":""MultiPoint"",""coordinates"":[]}"
233,2004-06-01T00:00:00,0.0,xiaodiehu,"{""type"":""MultiPoint"",""coordinates"":[]}"
234,2004-07-01T00:00:00,7.718710377330346,xiaodiehu,"{""type"":""MultiPoint"",""coordinates"":[]}"
235,2004-08-01T00:00:00,3.5350916194869697,xiaodiehu,"{""type"":""MultiPoint"",""coordinates"":[]}"
236,2004-09-01T00:00:00,7.765824036857095,xiaodiehu,"{""type"":""MultiPoint"",""coordinates"":[]}"
237,2004-10-01T00:00:00,8.920453180011824,xiaodiehu,"{""type"":""MultiPoint"",""coordinates"":[]}"
238,2004-11-01T00:00:00,9.813023568758377,xiaodiehu,"{""type"":""MultiPoint"",""coordinates"":[]}"
239,2004-12-01T00:00:00,0.0,xiaodiehu,"{""type"":""MultiPoint"",""coordinates"":[]}"
240,2005-01-01T00:00:00,10.049252540121163,xiaodiehu,"{""type"":""MultiPoint"",""coordinates"":[]}"
241,2005-02-01T00:00:00,9.053809884799849,xiaodiehu,"{""type"":""MultiPoint"",""coordinates"":[]}"
242,2005-03-01T00:00:00,9.473122039087635,xiaodiehu,"{""type"":""MultiPoint"",""coordinates"":[]}"
243,2005-04-01T00:00:00,5.992464513232421,xiaodiehu,"{""type"":""MultiPoint"",""coordinates"":[]}"
244,2005-05-01T00:00:00,6.657813101553642,xiaodiehu,"{""type"":""MultiPoint"",""coordinates"":[]}"
245,2005-06-01T00:00:00,1.7258242403564452,xiaodiehu,"{""type"":""MultiPoint"",""coordinates"":[]}"
246,2005-07-01T00:00:00,4.988675808837891,xiaodiehu,"{""type"":""MultiPoint"",""coordinates"":[]}"
247,2005-08-01T00:00:00,5.915586677409572,xiaodiehu,"{""type"":""MultiPoint"",""coordinates"":[]}"
248,2005-09-01T00:00:00,6.729696780038392,xiaodiehu,"{""type"":""MultiPoint"",""coordinates"":[]}"
249,2005-10-01T00:00:00,0.006188807800292968,xiaodiehu,"{""type"":""MultiPoint"",""coordinates"":[]}"
250,2005-11-01T00:00:00,7.654890348085171,xiaodiehu,"{""type"":""MultiPoint"",""coordinates"":[]}"
251,2005-12-01T00:00:00,0.0,xiaodiehu,"{""type"":""MultiPoint"",""coordinates"":[]}"
252,2006-01-01T00:00:00,8.575871894653554,xiaodiehu,"{""type"":""MultiPoint"",""coordinates"":[]}"
253,2006-02-01T00:00:00,5.522366406508263,xiaodiehu,"{""type"":""MultiPoint"",""coordinates"":[]}"
254,2006-03-01T00:00:00,8.92120284861127,xiaodiehu,"{""type"":""MultiPoint"",""coordinates"":[]}"
255,2006-04-01T00:00:00,5.701376725305654,xiaodiehu,"{""type"":""MultiPoint"",""coordinates"":[]}"
256,2006-05-01T00:00:00,6.613781011693378,xiaodiehu,"{""type"":""MultiPoint"",""coordinates"":[]}"
257,2006-06-01T00:00:00,6.577407876826505,xiaodiehu,"{""type"":""MultiPoint"",""coordinates"":[]}"
258,2006-07-01T00:00:00,0.8114683112792969,xiaodiehu,"{""type"":""MultiPoint"",""coordinates"":[]}"
259,2006-08-01T00:00:00,6.30932677050135,xiaodiehu,"{""type"":""MultiPoint"",""coordinates"":[]}"
260,2006-09-01T00:00:00,6.604755071565754,xiaodiehu,"{""type"":""MultiPoint"",""coordinates"":[]}"
261,2006-10-01T00:00:00,7.346906158393408,xiaodiehu,"{""type"":""MultiPoint"",""coordinates"":[]}"
262,2006-11-01T00:00:00,8.5643088481541,xiaodiehu,"{""type"":""MultiPoint"",""coordinates"":[]}"
263,2006-12-01T00:00:00,0.0,xiaodiehu,"{""type"":""MultiPoint"",""coordinates"":[]}"
264,2007-01-01T00:00:00,8.357075830781346,xiaodiehu,"{""type"":""MultiPoint"",""coordinates"":[]}"
265,2007-02-01T00:00:00,9.911013905996047,xiaodiehu,"{""type"":""MultiPoint"",""coordinates"":[]}"
266,2007-03-01T00:00:00,9.292620901669011,xiaodiehu,"{""type"":""MultiPoint"",""coordinates"":[]}"
267,2007-04-01T00:00:00,6.658260789626416,xiaodiehu,"{""type"":""MultiPoint"",""coordinates"":[]}"
268,2007-05-01T00:00:00,6.77391040942646,xiaodiehu,"{""type"":""MultiPoint"",""coordinates"":[]}"
269,2007-06-01T00:00:00,6.064848540499339,xiaodiehu,"{""type"":""MultiPoint"",""coordinates"":[]}"
270,2007-07-01T00:00:00,3.026252576721191,xiaodiehu,"{""type"":""MultiPoint"",""coordinates"":[]}"
271,2007-08-01T00:00:00,2.969725803100586,xiaodiehu,"{""type"":""MultiPoint"",""coordinates"":[]}"
272,2007-09-01T00:00:00,5.753677390380619,xiaodiehu,"{""type"":""MultiPoint"",""coordinates"":[]}"
273,2007-10-01T00:00:00,2.8971008577270507,xiaodiehu,"{""type"":""MultiPoint"",""coordinates"":[]}"
274,2007-11-01T00:00:00,8.071162966366995,xiaodiehu,"{""type"":""MultiPoint"",""coordinates"":[]}"
275,2007-12-01T00:00:00,0.0,xiaodiehu,"{""type"":""MultiPoint"",""coordinates"":[]}"
276,2008-01-01T00:00:00,0.0,xiaodiehu,"{""type"":""MultiPoint"",""coordinates"":[]}"
277,2008-02-01T00:00:00,9.949448929585293,xiaodiehu,"{""type"":""MultiPoint"",""coordinates"":[]}"
278,2008-03-01T00:00:00,9.558656017244703,xiaodiehu,"{""type"":""MultiPoint"",""coordinates"":[]}"
279,2008-04-01T00:00:00,7.927585568106378,xiaodiehu,"{""type"":""MultiPoint"",""coordinates"":[]}"
280,2008-05-01T00:00:00,7.194313578069469,xiaodiehu,"{""type"":""MultiPoint"",""coordinates"":[]}"
281,2008-06-01T00:00:00,0.0,xiaodiehu,"{""type"":""MultiPoint"",""coordinates"":[]}"
282,2008-07-01T00:00:00,6.54519397174192,xiaodiehu,"{""type"":""MultiPoint"",""coordinates"":[]}"
283,2008-08-01T00:00:00,5.910845821839576,xiaodiehu,"{""type"":""MultiPoint"",""coordinates"":[]}"
284,2008-09-01T00:00:00,5.324878047403971,xiaodiehu,"{""type"":""MultiPoint"",""coordinates"":[]}"
285,2008-10-01T00:00:00,7.859154628221461,xiaodiehu,"{""type"":""MultiPoint"",""coordinates"":[]}"
286,2008-11-01T00:00:00,9.083152108649514,xiaodiehu,"{""type"":""MultiPoint"",""coordinates"":[]}"
287,2008-12-01T00:00:00,0.0,xiaodiehu,"{""type"":""MultiPoint"",""coordinates"":[]}"
288,2009-01-01T00:00:00,9.447836344536992,xiaodiehu,"{""type"":""MultiPoint"",""coordinates"":[]}"
289,2009-02-01T00:00:00,1.2439342330322265,xiaodiehu,"{""type"":""MultiPoint"",""coordinates"":[]}"
290,2009-03-01T00:00:00,9.18907975966557,xiaodiehu,"{""type"":""MultiPoint"",""coordinates"":[]}"
291,2009-04-01T00:00:00,8.210293927174288,xiaodiehu,"{""type"":""MultiPoint"",""coordinates"":[]}"
292,2009-05-01T00:00:00,8.084644103116144,xiaodiehu,"{""type"":""MultiPoint"",""coordinates"":[]}"
293,2009-06-01T00:00:00,1.0857246719858207,xiaodiehu,"{""type"":""MultiPoint"",""coordinates"":[]}"
294,2009-07-01T00:00:00,7.478479342442412,xiaodiehu,"{""type"":""MultiPoint"",""coordinates"":[]}"
295,2009-08-01T00:00:00,7.233272105285645,xiaodiehu,"{""type"":""MultiPoint"",""coordinates"":[]}"
296,2009-09-01T00:00:00,7.259404896872606,xiaodiehu,"{""type"":""MultiPoint"",""coordinates"":[]}"
297,2009-10-01T00:00:00,0.997948674194336,xiaodiehu,"{""type"":""MultiPoint"",""coordinates"":[]}"
298,2009-11-01T00:00:00,9.55326308384363,xiaodiehu,"{""type"":""MultiPoint"",""coordinates"":[]}"
299,2009-12-01T00:00:00,0.0,xiaodiehu,"{""type"":""MultiPoint"",""coordinates"":[]}"
300,2010-01-01T00:00:00,8.751950445379277,xiaodiehu,"{""type"":""MultiPoint"",""coordinates"":[]}"
301,2010-02-01T00:00:00,8.43323850222096,xiaodiehu,"{""type"":""MultiPoint"",""coordinates"":[]}"
302,2010-03-01T00:00:00,8.999745072498754,xiaodiehu,"{""type"":""MultiPoint"",""coordinates"":[]}"
303,2010-04-01T00:00:00,0.0,xiaodiehu,"{""type"":""MultiPoint"",""coordinates"":[]}"
304,2010-05-01T00:00:00,0.010055866821289063,xiaodiehu,"{""type"":""MultiPoint"",""coordinates"":[]}"
305,2010-06-01T00:00:00,1.4976204664916992,xiaodiehu,"{""type"":""MultiPoint"",""coordinates"":[]}"
306,2010-07-01T00:00:00,8.047547280164055,xiaodiehu,"{""type"":""MultiPoint"",""coordinates"":[]}"
307,2010-08-01T00:00:00,3.8863100974731446,xiaodiehu,"{""type"":""MultiPoint"",""coordinates"":[]}"
308,2010-09-01T00:00:00,7.732507751195332,xiaodiehu,"{""type"":""MultiPoint"",""coordinates"":[]}"
309,2010-10-01T00:00:00,8.43456939276841,xiaodiehu,"{""type"":""MultiPoint"",""coordinates"":[]}"
310,2010-11-01T00:00:00,8.857235773590444,xiaodiehu,"{""type"":""MultiPoint"",""coordinates"":[]}"
311,2010-12-01T00:00:00,0.0,xiaodiehu,"{""type"":""MultiPoint"",""coordinates"":[]}"
312,2011-01-01T00:00:00,10.332790913332712,xiaodiehu,"{""type"":""MultiPoint"",""coordinates"":[]}"
313,2011-02-01T00:00:00,10.213303177235563,xiaodiehu,"{""type"":""MultiPoint"",""coordinates"":[]}"
314,2011-03-01T00:00:00,9.531046945739986,xiaodiehu,"{""type"":""MultiPoint"",""coordinates"":[]}"
315,2011-04-01T00:00:00,0.0,xiaodiehu,"{""type"":""MultiPoint"",""coordinates"":[]}"
316,2011-05-01T00:00:00,0.05028243084716797,xiaodiehu,"{""type"":""MultiPoint"",""coordinates"":[]}"
317,2011-06-01T00:00:00,7.120702141700893,xiaodiehu,"{""type"":""MultiPoint"",""coordinates"":[]}"
318,2011-07-01T00:00:00,0.0,xiaodiehu,"{""type"":""MultiPoint"",""coordinates"":[]}"
319,2011-08-01T00:00:00,7.49365077264883,xiaodiehu,"{""type"":""MultiPoint"",""coordinates"":[]}"
320,2011-09-01T00:00:00,4.784437594421386,xiaodiehu,"{""type"":""MultiPoint"",""coordinates"":[]}"
321,2011-10-01T00:00:00,6.606672558718213,xiaodiehu,"{""type"":""MultiPoint"",""coordinates"":[]}"
322,2011-11-01T00:00:00,8.092812204038612,xiaodiehu,"{""type"":""MultiPoint"",""coordinates"":[]}"
323,2011-12-01T00:00:00,0.0,xiaodiehu,"{""type"":""MultiPoint"",""coordinates"":[]}"
324,2012-01-01T00:00:00,9.905560632507326,xiaodiehu,"{""type"":""MultiPoint"",""coordinates"":[]}"
325,2012-02-01T00:00:00,8.940738036568915,xiaodiehu,"{""type"":""MultiPoint"",""coordinates"":[]}"
326,2012-03-01T00:00:00,8.600441769137989,xiaodiehu,"{""type"":""MultiPoint"",""coordinates"":[]}"
327,2012-04-01T00:00:00,0.0,xiaodiehu,"{""type"":""MultiPoint"",""coordinates"":[]}"
328,2012-05-01T00:00:00,2.875569318118825,xiaodiehu,"{""type"":""MultiPoint"",""coordinates"":[]}"
329,2012-06-01T00:00:00,5.176571663574219,xiaodiehu,"{""type"":""MultiPoint"",""coordinates"":[]}"
330,2012-07-01T00:00:00,5.718145376391841,xiaodiehu,"{""type"":""MultiPoint"",""coordinates"":[]}"
331,2012-08-01T00:00:00,0.0,xiaodiehu,"{""type"":""MultiPoint"",""coordinates"":[]}"
332,2012-09-01T00:00:00,0.7998806048583984,xiaodiehu,"{""type"":""MultiPoint"",""coordinates"":[]}"
333,2012-10-01T00:00:00,0.0,xiaodiehu,"{""type"":""MultiPoint"",""coordinates"":[]}"
334,2012-11-01T00:00:00,0.0,xiaodiehu,"{""type"":""MultiPoint"",""coordinates"":[]}"
335,2012-12-01T00:00:00,0.0,xiaodiehu,"{""type"":""MultiPoint"",""coordinates"":[]}"
336,2013-01-01T00:00:00,9.891059729346182,xiaodiehu,"{""type"":""MultiPoint"",""coordinates"":[]}"
337,2013-02-01T00:00:00,0.0,xiaodiehu,"{""type"":""MultiPoint"",""coordinates"":[]}"
338,2013-03-01T00:00:00,0.0,xiaodiehu,"{""type"":""MultiPoint"",""coordinates"":[]}"
339,2013-04-01T00:00:00,8.14800870498334,xiaodiehu,"{""type"":""MultiPoint"",""coordinates"":[]}"
340,2013-05-01T00:00:00,8.647302618133903,xiaodiehu,"{""type"":""MultiPoint"",""coordinates"":[]}"
341,2013-06-01T00:00:00,8.13635949209224,xiaodiehu,"{""type"":""MultiPoint"",""coordinates"":[]}"
342,2013-07-01T00:00:00,8.392348529686542,xiaodiehu,"{""type"":""MultiPoint"",""coordinates"":[]}"
343,2013-08-01T00:00:00,8.320097111728325,xiaodiehu,"{""type"":""MultiPoint"",""coordinates"":[]}"
344,2013-09-01T00:00:00,8.176228564449056,xiaodiehu,"{""type"":""MultiPoint"",""coordinates"":[]}"
345,2013-10-01T00:00:00,8.625654592740407,xiaodiehu,"{""type"":""MultiPoint"",""coordinates"":[]}"
346,2013-11-01T00:00:00,9.13024407175652,xiaodiehu,"{""type"":""MultiPoint"",""coordinates"":[]}"
347,2013-12-01T00:00:00,0.0,xiaodiehu,"{""type"":""MultiPoint"",""coordinates"":[]}"
348,2014-01-01T00:00:00,9.752674275162283,xiaodiehu,"{""type"":""MultiPoint"",""coordinates"":[]}"
349,2014-02-01T00:00:00,0.0,xiaodiehu,"{""type"":""MultiPoint"",""coordinates"":[]}"
350,2014-03-01T00:00:00,0.0,xiaodiehu,"{""type"":""MultiPoint"",""coordinates"":[]}"
351,2014-04-01T00:00:00,7.849165905049882,xiaodiehu,"{""type"":""MultiPoint"",""coordinates"":[]}"
352,2014-05-01T00:00:00,8.499649131843597,xiaodiehu,"{""type"":""MultiPoint"",""coordinates"":[]}"
353,2014-06-01T00:00:00,0.0,xiaodiehu,"{""type"":""MultiPoint"",""coordinates"":[]}"
354,2014-07-01T00:00:00,4.106827912292481,xiaodiehu,"{""type"":""MultiPoint"",""coordinates"":[]}"
355,2014-08-01T00:00:00,5.87775474516386,xiaodiehu,"{""type"":""MultiPoint"",""coordinates"":[]}"
356,2014-09-01T00:00:00,8.345462860101676,xiaodiehu,"{""type"":""MultiPoint"",""coordinates"":[]}"
357,2014-10-01T00:00:00,8.530628010889629,xiaodiehu,"{""type"":""MultiPoint"",""coordinates"":[]}"
358,2014-11-01T00:00:00,0.0,xiaodiehu,"{""type"":""MultiPoint"",""coordinates"":[]}"
359,2014-12-01T00:00:00,0.0,xiaodiehu,"{""type"":""MultiPoint"",""coordinates"":[]}"
360,2015-01-01T00:00:00,0.0,xiaodiehu,"{""type"":""MultiPoint"",""coordinates"":[]}"
361,2015-02-01T00:00:00,0.0,xiaodiehu,"{""type"":""MultiPoint"",""coordinates"":[]}"
362,2015-03-01T00:00:00,9.254803346351773,xiaodiehu,"{""type"":""MultiPoint"",""coordinates"":[]}"
363,2015-04-01T00:00:00,4.151831058898925,xiaodiehu,"{""type"":""MultiPoint"",""coordinates"":[]}"
364,2015-05-01T00:00:00,3.187767629699707,xiaodiehu,"{""type"":""MultiPoint"",""coordinates"":[]}"
365,2015-06-01T00:00:00,0.3597211986694336,xiaodiehu,"{""type"":""MultiPoint"",""coordinates"":[]}"
366,2015-07-01T00:00:00,7.873024674881759,xiaodiehu,"{""type"":""MultiPoint"",""coordinates"":[]}"
367,2015-08-01T00:00:00,8.178548668705002,xiaodiehu,"{""type"":""MultiPoint"",""coordinates"":[]}"
368,2015-09-01T00:00:00,6.962164739128083,xiaodiehu,"{""type"":""MultiPoint"",""coordinates"":[]}"
369,2015-10-01T00:00:00,8.067515845716528,xiaodiehu,"{""type"":""MultiPoint"",""coordinates"":[]}"
370,2015-11-01T00:00:00,9.10610002452632,xiaodiehu,"{""type"":""MultiPoint"",""coordinates"":[]}"
371,2015-12-01T00:00:00,0.0,xiaodiehu,"{""type"":""MultiPoint"",""coordinates"":[]}"
372,2016-01-01T00:00:00,0.0,xiaodiehu,"{""type"":""MultiPoint"",""coordinates"":[]}"
373,2016-02-01T00:00:00,8.540121190773158,xiaodiehu,"{""type"":""MultiPoint"",""coordinates"":[]}"
374,2016-03-01T00:00:00,9.252842703822475,xiaodiehu,"{""type"":""MultiPoint"",""coordinates"":[]}"
375,2016-04-01T00:00:00,6.668607022086586,xiaodiehu,"{""type"":""MultiPoint"",""coordinates"":[]}"
376,2016-05-01T00:00:00,6.696252440052228,xiaodiehu,"{""type"":""MultiPoint"",""coordinates"":[]}"
377,2016-06-01T00:00:00,6.9566011955647795,xiaodiehu,"{""type"":""MultiPoint"",""coordinates"":[]}"
378,2016-07-01T00:00:00,9.89797919013672,xiaodiehu,"{""type"":""MultiPoint"",""coordinates"":[]}"
379,2016-08-01T00:00:00,5.44216348820681,xiaodiehu,"{""type"":""MultiPoint"",""coordinates"":[]}"
380,2016-09-01T00:00:00,8.775404521097105,xiaodiehu,"{""type"":""MultiPoint"",""coordinates"":[]}"
381,2016-10-01T00:00:00,0.009282014038085937,xiaodiehu,"{""type"":""MultiPoint"",""coordinates"":[]}"
382,2016-11-01T00:00:00,9.795100260868088,xiaodiehu,"{""type"":""MultiPoint"",""coordinates"":[]}"
383,2016-12-01T00:00:00,0.0,xiaodiehu,"{""type"":""MultiPoint"",""coordinates"":[]}"
384,2017-01-01T00:00:00,0.0,xiaodiehu,"{""type"":""MultiPoint"",""coordinates"":[]}"
385,2017-02-01T00:00:00,10.082797853214998,xiaodiehu,"{""type"":""MultiPoint"",""coordinates"":[]}"
386,2017-03-01T00:00:00,0.14095590648121553,xiaodiehu,"{""type"":""MultiPoint"",""coordinates"":[]}"
387,2017-04-01T00:00:00,8.64469994434815,xiaodiehu,"{""type"":""MultiPoint"",""coordinates"":[]}"
388,2017-05-01T00:00:00,0.0,xiaodiehu,"{""type"":""MultiPoint"",""coordinates"":[]}"
389,2017-06-01T00:00:00,4.272659328471824,xiaodiehu,"{""type"":""MultiPoint"",""coordinates"":[]}"
390,2017-07-01T00:00:00,8.641488891924213,xiaodiehu,"{""type"":""MultiPoint"",""coordinates"":[]}"
391,2017-08-01T00:00:00,8.41149272324554,xiaodiehu,"{""type"":""MultiPoint"",""coordinates"":[]}"
392,2017-09-01T00:00:00,5.889999883017626,xiaodiehu,"{""type"":""MultiPoint"",""coordinates"":[]}"
393,2017-10-01T00:00:00,9.267534861646228,xiaodiehu,"{""type"":""MultiPoint"",""coordinates"":[]}"
394,2017-11-01T00:00:00,9.212971758607397,xiaodiehu,"{""type"":""MultiPoint"",""coordinates"":[]}"
395,2017-12-01T00:00:00,0.0,xiaodiehu,"{""type"":""MultiPoint"",""coordinates"":[]}"
396,2018-01-01T00:00:00,0.0,xiaodiehu,"{""type"":""MultiPoint"",""coordinates"":[]}"
397,2018-02-01T00:00:00,9.876655164699423,xiaodiehu,"{""type"":""MultiPoint"",""coordinates"":[]}"
398,2018-03-01T00:00:00,9.586267358073158,xiaodiehu,"{""type"":""MultiPoint"",""coordinates"":[]}"
399,2018-04-01T00:00:00,8.938686037202245,xiaodiehu,"{""type"":""MultiPoint"",""coordinates"":[]}"
400,2018-05-01T00:00:00,0.0,xiaodiehu,"{""type"":""MultiPoint"",""coordinates"":[]}"
401,2018-06-01T00:00:00,8.324331741455559,xiaodiehu,"{""type"":""MultiPoint"",""coordinates"":[]}"
402,2018-07-01T00:00:00,8.195331204555858,xiaodiehu,"{""type"":""MultiPoint"",""coordinates"":[]}"
403,2018-08-01T00:00:00,7.181836816304525,xiaodiehu,"{""type"":""MultiPoint"",""coordinates"":[]}"
404,2018-09-01T00:00:00,8.157351704619286,xiaodiehu,"{""type"":""MultiPoint"",""coordinates"":[]}"
405,2018-10-01T00:00:00,4.973956139105103,xiaodiehu,"{""type"":""MultiPoint"",""coordinates"":[]}"
406,2018-11-01T00:00:00,9.290717100011733,xiaodiehu,"{""type"":""MultiPoint"",""coordinates"":[]}"
407,2018-12-01T00:00:00,0.0,xiaodiehu,"{""type"":""MultiPoint"",""coordinates"":[]}"
408,2019-01-01T00:00:00,0.0,xiaodiehu,"{""type"":""MultiPoint"",""coordinates"":[]}"
409,2019-02-01T00:00:00,0.15394157104492187,xiaodiehu,"{""type"":""MultiPoint"",""coordinates"":[]}"
410,2019-03-01T00:00:00,8.883903907342654,xiaodiehu,"{""type"":""MultiPoint"",""coordinates"":[]}"
411,2019-04-01T00:00:00,7.246912744698078,xiaodiehu,"{""type"":""MultiPoint"",""coordinates"":[]}"
412,2019-05-01T00:00:00,0.005414929992675782,xiaodiehu,"{""type"":""MultiPoint"",""coordinates"":[]}"
413,2019-06-01T00:00:00,8.345944003452198,xiaodiehu,"{""type"":""MultiPoint"",""coordinates"":[]}"
414,2019-07-01T00:00:00,6.423508794843367,xiaodiehu,"{""type"":""MultiPoint"",""coordinates"":[]}"
415,2019-08-01T00:00:00,8.217121849199604,xiaodiehu,"{""type"":""MultiPoint"",""coordinates"":[]}"
416,2019-09-01T00:00:00,6.233668304335411,xiaodiehu,"{""type"":""MultiPoint"",""coordinates"":[]}"
417,2019-10-01T00:00:00,8.25192019732738,xiaodiehu,"{""type"":""MultiPoint"",""coordinates"":[]}"
418,2019-11-01T00:00:00,8.155579375323128,xiaodiehu,"{""type"":""MultiPoint"",""coordinates"":[]}"
419,2019-12-01T00:00:00,0.0,xiaodiehu,"{""type"":""MultiPoint"",""coordinates"":[]}"
420,2020-01-01T00:00:00,0.0,xiaodiehu,"{""type"":""MultiPoint"",""coordinates"":[]}"
421,2020-02-01T00:00:00,9.880397888415766,xiaodiehu,"{""type"":""MultiPoint"",""coordinates"":[]}"
422,2020-03-01T00:00:00,7.696789349482517,xiaodiehu,"{""type"":""MultiPoint"",""coordinates"":[]}"
423,2020-04-01T00:00:00,8.905834052094106,xiaodiehu,"{""type"":""MultiPoint"",""coordinates"":[]}"
424,2020-05-01T00:00:00,6.939464541409123,xiaodiehu,"{""type"":""MultiPoint"",""coordinates"":[]}"
425,2020-06-01T00:00:00,6.675321016008923,xiaodiehu,"{""type"":""MultiPoint"",""coordinates"":[]}"
426,2020-07-01T00:00:00,0.5778042616577148,xiaodiehu,"{""type"":""MultiPoint"",""coordinates"":[]}"
427,2020-08-01T00:00:00,9.886510361115826,xiaodiehu,"{""type"":""MultiPoint"",""coordinates"":[]}"
428,2020-09-01T00:00:00,7.257175863520844,xiaodiehu,"{""type"":""MultiPoint"",""coordinates"":[]}"
429,2020-10-01T00:00:00,8.588485981363938,xiaodiehu,"{""type"":""MultiPoint"",""coordinates"":[]}"
430,2020-11-01T00:00:00,0.0,xiaodiehu,"{""type"":""MultiPoint"",""coordinates"":[]}"
431,2020-12-01T00:00:00,0.0,xiaodiehu,"{""type"":""MultiPoint"",""coordinates"":[]}"
