system:index,Date,area_km2,lake,.geo
0,1985-01-01T00:00:00,0.0,yanjiahu,"{""type"":""MultiPoint"",""coordinates"":[]}"
1,1985-02-01T00:00:00,0.0,yanjiahu,"{""type"":""MultiPoint"",""coordinates"":[]}"
2,1985-03-01T00:00:00,0.0,yanjiahu,"{""type"":""MultiPoint"",""coordinates"":[]}"
3,1985-04-01T00:00:00,0.0,yanjiahu,"{""type"":""MultiPoint"",""coordinates"":[]}"
4,1985-05-01T00:00:00,0.0,yanjiahu,"{""type"":""MultiPoint"",""coordinates"":[]}"
5,1985-06-01T00:00:00,0.0,yanjiahu,"{""type"":""MultiPoint"",""coordinates"":[]}"
6,1985-07-01T00:00:00,0.0,yanjiahu,"{""type"":""MultiPoint"",""coordinates"":[]}"
7,1985-08-01T00:00:00,0.0,yanjiahu,"{""type"":""MultiPoint"",""coordinates"":[]}"
8,1985-09-01T00:00:00,0.0,yanjiahu,"{""type"":""MultiPoint"",""coordinates"":[]}"
9,1985-10-01T00:00:00,0.0,yanjiahu,"{""type"":""MultiPoint"",""coordinates"":[]}"
10,1985-11-01T00:00:00,0.0,yanjiahu,"{""type"":""MultiPoint"",""coordinates"":[]}"
11,1985-12-01T00:00:00,0.0,yanjiahu,"{""type"":""MultiPoint"",""coordinates"":[]}"
12,1986-01-01T00:00:00,0.0,yanjiahu,"{""type"":""MultiPoint"",""coordinates"":[]}"
13,1986-02-01T00:00:00,0.0,yanjiahu,"{""type"":""MultiPoint"",""coordinates"":[]}"
14,1986-03-01T00:00:00,0.0,yanjiahu,"{""type"":""MultiPoint"",""coordinates"":[]}"
15,1986-04-01T00:00:00,0.0,yanjiahu,"{""type"":""MultiPoint"",""coordinates"":[]}"
16,1986-05-01T00:00:00,0.0,yanjiahu,"{""type"":""MultiPoint"",""coordinates"":[]}"
17,1986-06-01T00:00:00,0.0,yanjiahu,"{""type"":""MultiPoint"",""coordinates"":[]}"
18,1986-07-01T00:00:00,0.0,yanjiahu,"{""type"":""MultiPoint"",""coordinates"":[]}"
19,1986-08-01T00:00:00,0.0,yanjiahu,"{""type"":""MultiPoint"",""coordinates"":[]}"
20,1986-09-01T00:00:00,0.0,yanjiahu,"{""type"":""MultiPoint"",""coordinates"":[]}"
21,1986-10-01T00:00:00,0.0,yanjiahu,"{""type"":""MultiPoint"",""coordinates"":[]}"
22,1986-11-01T00:00:00,0.0,yanjiahu,"{""type"":""MultiPoint"",""coordinates"":[]}"
23,1986-12-01T00:00:00,0.0,yanjiahu,"{""type"":""MultiPoint"",""coordinates"":[]}"
24,1987-01-01T00:00:00,0.0,yanjiahu,"{""type"":""MultiPoint"",""coordinates"":[]}"
25,1987-02-01T00:00:00,0.0,yanjiahu,"{""type"":""MultiPoint"",""coordinates"":[]}"
26,1987-03-01T00:00:00,0.0,yanjiahu,"{""type"":""MultiPoint"",""coordinates"":[]}"
27,1987-04-01T00:00:00,0.0,yanjiahu,"{""type"":""MultiPoint"",""coordinates"":[]}"
28,1987-05-01T00:00:00,0.0,yanjiahu,"{""type"":""MultiPoint"",""coordinates"":[]}"
29,1987-06-01T00:00:00,0.21029873168945312,yanjiahu,"{""type"":""MultiPoint"",""coordinates"":[]}"
30,1987-07-01T00:00:00,0.0,yanjiahu,"{""type"":""MultiPoint"",""coordinates"":[]}"
31,1987-08-01T00:00:00,0.0,yanjiahu,"{""type"":""MultiPoint"",""coordinates"":[]}"
32,1987-09-01T00:00:00,4.503024502128333,yanjiahu,"{""type"":""MultiPoint"",""coordinates"":[]}"
33,1987-10-01T00:00:00,0.0,yanjiahu,"{""type"":""MultiPoint"",""coordinates"":[]}"
34,1987-11-01T00:00:00,0.0,yanjiahu,"{""type"":""MultiPoint"",""coordinates"":[]}"
35,1987-12-01T00:00:00,0.0,yanjiahu,"{""type"":""MultiPoint"",""coordinates"":[]}"
36,1988-01-01T00:00:00,0.0,yanjiahu,"{""type"":""MultiPoint"",""coordinates"":[]}"
37,1988-02-01T00:00:00,0.0,yanjiahu,"{""type"":""MultiPoint"",""coordinates"":[]}"
38,1988-03-01T00:00:00,0.0,yanjiahu,"{""type"":""MultiPoint"",""coordinates"":[]}"
39,1988-04-01T00:00:00,0.0,yanjiahu,"{""type"":""MultiPoint"",""coordinates"":[]}"
40,1988-05-01T00:00:00,0.0,yanjiahu,"{""type"":""MultiPoint"",""coordinates"":[]}"
41,1988-06-01T00:00:00,0.0,yanjiahu,"{""type"":""MultiPoint"",""coordinates"":[]}"
42,1988-07-01T00:00:00,4.507932593082443,yanjiahu,"{""type"":""MultiPoint"",""coordinates"":[]}"
43,1988-08-01T00:00:00,0.0,yanjiahu,"{""type"":""MultiPoint"",""coordinates"":[]}"
44,1988-09-01T00:00:00,0.0,yanjiahu,"{""type"":""MultiPoint"",""coordinates"":[]}"
45,1988-10-01T00:00:00,0.0,yanjiahu,"{""type"":""MultiPoint"",""coordinates"":[]}"
46,1988-11-01T00:00:00,0.0,yanjiahu,"{""type"":""MultiPoint"",""coordinates"":[]}"
47,1988-12-01T00:00:00,0.0,yanjiahu,"{""type"":""MultiPoint"",""coordinates"":[]}"
48,1989-01-01T00:00:00,0.0,yanjiahu,"{""type"":""MultiPoint"",""coordinates"":[]}"
49,1989-02-01T00:00:00,0.0,yanjiahu,"{""type"":""MultiPoint"",""coordinates"":[]}"
50,1989-03-01T00:00:00,0.0,yanjiahu,"{""type"":""MultiPoint"",""coordinates"":[]}"
51,1989-04-01T00:00:00,0.0,yanjiahu,"{""type"":""MultiPoint"",""coordinates"":[]}"
52,1989-05-01T00:00:00,0.0,yanjiahu,"{""type"":""MultiPoint"",""coordinates"":[]}"
53,1989-06-01T00:00:00,0.0,yanjiahu,"{""type"":""MultiPoint"",""coordinates"":[]}"
54,1989-07-01T00:00:00,0.0,yanjiahu,"{""type"":""MultiPoint"",""coordinates"":[]}"
55,1989-08-01T00:00:00,0.0,yanjiahu,"{""type"":""MultiPoint"",""coordinates"":[]}"
56,1989-09-01T00:00:00,0.0,yanjiahu,"{""type"":""MultiPoint"",""coordinates"":[]}"
57,1989-10-01T00:00:00,0.0,yanjiahu,"{""type"":""MultiPoint"",""coordinates"":[]}"
58,1989-11-01T00:00:00,0.0,yanjiahu,"{""type"":""MultiPoint"",""coordinates"":[]}"
59,1989-12-01T00:00:00,0.0,yanjiahu,"{""type"":""MultiPoint"",""coordinates"":[]}"
60,1990-01-01T00:00:00,0.0,yanjiahu,"{""type"":""MultiPoint"",""coordinates"":[]}"
61,1990-02-01T00:00:00,0.0,yanjiahu,"{""type"":""MultiPoint"",""coordinates"":[]}"
62,1990-03-01T00:00:00,0.0,yanjiahu,"{""type"":""MultiPoint"",""coordinates"":[]}"
63,1990-04-01T00:00:00,0.0,yanjiahu,"{""type"":""MultiPoint"",""coordinates"":[]}"
64,1990-05-01T00:00:00,0.0,yanjiahu,"{""type"":""MultiPoint"",""coordinates"":[]}"
65,1990-06-01T00:00:00,0.0,yanjiahu,"{""type"":""MultiPoint"",""coordinates"":[]}"
66,1990-07-01T00:00:00,0.0,yanjiahu,"{""type"":""MultiPoint"",""coordinates"":[]}"
67,1990-08-01T00:00:00,0.0,yanjiahu,"{""type"":""MultiPoint"",""coordinates"":[]}"
68,1990-09-01T00:00:00,4.455609684028417,yanjiahu,"{""type"":""MultiPoint"",""coordinates"":[]}"
69,1990-10-01T00:00:00,0.0,yanjiahu,"{""type"":""MultiPoint"",""coordinates"":[]}"
70,1990-11-01T00:00:00,0.0,yanjiahu,"{""type"":""MultiPoint"",""coordinates"":[]}"
71,1990-12-01T00:00:00,0.0,yanjiahu,"{""type"":""MultiPoint"",""coordinates"":[]}"
72,1991-01-01T00:00:00,0.0,yanjiahu,"{""type"":""MultiPoint"",""coordinates"":[]}"
73,1991-02-01T00:00:00,0.0,yanjiahu,"{""type"":""MultiPoint"",""coordinates"":[]}"
74,1991-03-01T00:00:00,0.0,yanjiahu,"{""type"":""MultiPoint"",""coordinates"":[]}"
75,1991-04-01T00:00:00,0.0,yanjiahu,"{""type"":""MultiPoint"",""coordinates"":[]}"
76,1991-05-01T00:00:00,0.0,yanjiahu,"{""type"":""MultiPoint"",""coordinates"":[]}"
77,1991-06-01T00:00:00,0.0,yanjiahu,"{""type"":""MultiPoint"",""coordinates"":[]}"
78,1991-07-01T00:00:00,4.736867292271272,yanjiahu,"{""type"":""MultiPoint"",""coordinates"":[]}"
79,1991-08-01T00:00:00,0.0,yanjiahu,"{""type"":""MultiPoint"",""coordinates"":[]}"
80,1991-09-01T00:00:00,0.0,yanjiahu,"{""type"":""MultiPoint"",""coordinates"":[]}"
81,1991-10-01T00:00:00,0.0,yanjiahu,"{""type"":""MultiPoint"",""coordinates"":[]}"
82,1991-11-01T00:00:00,0.0,yanjiahu,"{""type"":""MultiPoint"",""coordinates"":[]}"
83,1991-12-01T00:00:00,0.0,yanjiahu,"{""type"":""MultiPoint"",""coordinates"":[]}"
84,1992-01-01T00:00:00,5.0183167008188265,yanjiahu,"{""type"":""MultiPoint"",""coordinates"":[]}"
85,1992-02-01T00:00:00,4.510798600309962,yanjiahu,"{""type"":""MultiPoint"",""coordinates"":[]}"
86,1992-03-01T00:00:00,0.0,yanjiahu,"{""type"":""MultiPoint"",""coordinates"":[]}"
87,1992-04-01T00:00:00,0.0,yanjiahu,"{""type"":""MultiPoint"",""coordinates"":[]}"
88,1992-05-01T00:00:00,0.0,yanjiahu,"{""type"":""MultiPoint"",""coordinates"":[]}"
89,1992-06-01T00:00:00,0.0,yanjiahu,"{""type"":""MultiPoint"",""coordinates"":[]}"
90,1992-07-01T00:00:00,3.9015180644703586,yanjiahu,"{""type"":""MultiPoint"",""coordinates"":[]}"
91,1992-08-01T00:00:00,0.0,yanjiahu,"{""type"":""MultiPoint"",""coordinates"":[]}"
92,1992-09-01T00:00:00,0.0,yanjiahu,"{""type"":""MultiPoint"",""coordinates"":[]}"
93,1992-10-01T00:00:00,4.4180759490983545,yanjiahu,"{""type"":""MultiPoint"",""coordinates"":[]}"
94,1992-11-01T00:00:00,0.0,yanjiahu,"{""type"":""MultiPoint"",""coordinates"":[]}"
95,1992-12-01T00:00:00,0.0,yanjiahu,"{""type"":""MultiPoint"",""coordinates"":[]}"
96,1993-01-01T00:00:00,0.0,yanjiahu,"{""type"":""MultiPoint"",""coordinates"":[]}"
97,1993-02-01T00:00:00,0.0,yanjiahu,"{""type"":""MultiPoint"",""coordinates"":[]}"
98,1993-03-01T00:00:00,0.0,yanjiahu,"{""type"":""MultiPoint"",""coordinates"":[]}"
99,1993-04-01T00:00:00,0.0,yanjiahu,"{""type"":""MultiPoint"",""coordinates"":[]}"
100,1993-05-01T00:00:00,0.0,yanjiahu,"{""type"":""MultiPoint"",""coordinates"":[]}"
101,1993-06-01T00:00:00,0.0,yanjiahu,"{""type"":""MultiPoint"",""coordinates"":[]}"
102,1993-07-01T00:00:00,0.0,yanjiahu,"{""type"":""MultiPoint"",""coordinates"":[]}"
103,1993-08-01T00:00:00,0.0,yanjiahu,"{""type"":""MultiPoint"",""coordinates"":[]}"
104,1993-09-01T00:00:00,0.0,yanjiahu,"{""type"":""MultiPoint"",""coordinates"":[]}"
105,1993-10-01T00:00:00,4.453373784055463,yanjiahu,"{""type"":""MultiPoint"",""coordinates"":[]}"
106,1993-11-01T00:00:00,0.0,yanjiahu,"{""type"":""MultiPoint"",""coordinates"":[]}"
107,1993-12-01T00:00:00,0.0,yanjiahu,"{""type"":""MultiPoint"",""coordinates"":[]}"
108,1994-01-01T00:00:00,0.0,yanjiahu,"{""type"":""MultiPoint"",""coordinates"":[]}"
109,1994-02-01T00:00:00,0.0,yanjiahu,"{""type"":""MultiPoint"",""coordinates"":[]}"
110,1994-03-01T00:00:00,0.0,yanjiahu,"{""type"":""MultiPoint"",""coordinates"":[]}"
111,1994-04-01T00:00:00,0.0,yanjiahu,"{""type"":""MultiPoint"",""coordinates"":[]}"
112,1994-05-01T00:00:00,0.0,yanjiahu,"{""type"":""MultiPoint"",""coordinates"":[]}"
113,1994-06-01T00:00:00,0.0,yanjiahu,"{""type"":""MultiPoint"",""coordinates"":[]}"
114,1994-07-01T00:00:00,0.0,yanjiahu,"{""type"":""MultiPoint"",""coordinates"":[]}"
115,1994-08-01T00:00:00,3.4785510119518803,yanjiahu,"{""type"":""MultiPoint"",""coordinates"":[]}"
116,1994-09-01T00:00:00,3.8342904028904337,yanjiahu,"{""type"":""MultiPoint"",""coordinates"":[]}"
117,1994-10-01T00:00:00,4.495098156907025,yanjiahu,"{""type"":""MultiPoint"",""coordinates"":[]}"
118,1994-11-01T00:00:00,0.0,yanjiahu,"{""type"":""MultiPoint"",""coordinates"":[]}"
119,1994-12-01T00:00:00,0.0,yanjiahu,"{""type"":""MultiPoint"",""coordinates"":[]}"
120,1995-01-01T00:00:00,0.0,yanjiahu,"{""type"":""MultiPoint"",""coordinates"":[]}"
121,1995-02-01T00:00:00,0.0,yanjiahu,"{""type"":""MultiPoint"",""coordinates"":[]}"
122,1995-03-01T00:00:00,0.0,yanjiahu,"{""type"":""MultiPoint"",""coordinates"":[]}"
123,1995-04-01T00:00:00,2.859354813681688,yanjiahu,"{""type"":""MultiPoint"",""coordinates"":[]}"
124,1995-05-01T00:00:00,0.003092450866699219,yanjiahu,"{""type"":""MultiPoint"",""coordinates"":[]}"
125,1995-06-01T00:00:00,4.5325709390735085,yanjiahu,"{""type"":""MultiPoint"",""coordinates"":[]}"
126,1995-07-01T00:00:00,0.0,yanjiahu,"{""type"":""MultiPoint"",""coordinates"":[]}"
127,1995-08-01T00:00:00,0.0,yanjiahu,"{""type"":""MultiPoint"",""coordinates"":[]}"
128,1995-09-01T00:00:00,0.0,yanjiahu,"{""type"":""MultiPoint"",""coordinates"":[]}"
129,1995-10-01T00:00:00,4.691139913456935,yanjiahu,"{""type"":""MultiPoint"",""coordinates"":[]}"
130,1995-11-01T00:00:00,4.388725542817237,yanjiahu,"{""type"":""MultiPoint"",""coordinates"":[]}"
131,1995-12-01T00:00:00,0.0,yanjiahu,"{""type"":""MultiPoint"",""coordinates"":[]}"
132,1996-01-01T00:00:00,2.005826332209568,yanjiahu,"{""type"":""MultiPoint"",""coordinates"":[]}"
133,1996-02-01T00:00:00,3.5128952821114328,yanjiahu,"{""type"":""MultiPoint"",""coordinates"":[]}"
134,1996-03-01T00:00:00,0.0,yanjiahu,"{""type"":""MultiPoint"",""coordinates"":[]}"
135,1996-04-01T00:00:00,0.0,yanjiahu,"{""type"":""MultiPoint"",""coordinates"":[]}"
136,1996-05-01T00:00:00,0.0,yanjiahu,"{""type"":""MultiPoint"",""coordinates"":[]}"
137,1996-06-01T00:00:00,4.340973633692842,yanjiahu,"{""type"":""MultiPoint"",""coordinates"":[]}"
138,1996-07-01T00:00:00,0.0,yanjiahu,"{""type"":""MultiPoint"",""coordinates"":[]}"
139,1996-08-01T00:00:00,1.5046559786987306,yanjiahu,"{""type"":""MultiPoint"",""coordinates"":[]}"
140,1996-09-01T00:00:00,2.553490278715246,yanjiahu,"{""type"":""MultiPoint"",""coordinates"":[]}"
141,1996-10-01T00:00:00,4.426952439630246,yanjiahu,"{""type"":""MultiPoint"",""coordinates"":[]}"
142,1996-11-01T00:00:00,0.0,yanjiahu,"{""type"":""MultiPoint"",""coordinates"":[]}"
143,1996-12-01T00:00:00,0.0,yanjiahu,"{""type"":""MultiPoint"",""coordinates"":[]}"
144,1997-01-01T00:00:00,0.0,yanjiahu,"{""type"":""MultiPoint"",""coordinates"":[]}"
145,1997-02-01T00:00:00,0.0,yanjiahu,"{""type"":""MultiPoint"",""coordinates"":[]}"
146,1997-03-01T00:00:00,0.0,yanjiahu,"{""type"":""MultiPoint"",""coordinates"":[]}"
147,1997-04-01T00:00:00,0.0,yanjiahu,"{""type"":""MultiPoint"",""coordinates"":[]}"
148,1997-05-01T00:00:00,0.0,yanjiahu,"{""type"":""MultiPoint"",""coordinates"":[]}"
149,1997-06-01T00:00:00,0.0,yanjiahu,"{""type"":""MultiPoint"",""coordinates"":[]}"
150,1997-07-01T00:00:00,0.0,yanjiahu,"{""type"":""MultiPoint"",""coordinates"":[]}"
151,1997-08-01T00:00:00,0.0,yanjiahu,"{""type"":""MultiPoint"",""coordinates"":[]}"
152,1997-09-01T00:00:00,0.0,yanjiahu,"{""type"":""MultiPoint"",""coordinates"":[]}"
153,1997-10-01T00:00:00,0.0,yanjiahu,"{""type"":""MultiPoint"",""coordinates"":[]}"
154,1997-11-01T00:00:00,0.0,yanjiahu,"{""type"":""MultiPoint"",""coordinates"":[]}"
155,1997-12-01T00:00:00,0.0,yanjiahu,"{""type"":""MultiPoint"",""coordinates"":[]}"
156,1998-01-01T00:00:00,0.0,yanjiahu,"{""type"":""MultiPoint"",""coordinates"":[]}"
157,1998-02-01T00:00:00,0.0,yanjiahu,"{""type"":""MultiPoint"",""coordinates"":[]}"
158,1998-03-01T00:00:00,0.0,yanjiahu,"{""type"":""MultiPoint"",""coordinates"":[]}"
159,1998-04-01T00:00:00,0.0,yanjiahu,"{""type"":""MultiPoint"",""coordinates"":[]}"
160,1998-05-01T00:00:00,0.0,yanjiahu,"{""type"":""MultiPoint"",""coordinates"":[]}"
161,1998-06-01T00:00:00,0.0,yanjiahu,"{""type"":""MultiPoint"",""coordinates"":[]}"
162,1998-07-01T00:00:00,0.0,yanjiahu,"{""type"":""MultiPoint"",""coordinates"":[]}"
163,1998-08-01T00:00:00,0.0,yanjiahu,"{""type"":""MultiPoint"",""coordinates"":[]}"
164,1998-09-01T00:00:00,0.0,yanjiahu,"{""type"":""MultiPoint"",""coordinates"":[]}"
165,1998-10-01T00:00:00,0.0,yanjiahu,"{""type"":""MultiPoint"",""coordinates"":[]}"
166,1998-11-01T00:00:00,0.0,yanjiahu,"{""type"":""MultiPoint"",""coordinates"":[]}"
167,1998-12-01T00:00:00,0.0,yanjiahu,"{""type"":""MultiPoint"",""coordinates"":[]}"
168,1999-01-01T00:00:00,0.0,yanjiahu,"{""type"":""MultiPoint"",""coordinates"":[]}"
169,1999-02-01T00:00:00,0.0,yanjiahu,"{""type"":""MultiPoint"",""coordinates"":[]}"
170,1999-03-01T00:00:00,0.0,yanjiahu,"{""type"":""MultiPoint"",""coordinates"":[]}"
171,1999-04-01T00:00:00,0.0,yanjiahu,"{""type"":""MultiPoint"",""coordinates"":[]}"
172,1999-05-01T00:00:00,0.0,yanjiahu,"{""type"":""MultiPoint"",""coordinates"":[]}"
173,1999-06-01T00:00:00,0.0,yanjiahu,"{""type"":""MultiPoint"",""coordinates"":[]}"
174,1999-07-01T00:00:00,0.0,yanjiahu,"{""type"":""MultiPoint"",""coordinates"":[]}"
175,1999-08-01T00:00:00,0.14044797550336052,yanjiahu,"{""type"":""MultiPoint"",""coordinates"":[]}"
176,1999-09-01T00:00:00,3.5059844780795233,yanjiahu,"{""type"":""MultiPoint"",""coordinates"":[]}"
177,1999-10-01T00:00:00,0.0,yanjiahu,"{""type"":""MultiPoint"",""coordinates"":[]}"
178,1999-11-01T00:00:00,0.0,yanjiahu,"{""type"":""MultiPoint"",""coordinates"":[]}"
179,1999-12-01T00:00:00,0.0,yanjiahu,"{""type"":""MultiPoint"",""coordinates"":[]}"
180,2000-01-01T00:00:00,4.555311922987036,yanjiahu,"{""type"":""MultiPoint"",""coordinates"":[]}"
181,2000-02-01T00:00:00,4.628103832032926,yanjiahu,"{""type"":""MultiPoint"",""coordinates"":[]}"
182,2000-03-01T00:00:00,4.496747466111845,yanjiahu,"{""type"":""MultiPoint"",""coordinates"":[]}"
183,2000-04-01T00:00:00,0.0,yanjiahu,"{""type"":""MultiPoint"",""coordinates"":[]}"
184,2000-05-01T00:00:00,3.020760521911621,yanjiahu,"{""type"":""MultiPoint"",""coordinates"":[]}"
185,2000-06-01T00:00:00,3.240871079441205,yanjiahu,"{""type"":""MultiPoint"",""coordinates"":[]}"
186,2000-07-01T00:00:00,3.570098108872357,yanjiahu,"{""type"":""MultiPoint"",""coordinates"":[]}"
187,2000-08-01T00:00:00,4.356281399677112,yanjiahu,"{""type"":""MultiPoint"",""coordinates"":[]}"
188,2000-09-01T00:00:00,4.5604797490351645,yanjiahu,"{""type"":""MultiPoint"",""coordinates"":[]}"
189,2000-10-01T00:00:00,4.673228117055134,yanjiahu,"{""type"":""MultiPoint"",""coordinates"":[]}"
190,2000-11-01T00:00:00,4.819707450485646,yanjiahu,"{""type"":""MultiPoint"",""coordinates"":[]}"
191,2000-12-01T00:00:00,0.0,yanjiahu,"{""type"":""MultiPoint"",""coordinates"":[]}"
192,2001-01-01T00:00:00,4.87383721953532,yanjiahu,"{""type"":""MultiPoint"",""coordinates"":[]}"
193,2001-02-01T00:00:00,0.02091853898183785,yanjiahu,"{""type"":""MultiPoint"",""coordinates"":[]}"
194,2001-03-01T00:00:00,4.657909232531741,yanjiahu,"{""type"":""MultiPoint"",""coordinates"":[]}"
195,2001-04-01T00:00:00,3.6601638458022174,yanjiahu,"{""type"":""MultiPoint"",""coordinates"":[]}"
196,2001-05-01T00:00:00,1.362370295349121,yanjiahu,"{""type"":""MultiPoint"",""coordinates"":[]}"
197,2001-06-01T00:00:00,2.8485316383351047,yanjiahu,"{""type"":""MultiPoint"",""coordinates"":[]}"
198,2001-07-01T00:00:00,4.4130479547013834,yanjiahu,"{""type"":""MultiPoint"",""coordinates"":[]}"
199,2001-08-01T00:00:00,0.053629253195369944,yanjiahu,"{""type"":""MultiPoint"",""coordinates"":[]}"
200,2001-09-01T00:00:00,4.1907285055539605,yanjiahu,"{""type"":""MultiPoint"",""coordinates"":[]}"
201,2001-10-01T00:00:00,4.4145534764270264,yanjiahu,"{""type"":""MultiPoint"",""coordinates"":[]}"
202,2001-11-01T00:00:00,4.7779869953606084,yanjiahu,"{""type"":""MultiPoint"",""coordinates"":[]}"
203,2001-12-01T00:00:00,0.0,yanjiahu,"{""type"":""MultiPoint"",""coordinates"":[]}"
204,2002-01-01T00:00:00,0.43244883423162733,yanjiahu,"{""type"":""MultiPoint"",""coordinates"":[]}"
205,2002-02-01T00:00:00,1.7316020666367478,yanjiahu,"{""type"":""MultiPoint"",""coordinates"":[]}"
206,2002-03-01T00:00:00,4.366853869878312,yanjiahu,"{""type"":""MultiPoint"",""coordinates"":[]}"
207,2002-04-01T00:00:00,2.3713121430664064,yanjiahu,"{""type"":""MultiPoint"",""coordinates"":[]}"
208,2002-05-01T00:00:00,4.458045638448798,yanjiahu,"{""type"":""MultiPoint"",""coordinates"":[]}"
209,2002-06-01T00:00:00,0.0,yanjiahu,"{""type"":""MultiPoint"",""coordinates"":[]}"
210,2002-07-01T00:00:00,4.3127127207912075,yanjiahu,"{""type"":""MultiPoint"",""coordinates"":[]}"
211,2002-08-01T00:00:00,4.495604134241683,yanjiahu,"{""type"":""MultiPoint"",""coordinates"":[]}"
212,2002-09-01T00:00:00,4.418624176933739,yanjiahu,"{""type"":""MultiPoint"",""coordinates"":[]}"
213,2002-10-01T00:00:00,4.740785354869169,yanjiahu,"{""type"":""MultiPoint"",""coordinates"":[]}"
214,2002-11-01T00:00:00,4.530522834651454,yanjiahu,"{""type"":""MultiPoint"",""coordinates"":[]}"
215,2002-12-01T00:00:00,0.0,yanjiahu,"{""type"":""MultiPoint"",""coordinates"":[]}"
216,2003-01-01T00:00:00,5.1113678917195635,yanjiahu,"{""type"":""MultiPoint"",""coordinates"":[]}"
217,2003-02-01T00:00:00,4.839664445255771,yanjiahu,"{""type"":""MultiPoint"",""coordinates"":[]}"
218,2003-03-01T00:00:00,4.565963439564905,yanjiahu,"{""type"":""MultiPoint"",""coordinates"":[]}"
219,2003-04-01T00:00:00,4.4431655973498785,yanjiahu,"{""type"":""MultiPoint"",""coordinates"":[]}"
220,2003-05-01T00:00:00,4.554767644414686,yanjiahu,"{""type"":""MultiPoint"",""coordinates"":[]}"
221,2003-06-01T00:00:00,0.370342766784668,yanjiahu,"{""type"":""MultiPoint"",""coordinates"":[]}"
222,2003-07-01T00:00:00,4.612624458031511,yanjiahu,"{""type"":""MultiPoint"",""coordinates"":[]}"
223,2003-08-01T00:00:00,3.914425646616978,yanjiahu,"{""type"":""MultiPoint"",""coordinates"":[]}"
224,2003-09-01T00:00:00,4.300121010981062,yanjiahu,"{""type"":""MultiPoint"",""coordinates"":[]}"
225,2003-10-01T00:00:00,4.724505301954562,yanjiahu,"{""type"":""MultiPoint"",""coordinates"":[]}"
226,2003-11-01T00:00:00,4.591072138420075,yanjiahu,"{""type"":""MultiPoint"",""coordinates"":[]}"
227,2003-12-01T00:00:00,0.0,yanjiahu,"{""type"":""MultiPoint"",""coordinates"":[]}"
228,2004-01-01T00:00:00,5.014491802753044,yanjiahu,"{""type"":""MultiPoint"",""coordinates"":[]}"
229,2004-02-01T00:00:00,4.772369790773158,yanjiahu,"{""type"":""MultiPoint"",""coordinates"":[]}"
230,2004-03-01T00:00:00,4.489785659612678,yanjiahu,"{""type"":""MultiPoint"",""coordinates"":[]}"
231,2004-04-01T00:00:00,3.9649898016781076,yanjiahu,"{""type"":""MultiPoint"",""coordinates"":[]}"
232,2004-05-01T00:00:00,3.546655530695418,yanjiahu,"{""type"":""MultiPoint"",""coordinates"":[]}"
233,2004-06-01T00:00:00,4.188773888271916,yanjiahu,"{""type"":""MultiPoint"",""coordinates"":[]}"
234,2004-07-01T00:00:00,4.313166019678214,yanjiahu,"{""type"":""MultiPoint"",""coordinates"":[]}"
235,2004-08-01T00:00:00,3.8814647825587856,yanjiahu,"{""type"":""MultiPoint"",""coordinates"":[]}"
236,2004-09-01T00:00:00,4.379934324510764,yanjiahu,"{""type"":""MultiPoint"",""coordinates"":[]}"
237,2004-10-01T00:00:00,4.722564527317902,yanjiahu,"{""type"":""MultiPoint"",""coordinates"":[]}"
238,2004-11-01T00:00:00,4.73248610567627,yanjiahu,"{""type"":""MultiPoint"",""coordinates"":[]}"
239,2004-12-01T00:00:00,0.0,yanjiahu,"{""type"":""MultiPoint"",""coordinates"":[]}"
240,2005-01-01T00:00:00,5.114689161157943,yanjiahu,"{""type"":""MultiPoint"",""coordinates"":[]}"
241,2005-02-01T00:00:00,3.0218478931992463,yanjiahu,"{""type"":""MultiPoint"",""coordinates"":[]}"
242,2005-03-01T00:00:00,4.742905392837823,yanjiahu,"{""type"":""MultiPoint"",""coordinates"":[]}"
243,2005-04-01T00:00:00,3.9401355563534004,yanjiahu,"{""type"":""MultiPoint"",""coordinates"":[]}"
244,2005-05-01T00:00:00,4.052951033691645,yanjiahu,"{""type"":""MultiPoint"",""coordinates"":[]}"
245,2005-06-01T00:00:00,3.7765295002632886,yanjiahu,"{""type"":""MultiPoint"",""coordinates"":[]}"
246,2005-07-01T00:00:00,4.204661077440688,yanjiahu,"{""type"":""MultiPoint"",""coordinates"":[]}"
247,2005-08-01T00:00:00,2.8318474832967118,yanjiahu,"{""type"":""MultiPoint"",""coordinates"":[]}"
248,2005-09-01T00:00:00,4.398202179754281,yanjiahu,"{""type"":""MultiPoint"",""coordinates"":[]}"
249,2005-10-01T00:00:00,4.49090285988985,yanjiahu,"{""type"":""MultiPoint"",""coordinates"":[]}"
250,2005-11-01T00:00:00,4.655707805894322,yanjiahu,"{""type"":""MultiPoint"",""coordinates"":[]}"
251,2005-12-01T00:00:00,0.0,yanjiahu,"{""type"":""MultiPoint"",""coordinates"":[]}"
252,2006-01-01T00:00:00,5.1549747615071615,yanjiahu,"{""type"":""MultiPoint"",""coordinates"":[]}"
253,2006-02-01T00:00:00,0.36160912356292124,yanjiahu,"{""type"":""MultiPoint"",""coordinates"":[]}"
254,2006-03-01T00:00:00,4.644227910909494,yanjiahu,"{""type"":""MultiPoint"",""coordinates"":[]}"
255,2006-04-01T00:00:00,3.3995389416503907,yanjiahu,"{""type"":""MultiPoint"",""coordinates"":[]}"
256,2006-05-01T00:00:00,2.9224942674986596,yanjiahu,"{""type"":""MultiPoint"",""coordinates"":[]}"
257,2006-06-01T00:00:00,4.222074819210756,yanjiahu,"{""type"":""MultiPoint"",""coordinates"":[]}"
258,2006-07-01T00:00:00,3.5435929822299137,yanjiahu,"{""type"":""MultiPoint"",""coordinates"":[]}"
259,2006-08-01T00:00:00,3.537414732013538,yanjiahu,"{""type"":""MultiPoint"",""coordinates"":[]}"
260,2006-09-01T00:00:00,3.1160852411953797,yanjiahu,"{""type"":""MultiPoint"",""coordinates"":[]}"
261,2006-10-01T00:00:00,4.642494287259925,yanjiahu,"{""type"":""MultiPoint"",""coordinates"":[]}"
262,2006-11-01T00:00:00,4.5568285696600235,yanjiahu,"{""type"":""MultiPoint"",""coordinates"":[]}"
263,2006-12-01T00:00:00,0.0,yanjiahu,"{""type"":""MultiPoint"",""coordinates"":[]}"
264,2007-01-01T00:00:00,4.887682687621594,yanjiahu,"{""type"":""MultiPoint"",""coordinates"":[]}"
265,2007-02-01T00:00:00,4.809124772361848,yanjiahu,"{""type"":""MultiPoint"",""coordinates"":[]}"
266,2007-03-01T00:00:00,4.522296370661477,yanjiahu,"{""type"":""MultiPoint"",""coordinates"":[]}"
267,2007-04-01T00:00:00,4.27502709838939,yanjiahu,"{""type"":""MultiPoint"",""coordinates"":[]}"
268,2007-05-01T00:00:00,4.178603357978611,yanjiahu,"{""type"":""MultiPoint"",""coordinates"":[]}"
269,2007-06-01T00:00:00,0.029378272216796876,yanjiahu,"{""type"":""MultiPoint"",""coordinates"":[]}"
270,2007-07-01T00:00:00,3.9812357991993625,yanjiahu,"{""type"":""MultiPoint"",""coordinates"":[]}"
271,2007-08-01T00:00:00,4.2344444768310545,yanjiahu,"{""type"":""MultiPoint"",""coordinates"":[]}"
272,2007-09-01T00:00:00,3.29931254163962,yanjiahu,"{""type"":""MultiPoint"",""coordinates"":[]}"
273,2007-10-01T00:00:00,2.2669454072090898,yanjiahu,"{""type"":""MultiPoint"",""coordinates"":[]}"
274,2007-11-01T00:00:00,4.73022718385345,yanjiahu,"{""type"":""MultiPoint"",""coordinates"":[]}"
275,2007-12-01T00:00:00,0.0,yanjiahu,"{""type"":""MultiPoint"",""coordinates"":[]}"
276,2008-01-01T00:00:00,0.0,yanjiahu,"{""type"":""MultiPoint"",""coordinates"":[]}"
277,2008-02-01T00:00:00,5.000390173828606,yanjiahu,"{""type"":""MultiPoint"",""coordinates"":[]}"
278,2008-03-01T00:00:00,4.769775143463256,yanjiahu,"{""type"":""MultiPoint"",""coordinates"":[]}"
279,2008-04-01T00:00:00,4.107020173072725,yanjiahu,"{""type"":""MultiPoint"",""coordinates"":[]}"
280,2008-05-01T00:00:00,3.1290117994995117,yanjiahu,"{""type"":""MultiPoint"",""coordinates"":[]}"
281,2008-06-01T00:00:00,0.0,yanjiahu,"{""type"":""MultiPoint"",""coordinates"":[]}"
282,2008-07-01T00:00:00,3.5512253505533855,yanjiahu,"{""type"":""MultiPoint"",""coordinates"":[]}"
283,2008-08-01T00:00:00,3.3336736988666607,yanjiahu,"{""type"":""MultiPoint"",""coordinates"":[]}"
284,2008-09-01T00:00:00,0.8219862439568016,yanjiahu,"{""type"":""MultiPoint"",""coordinates"":[]}"
285,2008-10-01T00:00:00,4.3485857262714465,yanjiahu,"{""type"":""MultiPoint"",""coordinates"":[]}"
286,2008-11-01T00:00:00,3.956686373445639,yanjiahu,"{""type"":""MultiPoint"",""coordinates"":[]}"
287,2008-12-01T00:00:00,0.0,yanjiahu,"{""type"":""MultiPoint"",""coordinates"":[]}"
288,2009-01-01T00:00:00,4.80017833807756,yanjiahu,"{""type"":""MultiPoint"",""coordinates"":[]}"
289,2009-02-01T00:00:00,4.748068971124389,yanjiahu,"{""type"":""MultiPoint"",""coordinates"":[]}"
290,2009-03-01T00:00:00,4.587472349487305,yanjiahu,"{""type"":""MultiPoint"",""coordinates"":[]}"
291,2009-04-01T00:00:00,4.347118204482853,yanjiahu,"{""type"":""MultiPoint"",""coordinates"":[]}"
292,2009-05-01T00:00:00,4.287055986185231,yanjiahu,"{""type"":""MultiPoint"",""coordinates"":[]}"
293,2009-06-01T00:00:00,4.268063254573328,yanjiahu,"{""type"":""MultiPoint"",""coordinates"":[]}"
294,2009-07-01T00:00:00,4.323691173831238,yanjiahu,"{""type"":""MultiPoint"",""coordinates"":[]}"
295,2009-08-01T00:00:00,3.8570146559551164,yanjiahu,"{""type"":""MultiPoint"",""coordinates"":[]}"
296,2009-09-01T00:00:00,4.167166685383637,yanjiahu,"{""type"":""MultiPoint"",""coordinates"":[]}"
297,2009-10-01T00:00:00,4.5260880510737405,yanjiahu,"{""type"":""MultiPoint"",""coordinates"":[]}"
298,2009-11-01T00:00:00,4.76993709813017,yanjiahu,"{""type"":""MultiPoint"",""coordinates"":[]}"
299,2009-12-01T00:00:00,0.0,yanjiahu,"{""type"":""MultiPoint"",""coordinates"":[]}"
300,2010-01-01T00:00:00,5.135472333779489,yanjiahu,"{""type"":""MultiPoint"",""coordinates"":[]}"
301,2010-02-01T00:00:00,4.886971551890175,yanjiahu,"{""type"":""MultiPoint"",""coordinates"":[]}"
302,2010-03-01T00:00:00,4.7104634714386595,yanjiahu,"{""type"":""MultiPoint"",""coordinates"":[]}"
303,2010-04-01T00:00:00,0.0943104614868164,yanjiahu,"{""type"":""MultiPoint"",""coordinates"":[]}"
304,2010-05-01T00:00:00,0.0,yanjiahu,"{""type"":""MultiPoint"",""coordinates"":[]}"
305,2010-06-01T00:00:00,1.2579692763671875,yanjiahu,"{""type"":""MultiPoint"",""coordinates"":[]}"
306,2010-07-01T00:00:00,2.0658859425865024,yanjiahu,"{""type"":""MultiPoint"",""coordinates"":[]}"
307,2010-08-01T00:00:00,3.6658559643391926,yanjiahu,"{""type"":""MultiPoint"",""coordinates"":[]}"
308,2010-09-01T00:00:00,3.589659961098107,yanjiahu,"{""type"":""MultiPoint"",""coordinates"":[]}"
309,2010-10-01T00:00:00,4.594928682200235,yanjiahu,"{""type"":""MultiPoint"",""coordinates"":[]}"
310,2010-11-01T00:00:00,4.758688986562932,yanjiahu,"{""type"":""MultiPoint"",""coordinates"":[]}"
311,2010-12-01T00:00:00,0.0,yanjiahu,"{""type"":""MultiPoint"",""coordinates"":[]}"
312,2011-01-01T00:00:00,5.197068656674853,yanjiahu,"{""type"":""MultiPoint"",""coordinates"":[]}"
313,2011-02-01T00:00:00,5.043608716879212,yanjiahu,"{""type"":""MultiPoint"",""coordinates"":[]}"
314,2011-03-01T00:00:00,4.83808036259981,yanjiahu,"{""type"":""MultiPoint"",""coordinates"":[]}"
315,2011-04-01T00:00:00,1.523822440246582,yanjiahu,"{""type"":""MultiPoint"",""coordinates"":[]}"
316,2011-05-01T00:00:00,2.9010927423315906,yanjiahu,"{""type"":""MultiPoint"",""coordinates"":[]}"
317,2011-06-01T00:00:00,4.130883409080595,yanjiahu,"{""type"":""MultiPoint"",""coordinates"":[]}"
318,2011-07-01T00:00:00,0.4684897099989947,yanjiahu,"{""type"":""MultiPoint"",""coordinates"":[]}"
319,2011-08-01T00:00:00,4.154763463786047,yanjiahu,"{""type"":""MultiPoint"",""coordinates"":[]}"
320,2011-09-01T00:00:00,4.231046382244514,yanjiahu,"{""type"":""MultiPoint"",""coordinates"":[]}"
321,2011-10-01T00:00:00,4.251463958482209,yanjiahu,"{""type"":""MultiPoint"",""coordinates"":[]}"
322,2011-11-01T00:00:00,4.396765495410635,yanjiahu,"{""type"":""MultiPoint"",""coordinates"":[]}"
323,2011-12-01T00:00:00,0.0,yanjiahu,"{""type"":""MultiPoint"",""coordinates"":[]}"
324,2012-01-01T00:00:00,5.019588463769292,yanjiahu,"{""type"":""MultiPoint"",""coordinates"":[]}"
325,2012-02-01T00:00:00,3.177576396704101,yanjiahu,"{""type"":""MultiPoint"",""coordinates"":[]}"
326,2012-03-01T00:00:00,3.262390762933229,yanjiahu,"{""type"":""MultiPoint"",""coordinates"":[]}"
327,2012-04-01T00:00:00,0.0,yanjiahu,"{""type"":""MultiPoint"",""coordinates"":[]}"
328,2012-05-01T00:00:00,3.0622388748815195,yanjiahu,"{""type"":""MultiPoint"",""coordinates"":[]}"
329,2012-06-01T00:00:00,1.9004606942749023,yanjiahu,"{""type"":""MultiPoint"",""coordinates"":[]}"
330,2012-07-01T00:00:00,3.1455128193780637,yanjiahu,"{""type"":""MultiPoint"",""coordinates"":[]}"
331,2012-08-01T00:00:00,0.0,yanjiahu,"{""type"":""MultiPoint"",""coordinates"":[]}"
332,2012-09-01T00:00:00,1.745770107618863,yanjiahu,"{""type"":""MultiPoint"",""coordinates"":[]}"
333,2012-10-01T00:00:00,3.7861128949345613,yanjiahu,"{""type"":""MultiPoint"",""coordinates"":[]}"
334,2012-11-01T00:00:00,2.9809879846423577,yanjiahu,"{""type"":""MultiPoint"",""coordinates"":[]}"
335,2012-12-01T00:00:00,0.0,yanjiahu,"{""type"":""MultiPoint"",""coordinates"":[]}"
336,2013-01-01T00:00:00,3.4809195784754134,yanjiahu,"{""type"":""MultiPoint"",""coordinates"":[]}"
337,2013-02-01T00:00:00,0.09098336861859489,yanjiahu,"{""type"":""MultiPoint"",""coordinates"":[]}"
338,2013-03-01T00:00:00,0.0,yanjiahu,"{""type"":""MultiPoint"",""coordinates"":[]}"
339,2013-04-01T00:00:00,4.109488877792778,yanjiahu,"{""type"":""MultiPoint"",""coordinates"":[]}"
340,2013-05-01T00:00:00,4.2910765712483725,yanjiahu,"{""type"":""MultiPoint"",""coordinates"":[]}"
341,2013-06-01T00:00:00,3.2070581302236527,yanjiahu,"{""type"":""MultiPoint"",""coordinates"":[]}"
342,2013-07-01T00:00:00,4.401207514019417,yanjiahu,"{""type"":""MultiPoint"",""coordinates"":[]}"
343,2013-08-01T00:00:00,4.344248254664043,yanjiahu,"{""type"":""MultiPoint"",""coordinates"":[]}"
344,2013-09-01T00:00:00,4.240464705125517,yanjiahu,"{""type"":""MultiPoint"",""coordinates"":[]}"
345,2013-10-01T00:00:00,4.491638166972082,yanjiahu,"{""type"":""MultiPoint"",""coordinates"":[]}"
346,2013-11-01T00:00:00,4.6842104362218535,yanjiahu,"{""type"":""MultiPoint"",""coordinates"":[]}"
347,2013-12-01T00:00:00,0.0,yanjiahu,"{""type"":""MultiPoint"",""coordinates"":[]}"
348,2014-01-01T00:00:00,5.040199934530342,yanjiahu,"{""type"":""MultiPoint"",""coordinates"":[]}"
349,2014-02-01T00:00:00,4.886253328669531,yanjiahu,"{""type"":""MultiPoint"",""coordinates"":[]}"
350,2014-03-01T00:00:00,4.729467011690268,yanjiahu,"{""type"":""MultiPoint"",""coordinates"":[]}"
351,2014-04-01T00:00:00,4.344921866228649,yanjiahu,"{""type"":""MultiPoint"",""coordinates"":[]}"
352,2014-05-01T00:00:00,3.9412049093656654,yanjiahu,"{""type"":""MultiPoint"",""coordinates"":[]}"
353,2014-06-01T00:00:00,0.0,yanjiahu,"{""type"":""MultiPoint"",""coordinates"":[]}"
354,2014-07-01T00:00:00,3.7189006155780864,yanjiahu,"{""type"":""MultiPoint"",""coordinates"":[]}"
355,2014-08-01T00:00:00,4.043459204071404,yanjiahu,"{""type"":""MultiPoint"",""coordinates"":[]}"
356,2014-09-01T00:00:00,4.154764462675925,yanjiahu,"{""type"":""MultiPoint"",""coordinates"":[]}"
357,2014-10-01T00:00:00,4.5331267718058275,yanjiahu,"{""type"":""MultiPoint"",""coordinates"":[]}"
358,2014-11-01T00:00:00,0.0,yanjiahu,"{""type"":""MultiPoint"",""coordinates"":[]}"
359,2014-12-01T00:00:00,0.0,yanjiahu,"{""type"":""MultiPoint"",""coordinates"":[]}"
360,2015-01-01T00:00:00,0.15187266990655635,yanjiahu,"{""type"":""MultiPoint"",""coordinates"":[]}"
361,2015-02-01T00:00:00,3.133799907644713,yanjiahu,"{""type"":""MultiPoint"",""coordinates"":[]}"
362,2015-03-01T00:00:00,4.503108350797287,yanjiahu,"{""type"":""MultiPoint"",""coordinates"":[]}"
363,2015-04-01T00:00:00,3.0255415819541778,yanjiahu,"{""type"":""MultiPoint"",""coordinates"":[]}"
364,2015-05-01T00:00:00,2.028029026428223,yanjiahu,"{""type"":""MultiPoint"",""coordinates"":[]}"
365,2015-06-01T00:00:00,4.282010619712202,yanjiahu,"{""type"":""MultiPoint"",""coordinates"":[]}"
366,2015-07-01T00:00:00,4.364600193989115,yanjiahu,"{""type"":""MultiPoint"",""coordinates"":[]}"
367,2015-08-01T00:00:00,4.24598919573855,yanjiahu,"{""type"":""MultiPoint"",""coordinates"":[]}"
368,2015-09-01T00:00:00,4.185245882162656,yanjiahu,"{""type"":""MultiPoint"",""coordinates"":[]}"
369,2015-10-01T00:00:00,4.5540492087244395,yanjiahu,"{""type"":""MultiPoint"",""coordinates"":[]}"
370,2015-11-01T00:00:00,4.657563729298315,yanjiahu,"{""type"":""MultiPoint"",""coordinates"":[]}"
371,2015-12-01T00:00:00,0.0,yanjiahu,"{""type"":""MultiPoint"",""coordinates"":[]}"
372,2016-01-01T00:00:00,0.0,yanjiahu,"{""type"":""MultiPoint"",""coordinates"":[]}"
373,2016-02-01T00:00:00,4.8084069342874,yanjiahu,"{""type"":""MultiPoint"",""coordinates"":[]}"
374,2016-03-01T00:00:00,4.711273588480874,yanjiahu,"{""type"":""MultiPoint"",""coordinates"":[]}"
375,2016-04-01T00:00:00,4.456544107456821,yanjiahu,"{""type"":""MultiPoint"",""coordinates"":[]}"
376,2016-05-01T00:00:00,1.9438251567263136,yanjiahu,"{""type"":""MultiPoint"",""coordinates"":[]}"
377,2016-06-01T00:00:00,4.193199384074851,yanjiahu,"{""type"":""MultiPoint"",""coordinates"":[]}"
378,2016-07-01T00:00:00,4.736606568653782,yanjiahu,"{""type"":""MultiPoint"",""coordinates"":[]}"
379,2016-08-01T00:00:00,4.37348167997664,yanjiahu,"{""type"":""MultiPoint"",""coordinates"":[]}"
380,2016-09-01T00:00:00,4.678969260275451,yanjiahu,"{""type"":""MultiPoint"",""coordinates"":[]}"
381,2016-10-01T00:00:00,4.534856335914763,yanjiahu,"{""type"":""MultiPoint"",""coordinates"":[]}"
382,2016-11-01T00:00:00,4.8490484591040515,yanjiahu,"{""type"":""MultiPoint"",""coordinates"":[]}"
383,2016-12-01T00:00:00,0.0,yanjiahu,"{""type"":""MultiPoint"",""coordinates"":[]}"
384,2017-01-01T00:00:00,0.02551176428222656,yanjiahu,"{""type"":""MultiPoint"",""coordinates"":[]}"
385,2017-02-01T00:00:00,4.970732031233486,yanjiahu,"{""type"":""MultiPoint"",""coordinates"":[]}"
386,2017-03-01T00:00:00,1.5506539153353824,yanjiahu,"{""type"":""MultiPoint"",""coordinates"":[]}"
387,2017-04-01T00:00:00,4.522703974153886,yanjiahu,"{""type"":""MultiPoint"",""coordinates"":[]}"
388,2017-05-01T00:00:00,2.5373732780993894,yanjiahu,"{""type"":""MultiPoint"",""coordinates"":[]}"
389,2017-06-01T00:00:00,2.7881584062076343,yanjiahu,"{""type"":""MultiPoint"",""coordinates"":[]}"
390,2017-07-01T00:00:00,4.4344829298576816,yanjiahu,"{""type"":""MultiPoint"",""coordinates"":[]}"
391,2017-08-01T00:00:00,4.411892855008474,yanjiahu,"{""type"":""MultiPoint"",""coordinates"":[]}"
392,2017-09-01T00:00:00,4.012066707059015,yanjiahu,"{""type"":""MultiPoint"",""coordinates"":[]}"
393,2017-10-01T00:00:00,4.621267367719106,yanjiahu,"{""type"":""MultiPoint"",""coordinates"":[]}"
394,2017-11-01T00:00:00,4.689351519179164,yanjiahu,"{""type"":""MultiPoint"",""coordinates"":[]}"
395,2017-12-01T00:00:00,0.0,yanjiahu,"{""type"":""MultiPoint"",""coordinates"":[]}"
396,2018-01-01T00:00:00,0.0,yanjiahu,"{""type"":""MultiPoint"",""coordinates"":[]}"
397,2018-02-01T00:00:00,4.982458472877175,yanjiahu,"{""type"":""MultiPoint"",""coordinates"":[]}"
398,2018-03-01T00:00:00,4.713202373711561,yanjiahu,"{""type"":""MultiPoint"",""coordinates"":[]}"
399,2018-04-01T00:00:00,4.531044445590629,yanjiahu,"{""type"":""MultiPoint"",""coordinates"":[]}"
400,2018-05-01T00:00:00,0.004638641784667968,yanjiahu,"{""type"":""MultiPoint"",""coordinates"":[]}"
401,2018-06-01T00:00:00,4.269252619875441,yanjiahu,"{""type"":""MultiPoint"",""coordinates"":[]}"
402,2018-07-01T00:00:00,4.508443733354877,yanjiahu,"{""type"":""MultiPoint"",""coordinates"":[]}"
403,2018-08-01T00:00:00,4.684078825068218,yanjiahu,"{""type"":""MultiPoint"",""coordinates"":[]}"
404,2018-09-01T00:00:00,4.563604169985306,yanjiahu,"{""type"":""MultiPoint"",""coordinates"":[]}"
405,2018-10-01T00:00:00,4.5706377737479436,yanjiahu,"{""type"":""MultiPoint"",""coordinates"":[]}"
406,2018-11-01T00:00:00,4.748452250047871,yanjiahu,"{""type"":""MultiPoint"",""coordinates"":[]}"
407,2018-12-01T00:00:00,0.0,yanjiahu,"{""type"":""MultiPoint"",""coordinates"":[]}"
408,2019-01-01T00:00:00,0.0,yanjiahu,"{""type"":""MultiPoint"",""coordinates"":[]}"
409,2019-02-01T00:00:00,0.006504156867532169,yanjiahu,"{""type"":""MultiPoint"",""coordinates"":[]}"
410,2019-03-01T00:00:00,4.934948707398899,yanjiahu,"{""type"":""MultiPoint"",""coordinates"":[]}"
411,2019-04-01T00:00:00,3.3153598653806196,yanjiahu,"{""type"":""MultiPoint"",""coordinates"":[]}"
412,2019-05-01T00:00:00,4.35890142610366,yanjiahu,"{""type"":""MultiPoint"",""coordinates"":[]}"
413,2019-06-01T00:00:00,4.575866912640263,yanjiahu,"{""type"":""MultiPoint"",""coordinates"":[]}"
414,2019-07-01T00:00:00,4.434126435093301,yanjiahu,"{""type"":""MultiPoint"",""coordinates"":[]}"
415,2019-08-01T00:00:00,4.489627077922508,yanjiahu,"{""type"":""MultiPoint"",""coordinates"":[]}"
416,2019-09-01T00:00:00,4.390452291594861,yanjiahu,"{""type"":""MultiPoint"",""coordinates"":[]}"
417,2019-10-01T00:00:00,4.486894074198405,yanjiahu,"{""type"":""MultiPoint"",""coordinates"":[]}"
418,2019-11-01T00:00:00,4.62018683086847,yanjiahu,"{""type"":""MultiPoint"",""coordinates"":[]}"
419,2019-12-01T00:00:00,0.0,yanjiahu,"{""type"":""MultiPoint"",""coordinates"":[]}"
420,2020-01-01T00:00:00,0.0,yanjiahu,"{""type"":""MultiPoint"",""coordinates"":[]}"
421,2020-02-01T00:00:00,4.858607019103528,yanjiahu,"{""type"":""MultiPoint"",""coordinates"":[]}"
422,2020-03-01T00:00:00,4.725279540079037,yanjiahu,"{""type"":""MultiPoint"",""coordinates"":[]}"
423,2020-04-01T00:00:00,4.416697642848835,yanjiahu,"{""type"":""MultiPoint"",""coordinates"":[]}"
424,2020-05-01T00:00:00,3.5242937945152133,yanjiahu,"{""type"":""MultiPoint"",""coordinates"":[]}"
425,2020-06-01T00:00:00,4.157014820081764,yanjiahu,"{""type"":""MultiPoint"",""coordinates"":[]}"
426,2020-07-01T00:00:00,0.0,yanjiahu,"{""type"":""MultiPoint"",""coordinates"":[]}"
427,2020-08-01T00:00:00,4.63690220309604,yanjiahu,"{""type"":""MultiPoint"",""coordinates"":[]}"
428,2020-09-01T00:00:00,4.479332795814425,yanjiahu,"{""type"":""MultiPoint"",""coordinates"":[]}"
429,2020-10-01T00:00:00,4.554805725776701,yanjiahu,"{""type"":""MultiPoint"",""coordinates"":[]}"
430,2020-11-01T00:00:00,4.593192587356866,yanjiahu,"{""type"":""MultiPoint"",""coordinates"":[]}"
431,2020-12-01T00:00:00,0.0,yanjiahu,"{""type"":""MultiPoint"",""coordinates"":[]}"
