system:index,Date,area_km2,lake,.geo
0,1985-01-01T00:00:00,0.0,caibohu,"{""type"":""MultiPoint"",""coordinates"":[]}"
1,1985-02-01T00:00:00,0.0,caibohu,"{""type"":""MultiPoint"",""coordinates"":[]}"
2,1985-03-01T00:00:00,0.0,caibohu,"{""type"":""MultiPoint"",""coordinates"":[]}"
3,1985-04-01T00:00:00,0.0,caibohu,"{""type"":""MultiPoint"",""coordinates"":[]}"
4,1985-05-01T00:00:00,0.0,caibohu,"{""type"":""MultiPoint"",""coordinates"":[]}"
5,1985-06-01T00:00:00,0.0,caibohu,"{""type"":""MultiPoint"",""coordinates"":[]}"
6,1985-07-01T00:00:00,0.0,caibohu,"{""type"":""MultiPoint"",""coordinates"":[]}"
7,1985-08-01T00:00:00,0.0,caibohu,"{""type"":""MultiPoint"",""coordinates"":[]}"
8,1985-09-01T00:00:00,0.0,caibohu,"{""type"":""MultiPoint"",""coordinates"":[]}"
9,1985-10-01T00:00:00,0.0,caibohu,"{""type"":""MultiPoint"",""coordinates"":[]}"
10,1985-11-01T00:00:00,0.0,caibohu,"{""type"":""MultiPoint"",""coordinates"":[]}"
11,1985-12-01T00:00:00,0.0,caibohu,"{""type"":""MultiPoint"",""coordinates"":[]}"
12,1986-01-01T00:00:00,0.0,caibohu,"{""type"":""MultiPoint"",""coordinates"":[]}"
13,1986-02-01T00:00:00,0.0,caibohu,"{""type"":""MultiPoint"",""coordinates"":[]}"
14,1986-03-01T00:00:00,0.0,caibohu,"{""type"":""MultiPoint"",""coordinates"":[]}"
15,1986-04-01T00:00:00,0.0,caibohu,"{""type"":""MultiPoint"",""coordinates"":[]}"
16,1986-05-01T00:00:00,0.0,caibohu,"{""type"":""MultiPoint"",""coordinates"":[]}"
17,1986-06-01T00:00:00,0.0,caibohu,"{""type"":""MultiPoint"",""coordinates"":[]}"
18,1986-07-01T00:00:00,0.0,caibohu,"{""type"":""MultiPoint"",""coordinates"":[]}"
19,1986-08-01T00:00:00,0.0,caibohu,"{""type"":""MultiPoint"",""coordinates"":[]}"
20,1986-09-01T00:00:00,0.0,caibohu,"{""type"":""MultiPoint"",""coordinates"":[]}"
21,1986-10-01T00:00:00,0.0,caibohu,"{""type"":""MultiPoint"",""coordinates"":[]}"
22,1986-11-01T00:00:00,0.0,caibohu,"{""type"":""MultiPoint"",""coordinates"":[]}"
23,1986-12-01T00:00:00,0.0,caibohu,"{""type"":""MultiPoint"",""coordinates"":[]}"
24,1987-01-01T00:00:00,0.0,caibohu,"{""type"":""MultiPoint"",""coordinates"":[]}"
25,1987-02-01T00:00:00,0.0,caibohu,"{""type"":""MultiPoint"",""coordinates"":[]}"
26,1987-03-01T00:00:00,0.0,caibohu,"{""type"":""MultiPoint"",""coordinates"":[]}"
27,1987-04-01T00:00:00,0.0,caibohu,"{""type"":""MultiPoint"",""coordinates"":[]}"
28,1987-05-01T00:00:00,0.0,caibohu,"{""type"":""MultiPoint"",""coordinates"":[]}"
29,1987-06-01T00:00:00,0.39448721220391963,caibohu,"{""type"":""MultiPoint"",""coordinates"":[]}"
30,1987-07-01T00:00:00,0.0,caibohu,"{""type"":""MultiPoint"",""coordinates"":[]}"
31,1987-08-01T00:00:00,0.0,caibohu,"{""type"":""MultiPoint"",""coordinates"":[]}"
32,1987-09-01T00:00:00,0.15255093269019032,caibohu,"{""type"":""MultiPoint"",""coordinates"":[]}"
33,1987-10-01T00:00:00,0.0,caibohu,"{""type"":""MultiPoint"",""coordinates"":[]}"
34,1987-11-01T00:00:00,0.0,caibohu,"{""type"":""MultiPoint"",""coordinates"":[]}"
35,1987-12-01T00:00:00,0.0,caibohu,"{""type"":""MultiPoint"",""coordinates"":[]}"
36,1988-01-01T00:00:00,0.0,caibohu,"{""type"":""MultiPoint"",""coordinates"":[]}"
37,1988-02-01T00:00:00,0.0,caibohu,"{""type"":""MultiPoint"",""coordinates"":[]}"
38,1988-03-01T00:00:00,0.0,caibohu,"{""type"":""MultiPoint"",""coordinates"":[]}"
39,1988-04-01T00:00:00,0.0,caibohu,"{""type"":""MultiPoint"",""coordinates"":[]}"
40,1988-05-01T00:00:00,0.0,caibohu,"{""type"":""MultiPoint"",""coordinates"":[]}"
41,1988-06-01T00:00:00,0.0,caibohu,"{""type"":""MultiPoint"",""coordinates"":[]}"
42,1988-07-01T00:00:00,1.802380921332864,caibohu,"{""type"":""MultiPoint"",""coordinates"":[]}"
43,1988-08-01T00:00:00,0.0,caibohu,"{""type"":""MultiPoint"",""coordinates"":[]}"
44,1988-09-01T00:00:00,0.0,caibohu,"{""type"":""MultiPoint"",""coordinates"":[]}"
45,1988-10-01T00:00:00,0.0,caibohu,"{""type"":""MultiPoint"",""coordinates"":[]}"
46,1988-11-01T00:00:00,0.0,caibohu,"{""type"":""MultiPoint"",""coordinates"":[]}"
47,1988-12-01T00:00:00,0.0,caibohu,"{""type"":""MultiPoint"",""coordinates"":[]}"
48,1989-01-01T00:00:00,0.0,caibohu,"{""type"":""MultiPoint"",""coordinates"":[]}"
49,1989-02-01T00:00:00,0.0,caibohu,"{""type"":""MultiPoint"",""coordinates"":[]}"
50,1989-03-01T00:00:00,0.0,caibohu,"{""type"":""MultiPoint"",""coordinates"":[]}"
51,1989-04-01T00:00:00,0.0,caibohu,"{""type"":""MultiPoint"",""coordinates"":[]}"
52,1989-05-01T00:00:00,0.0,caibohu,"{""type"":""MultiPoint"",""coordinates"":[]}"
53,1989-06-01T00:00:00,0.0,caibohu,"{""type"":""MultiPoint"",""coordinates"":[]}"
54,1989-07-01T00:00:00,0.0,caibohu,"{""type"":""MultiPoint"",""coordinates"":[]}"
55,1989-08-01T00:00:00,0.0,caibohu,"{""type"":""MultiPoint"",""coordinates"":[]}"
56,1989-09-01T00:00:00,0.0,caibohu,"{""type"":""MultiPoint"",""coordinates"":[]}"
57,1989-10-01T00:00:00,0.0,caibohu,"{""type"":""MultiPoint"",""coordinates"":[]}"
58,1989-11-01T00:00:00,0.0,caibohu,"{""type"":""MultiPoint"",""coordinates"":[]}"
59,1989-12-01T00:00:00,0.0,caibohu,"{""type"":""MultiPoint"",""coordinates"":[]}"
60,1990-01-01T00:00:00,0.0,caibohu,"{""type"":""MultiPoint"",""coordinates"":[]}"
61,1990-02-01T00:00:00,0.0,caibohu,"{""type"":""MultiPoint"",""coordinates"":[]}"
62,1990-03-01T00:00:00,0.0,caibohu,"{""type"":""MultiPoint"",""coordinates"":[]}"
63,1990-04-01T00:00:00,0.0,caibohu,"{""type"":""MultiPoint"",""coordinates"":[]}"
64,1990-05-01T00:00:00,0.0,caibohu,"{""type"":""MultiPoint"",""coordinates"":[]}"
65,1990-06-01T00:00:00,0.0,caibohu,"{""type"":""MultiPoint"",""coordinates"":[]}"
66,1990-07-01T00:00:00,0.0,caibohu,"{""type"":""MultiPoint"",""coordinates"":[]}"
67,1990-08-01T00:00:00,0.0,caibohu,"{""type"":""MultiPoint"",""coordinates"":[]}"
68,1990-09-01T00:00:00,2.447240394640156,caibohu,"{""type"":""MultiPoint"",""coordinates"":[]}"
69,1990-10-01T00:00:00,0.0,caibohu,"{""type"":""MultiPoint"",""coordinates"":[]}"
70,1990-11-01T00:00:00,0.0,caibohu,"{""type"":""MultiPoint"",""coordinates"":[]}"
71,1990-12-01T00:00:00,0.0,caibohu,"{""type"":""MultiPoint"",""coordinates"":[]}"
72,1991-01-01T00:00:00,0.0,caibohu,"{""type"":""MultiPoint"",""coordinates"":[]}"
73,1991-02-01T00:00:00,0.0,caibohu,"{""type"":""MultiPoint"",""coordinates"":[]}"
74,1991-03-01T00:00:00,0.0,caibohu,"{""type"":""MultiPoint"",""coordinates"":[]}"
75,1991-04-01T00:00:00,0.0,caibohu,"{""type"":""MultiPoint"",""coordinates"":[]}"
76,1991-05-01T00:00:00,0.0,caibohu,"{""type"":""MultiPoint"",""coordinates"":[]}"
77,1991-06-01T00:00:00,0.0,caibohu,"{""type"":""MultiPoint"",""coordinates"":[]}"
78,1991-07-01T00:00:00,3.133621021558574,caibohu,"{""type"":""MultiPoint"",""coordinates"":[]}"
79,1991-08-01T00:00:00,0.0,caibohu,"{""type"":""MultiPoint"",""coordinates"":[]}"
80,1991-09-01T00:00:00,0.0,caibohu,"{""type"":""MultiPoint"",""coordinates"":[]}"
81,1991-10-01T00:00:00,0.0,caibohu,"{""type"":""MultiPoint"",""coordinates"":[]}"
82,1991-11-01T00:00:00,0.0,caibohu,"{""type"":""MultiPoint"",""coordinates"":[]}"
83,1991-12-01T00:00:00,0.0,caibohu,"{""type"":""MultiPoint"",""coordinates"":[]}"
84,1992-01-01T00:00:00,3.223368239165421,caibohu,"{""type"":""MultiPoint"",""coordinates"":[]}"
85,1992-02-01T00:00:00,3.056104796915451,caibohu,"{""type"":""MultiPoint"",""coordinates"":[]}"
86,1992-03-01T00:00:00,0.0,caibohu,"{""type"":""MultiPoint"",""coordinates"":[]}"
87,1992-04-01T00:00:00,0.0,caibohu,"{""type"":""MultiPoint"",""coordinates"":[]}"
88,1992-05-01T00:00:00,0.0,caibohu,"{""type"":""MultiPoint"",""coordinates"":[]}"
89,1992-06-01T00:00:00,0.0,caibohu,"{""type"":""MultiPoint"",""coordinates"":[]}"
90,1992-07-01T00:00:00,0.0,caibohu,"{""type"":""MultiPoint"",""coordinates"":[]}"
91,1992-08-01T00:00:00,0.0,caibohu,"{""type"":""MultiPoint"",""coordinates"":[]}"
92,1992-09-01T00:00:00,0.0,caibohu,"{""type"":""MultiPoint"",""coordinates"":[]}"
93,1992-10-01T00:00:00,2.6933637476552925,caibohu,"{""type"":""MultiPoint"",""coordinates"":[]}"
94,1992-11-01T00:00:00,0.0,caibohu,"{""type"":""MultiPoint"",""coordinates"":[]}"
95,1992-12-01T00:00:00,0.0,caibohu,"{""type"":""MultiPoint"",""coordinates"":[]}"
96,1993-01-01T00:00:00,0.0,caibohu,"{""type"":""MultiPoint"",""coordinates"":[]}"
97,1993-02-01T00:00:00,0.0,caibohu,"{""type"":""MultiPoint"",""coordinates"":[]}"
98,1993-03-01T00:00:00,0.0,caibohu,"{""type"":""MultiPoint"",""coordinates"":[]}"
99,1993-04-01T00:00:00,0.0,caibohu,"{""type"":""MultiPoint"",""coordinates"":[]}"
100,1993-05-01T00:00:00,0.0,caibohu,"{""type"":""MultiPoint"",""coordinates"":[]}"
101,1993-06-01T00:00:00,0.0,caibohu,"{""type"":""MultiPoint"",""coordinates"":[]}"
102,1993-07-01T00:00:00,0.0,caibohu,"{""type"":""MultiPoint"",""coordinates"":[]}"
103,1993-08-01T00:00:00,0.0,caibohu,"{""type"":""MultiPoint"",""coordinates"":[]}"
104,1993-09-01T00:00:00,0.0,caibohu,"{""type"":""MultiPoint"",""coordinates"":[]}"
105,1993-10-01T00:00:00,2.5507811041824646,caibohu,"{""type"":""MultiPoint"",""coordinates"":[]}"
106,1993-11-01T00:00:00,0.0,caibohu,"{""type"":""MultiPoint"",""coordinates"":[]}"
107,1993-12-01T00:00:00,0.0,caibohu,"{""type"":""MultiPoint"",""coordinates"":[]}"
108,1994-01-01T00:00:00,0.0,caibohu,"{""type"":""MultiPoint"",""coordinates"":[]}"
109,1994-02-01T00:00:00,0.0,caibohu,"{""type"":""MultiPoint"",""coordinates"":[]}"
110,1994-03-01T00:00:00,0.0,caibohu,"{""type"":""MultiPoint"",""coordinates"":[]}"
111,1994-04-01T00:00:00,0.0,caibohu,"{""type"":""MultiPoint"",""coordinates"":[]}"
112,1994-05-01T00:00:00,0.0,caibohu,"{""type"":""MultiPoint"",""coordinates"":[]}"
113,1994-06-01T00:00:00,0.0,caibohu,"{""type"":""MultiPoint"",""coordinates"":[]}"
114,1994-07-01T00:00:00,0.0,caibohu,"{""type"":""MultiPoint"",""coordinates"":[]}"
115,1994-08-01T00:00:00,1.2492659292178883,caibohu,"{""type"":""MultiPoint"",""coordinates"":[]}"
116,1994-09-01T00:00:00,1.9452437041743258,caibohu,"{""type"":""MultiPoint"",""coordinates"":[]}"
117,1994-10-01T00:00:00,2.5225758949592145,caibohu,"{""type"":""MultiPoint"",""coordinates"":[]}"
118,1994-11-01T00:00:00,0.0,caibohu,"{""type"":""MultiPoint"",""coordinates"":[]}"
119,1994-12-01T00:00:00,0.0,caibohu,"{""type"":""MultiPoint"",""coordinates"":[]}"
120,1995-01-01T00:00:00,0.0,caibohu,"{""type"":""MultiPoint"",""coordinates"":[]}"
121,1995-02-01T00:00:00,0.0,caibohu,"{""type"":""MultiPoint"",""coordinates"":[]}"
122,1995-03-01T00:00:00,0.0,caibohu,"{""type"":""MultiPoint"",""coordinates"":[]}"
123,1995-04-01T00:00:00,2.0917184945255056,caibohu,"{""type"":""MultiPoint"",""coordinates"":[]}"
124,1995-05-01T00:00:00,0.7135344755550609,caibohu,"{""type"":""MultiPoint"",""coordinates"":[]}"
125,1995-06-01T00:00:00,2.602478869934322,caibohu,"{""type"":""MultiPoint"",""coordinates"":[]}"
126,1995-07-01T00:00:00,0.0,caibohu,"{""type"":""MultiPoint"",""coordinates"":[]}"
127,1995-08-01T00:00:00,0.0,caibohu,"{""type"":""MultiPoint"",""coordinates"":[]}"
128,1995-09-01T00:00:00,0.0,caibohu,"{""type"":""MultiPoint"",""coordinates"":[]}"
129,1995-10-01T00:00:00,2.757051470625096,caibohu,"{""type"":""MultiPoint"",""coordinates"":[]}"
130,1995-11-01T00:00:00,2.398556360035616,caibohu,"{""type"":""MultiPoint"",""coordinates"":[]}"
131,1995-12-01T00:00:00,0.0,caibohu,"{""type"":""MultiPoint"",""coordinates"":[]}"
132,1996-01-01T00:00:00,2.2453989735263,caibohu,"{""type"":""MultiPoint"",""coordinates"":[]}"
133,1996-02-01T00:00:00,3.1269760155230357,caibohu,"{""type"":""MultiPoint"",""coordinates"":[]}"
134,1996-03-01T00:00:00,0.0,caibohu,"{""type"":""MultiPoint"",""coordinates"":[]}"
135,1996-04-01T00:00:00,0.0254601796875,caibohu,"{""type"":""MultiPoint"",""coordinates"":[]}"
136,1996-05-01T00:00:00,1.0754787975463866,caibohu,"{""type"":""MultiPoint"",""coordinates"":[]}"
137,1996-06-01T00:00:00,2.0204296973063145,caibohu,"{""type"":""MultiPoint"",""coordinates"":[]}"
138,1996-07-01T00:00:00,0.0,caibohu,"{""type"":""MultiPoint"",""coordinates"":[]}"
139,1996-08-01T00:00:00,1.2662682405407473,caibohu,"{""type"":""MultiPoint"",""coordinates"":[]}"
140,1996-09-01T00:00:00,1.5994209764062022,caibohu,"{""type"":""MultiPoint"",""coordinates"":[]}"
141,1996-10-01T00:00:00,2.643292809053788,caibohu,"{""type"":""MultiPoint"",""coordinates"":[]}"
142,1996-11-01T00:00:00,0.0,caibohu,"{""type"":""MultiPoint"",""coordinates"":[]}"
143,1996-12-01T00:00:00,0.0,caibohu,"{""type"":""MultiPoint"",""coordinates"":[]}"
144,1997-01-01T00:00:00,0.0,caibohu,"{""type"":""MultiPoint"",""coordinates"":[]}"
145,1997-02-01T00:00:00,0.0,caibohu,"{""type"":""MultiPoint"",""coordinates"":[]}"
146,1997-03-01T00:00:00,0.0,caibohu,"{""type"":""MultiPoint"",""coordinates"":[]}"
147,1997-04-01T00:00:00,0.0,caibohu,"{""type"":""MultiPoint"",""coordinates"":[]}"
148,1997-05-01T00:00:00,0.0,caibohu,"{""type"":""MultiPoint"",""coordinates"":[]}"
149,1997-06-01T00:00:00,0.0,caibohu,"{""type"":""MultiPoint"",""coordinates"":[]}"
150,1997-07-01T00:00:00,0.0,caibohu,"{""type"":""MultiPoint"",""coordinates"":[]}"
151,1997-08-01T00:00:00,0.0,caibohu,"{""type"":""MultiPoint"",""coordinates"":[]}"
152,1997-09-01T00:00:00,0.0,caibohu,"{""type"":""MultiPoint"",""coordinates"":[]}"
153,1997-10-01T00:00:00,0.0,caibohu,"{""type"":""MultiPoint"",""coordinates"":[]}"
154,1997-11-01T00:00:00,0.0,caibohu,"{""type"":""MultiPoint"",""coordinates"":[]}"
155,1997-12-01T00:00:00,0.0,caibohu,"{""type"":""MultiPoint"",""coordinates"":[]}"
156,1998-01-01T00:00:00,0.0,caibohu,"{""type"":""MultiPoint"",""coordinates"":[]}"
157,1998-02-01T00:00:00,0.0,caibohu,"{""type"":""MultiPoint"",""coordinates"":[]}"
158,1998-03-01T00:00:00,0.0,caibohu,"{""type"":""MultiPoint"",""coordinates"":[]}"
159,1998-04-01T00:00:00,0.0,caibohu,"{""type"":""MultiPoint"",""coordinates"":[]}"
160,1998-05-01T00:00:00,0.0,caibohu,"{""type"":""MultiPoint"",""coordinates"":[]}"
161,1998-06-01T00:00:00,0.0,caibohu,"{""type"":""MultiPoint"",""coordinates"":[]}"
162,1998-07-01T00:00:00,0.0,caibohu,"{""type"":""MultiPoint"",""coordinates"":[]}"
163,1998-08-01T00:00:00,0.0,caibohu,"{""type"":""MultiPoint"",""coordinates"":[]}"
164,1998-09-01T00:00:00,0.0,caibohu,"{""type"":""MultiPoint"",""coordinates"":[]}"
165,1998-10-01T00:00:00,0.0,caibohu,"{""type"":""MultiPoint"",""coordinates"":[]}"
166,1998-11-01T00:00:00,0.0,caibohu,"{""type"":""MultiPoint"",""coordinates"":[]}"
167,1998-12-01T00:00:00,0.0,caibohu,"{""type"":""MultiPoint"",""coordinates"":[]}"
168,1999-01-01T00:00:00,0.0,caibohu,"{""type"":""MultiPoint"",""coordinates"":[]}"
169,1999-02-01T00:00:00,0.0,caibohu,"{""type"":""MultiPoint"",""coordinates"":[]}"
170,1999-03-01T00:00:00,0.0,caibohu,"{""type"":""MultiPoint"",""coordinates"":[]}"
171,1999-04-01T00:00:00,0.0,caibohu,"{""type"":""MultiPoint"",""coordinates"":[]}"
172,1999-05-01T00:00:00,0.0,caibohu,"{""type"":""MultiPoint"",""coordinates"":[]}"
173,1999-06-01T00:00:00,0.0,caibohu,"{""type"":""MultiPoint"",""coordinates"":[]}"
174,1999-07-01T00:00:00,0.0,caibohu,"{""type"":""MultiPoint"",""coordinates"":[]}"
175,1999-08-01T00:00:00,0.08324426744432635,caibohu,"{""type"":""MultiPoint"",""coordinates"":[]}"
176,1999-09-01T00:00:00,2.234900030973307,caibohu,"{""type"":""MultiPoint"",""coordinates"":[]}"
177,1999-10-01T00:00:00,0.0,caibohu,"{""type"":""MultiPoint"",""coordinates"":[]}"
178,1999-11-01T00:00:00,0.0,caibohu,"{""type"":""MultiPoint"",""coordinates"":[]}"
179,1999-12-01T00:00:00,0.0,caibohu,"{""type"":""MultiPoint"",""coordinates"":[]}"
180,2000-01-01T00:00:00,2.3124827472811833,caibohu,"{""type"":""MultiPoint"",""coordinates"":[]}"
181,2000-02-01T00:00:00,2.896402845952053,caibohu,"{""type"":""MultiPoint"",""coordinates"":[]}"
182,2000-03-01T00:00:00,2.2619773657729207,caibohu,"{""type"":""MultiPoint"",""coordinates"":[]}"
183,2000-04-01T00:00:00,0.5076673388061523,caibohu,"{""type"":""MultiPoint"",""coordinates"":[]}"
184,2000-05-01T00:00:00,0.7375748485717774,caibohu,"{""type"":""MultiPoint"",""coordinates"":[]}"
185,2000-06-01T00:00:00,0.30275848010397516,caibohu,"{""type"":""MultiPoint"",""coordinates"":[]}"
186,2000-07-01T00:00:00,0.0,caibohu,"{""type"":""MultiPoint"",""coordinates"":[]}"
187,2000-08-01T00:00:00,0.046862420880725335,caibohu,"{""type"":""MultiPoint"",""coordinates"":[]}"
188,2000-09-01T00:00:00,0.6209800462330539,caibohu,"{""type"":""MultiPoint"",""coordinates"":[]}"
189,2000-10-01T00:00:00,2.609891308913287,caibohu,"{""type"":""MultiPoint"",""coordinates"":[]}"
190,2000-11-01T00:00:00,2.99364224022528,caibohu,"{""type"":""MultiPoint"",""coordinates"":[]}"
191,2000-12-01T00:00:00,0.0,caibohu,"{""type"":""MultiPoint"",""coordinates"":[]}"
192,2001-01-01T00:00:00,2.87467922393009,caibohu,"{""type"":""MultiPoint"",""coordinates"":[]}"
193,2001-02-01T00:00:00,0.06277043630945542,caibohu,"{""type"":""MultiPoint"",""coordinates"":[]}"
194,2001-03-01T00:00:00,2.686318628838274,caibohu,"{""type"":""MultiPoint"",""coordinates"":[]}"
195,2001-04-01T00:00:00,0.9281607284924077,caibohu,"{""type"":""MultiPoint"",""coordinates"":[]}"
196,2001-05-01T00:00:00,0.0026957221794577206,caibohu,"{""type"":""MultiPoint"",""coordinates"":[]}"
197,2001-06-01T00:00:00,0.006172076049804688,caibohu,"{""type"":""MultiPoint"",""coordinates"":[]}"
198,2001-07-01T00:00:00,0.5617123638631185,caibohu,"{""type"":""MultiPoint"",""coordinates"":[]}"
199,2001-08-01T00:00:00,0.0,caibohu,"{""type"":""MultiPoint"",""coordinates"":[]}"
200,2001-09-01T00:00:00,1.6669340998377182,caibohu,"{""type"":""MultiPoint"",""coordinates"":[]}"
201,2001-10-01T00:00:00,1.8923210878042185,caibohu,"{""type"":""MultiPoint"",""coordinates"":[]}"
202,2001-11-01T00:00:00,2.836478926393996,caibohu,"{""type"":""MultiPoint"",""coordinates"":[]}"
203,2001-12-01T00:00:00,0.0,caibohu,"{""type"":""MultiPoint"",""coordinates"":[]}"
204,2002-01-01T00:00:00,2.766805402127853,caibohu,"{""type"":""MultiPoint"",""coordinates"":[]}"
205,2002-02-01T00:00:00,0.6465197250976562,caibohu,"{""type"":""MultiPoint"",""coordinates"":[]}"
206,2002-03-01T00:00:00,1.8833207306724398,caibohu,"{""type"":""MultiPoint"",""coordinates"":[]}"
207,2002-04-01T00:00:00,0.2983058149866441,caibohu,"{""type"":""MultiPoint"",""coordinates"":[]}"
208,2002-05-01T00:00:00,2.251050972265386,caibohu,"{""type"":""MultiPoint"",""coordinates"":[]}"
209,2002-06-01T00:00:00,0.0,caibohu,"{""type"":""MultiPoint"",""coordinates"":[]}"
210,2002-07-01T00:00:00,2.173363075537588,caibohu,"{""type"":""MultiPoint"",""coordinates"":[]}"
211,2002-08-01T00:00:00,2.2593403409581803,caibohu,"{""type"":""MultiPoint"",""coordinates"":[]}"
212,2002-09-01T00:00:00,2.0977102002776498,caibohu,"{""type"":""MultiPoint"",""coordinates"":[]}"
213,2002-10-01T00:00:00,2.674756015592209,caibohu,"{""type"":""MultiPoint"",""coordinates"":[]}"
214,2002-11-01T00:00:00,3.023812636984912,caibohu,"{""type"":""MultiPoint"",""coordinates"":[]}"
215,2002-12-01T00:00:00,0.0,caibohu,"{""type"":""MultiPoint"",""coordinates"":[]}"
216,2003-01-01T00:00:00,3.132276612273811,caibohu,"{""type"":""MultiPoint"",""coordinates"":[]}"
217,2003-02-01T00:00:00,3.0331988293203316,caibohu,"{""type"":""MultiPoint"",""coordinates"":[]}"
218,2003-03-01T00:00:00,2.8591463184814456,caibohu,"{""type"":""MultiPoint"",""coordinates"":[]}"
219,2003-04-01T00:00:00,2.411208331925934,caibohu,"{""type"":""MultiPoint"",""coordinates"":[]}"
220,2003-05-01T00:00:00,2.573027278289915,caibohu,"{""type"":""MultiPoint"",""coordinates"":[]}"
221,2003-06-01T00:00:00,0.8558090626850202,caibohu,"{""type"":""MultiPoint"",""coordinates"":[]}"
222,2003-07-01T00:00:00,2.6898778038212803,caibohu,"{""type"":""MultiPoint"",""coordinates"":[]}"
223,2003-08-01T00:00:00,2.1549622025811885,caibohu,"{""type"":""MultiPoint"",""coordinates"":[]}"
224,2003-09-01T00:00:00,2.5482641395732806,caibohu,"{""type"":""MultiPoint"",""coordinates"":[]}"
225,2003-10-01T00:00:00,2.8199232513375083,caibohu,"{""type"":""MultiPoint"",""coordinates"":[]}"
226,2003-11-01T00:00:00,2.9881607116838045,caibohu,"{""type"":""MultiPoint"",""coordinates"":[]}"
227,2003-12-01T00:00:00,0.0,caibohu,"{""type"":""MultiPoint"",""coordinates"":[]}"
228,2004-01-01T00:00:00,3.127785683275409,caibohu,"{""type"":""MultiPoint"",""coordinates"":[]}"
229,2004-02-01T00:00:00,3.0127922488961016,caibohu,"{""type"":""MultiPoint"",""coordinates"":[]}"
230,2004-03-01T00:00:00,2.7093265927765495,caibohu,"{""type"":""MultiPoint"",""coordinates"":[]}"
231,2004-04-01T00:00:00,0.8845932342771043,caibohu,"{""type"":""MultiPoint"",""coordinates"":[]}"
232,2004-05-01T00:00:00,1.8946780636254406,caibohu,"{""type"":""MultiPoint"",""coordinates"":[]}"
233,2004-06-01T00:00:00,2.359957058955413,caibohu,"{""type"":""MultiPoint"",""coordinates"":[]}"
234,2004-07-01T00:00:00,2.517674960414991,caibohu,"{""type"":""MultiPoint"",""coordinates"":[]}"
235,2004-08-01T00:00:00,2.390694208633722,caibohu,"{""type"":""MultiPoint"",""coordinates"":[]}"
236,2004-09-01T00:00:00,2.5640239603805246,caibohu,"{""type"":""MultiPoint"",""coordinates"":[]}"
237,2004-10-01T00:00:00,2.7258280156953703,caibohu,"{""type"":""MultiPoint"",""coordinates"":[]}"
238,2004-11-01T00:00:00,3.0153651261859973,caibohu,"{""type"":""MultiPoint"",""coordinates"":[]}"
239,2004-12-01T00:00:00,0.0,caibohu,"{""type"":""MultiPoint"",""coordinates"":[]}"
240,2005-01-01T00:00:00,3.128175379214537,caibohu,"{""type"":""MultiPoint"",""coordinates"":[]}"
241,2005-02-01T00:00:00,2.053326665970626,caibohu,"{""type"":""MultiPoint"",""coordinates"":[]}"
242,2005-03-01T00:00:00,2.9617618862627815,caibohu,"{""type"":""MultiPoint"",""coordinates"":[]}"
243,2005-04-01T00:00:00,0.7662027757470223,caibohu,"{""type"":""MultiPoint"",""coordinates"":[]}"
244,2005-05-01T00:00:00,2.5470995779012044,caibohu,"{""type"":""MultiPoint"",""coordinates"":[]}"
245,2005-06-01T00:00:00,1.2900807257417566,caibohu,"{""type"":""MultiPoint"",""coordinates"":[]}"
246,2005-07-01T00:00:00,2.3624079412659893,caibohu,"{""type"":""MultiPoint"",""coordinates"":[]}"
247,2005-08-01T00:00:00,1.8141625488594804,caibohu,"{""type"":""MultiPoint"",""coordinates"":[]}"
248,2005-09-01T00:00:00,2.2386631350174246,caibohu,"{""type"":""MultiPoint"",""coordinates"":[]}"
249,2005-10-01T00:00:00,1.3142282905807194,caibohu,"{""type"":""MultiPoint"",""coordinates"":[]}"
250,2005-11-01T00:00:00,2.7372444918212895,caibohu,"{""type"":""MultiPoint"",""coordinates"":[]}"
251,2005-12-01T00:00:00,0.0,caibohu,"{""type"":""MultiPoint"",""coordinates"":[]}"
252,2006-01-01T00:00:00,3.127860342742561,caibohu,"{""type"":""MultiPoint"",""coordinates"":[]}"
253,2006-02-01T00:00:00,0.0,caibohu,"{""type"":""MultiPoint"",""coordinates"":[]}"
254,2006-03-01T00:00:00,2.91626849347235,caibohu,"{""type"":""MultiPoint"",""coordinates"":[]}"
255,2006-04-01T00:00:00,0.177058977324123,caibohu,"{""type"":""MultiPoint"",""coordinates"":[]}"
256,2006-05-01T00:00:00,1.7791521210164387,caibohu,"{""type"":""MultiPoint"",""coordinates"":[]}"
257,2006-06-01T00:00:00,1.9712234966729856,caibohu,"{""type"":""MultiPoint"",""coordinates"":[]}"
258,2006-07-01T00:00:00,1.6633660870361329,caibohu,"{""type"":""MultiPoint"",""coordinates"":[]}"
259,2006-08-01T00:00:00,1.5100473630514706,caibohu,"{""type"":""MultiPoint"",""coordinates"":[]}"
260,2006-09-01T00:00:00,1.5746464082998237,caibohu,"{""type"":""MultiPoint"",""coordinates"":[]}"
261,2006-10-01T00:00:00,2.5569472827636726,caibohu,"{""type"":""MultiPoint"",""coordinates"":[]}"
262,2006-11-01T00:00:00,2.4241140882037,caibohu,"{""type"":""MultiPoint"",""coordinates"":[]}"
263,2006-12-01T00:00:00,0.0,caibohu,"{""type"":""MultiPoint"",""coordinates"":[]}"
264,2007-01-01T00:00:00,2.7995736353637697,caibohu,"{""type"":""MultiPoint"",""coordinates"":[]}"
265,2007-02-01T00:00:00,2.9880507095006608,caibohu,"{""type"":""MultiPoint"",""coordinates"":[]}"
266,2007-03-01T00:00:00,2.6957308030871827,caibohu,"{""type"":""MultiPoint"",""coordinates"":[]}"
267,2007-04-01T00:00:00,1.487217485017425,caibohu,"{""type"":""MultiPoint"",""coordinates"":[]}"
268,2007-05-01T00:00:00,1.2569910120897478,caibohu,"{""type"":""MultiPoint"",""coordinates"":[]}"
269,2007-06-01T00:00:00,7.715797119140625E-4,caibohu,"{""type"":""MultiPoint"",""coordinates"":[]}"
270,2007-07-01T00:00:00,2.2323038540910307,caibohu,"{""type"":""MultiPoint"",""coordinates"":[]}"
271,2007-08-01T00:00:00,2.12965053391592,caibohu,"{""type"":""MultiPoint"",""coordinates"":[]}"
272,2007-09-01T00:00:00,1.6009288522621303,caibohu,"{""type"":""MultiPoint"",""coordinates"":[]}"
273,2007-10-01T00:00:00,1.798548334782619,caibohu,"{""type"":""MultiPoint"",""coordinates"":[]}"
274,2007-11-01T00:00:00,2.810893011597877,caibohu,"{""type"":""MultiPoint"",""coordinates"":[]}"
275,2007-12-01T00:00:00,0.0,caibohu,"{""type"":""MultiPoint"",""coordinates"":[]}"
276,2008-01-01T00:00:00,0.0,caibohu,"{""type"":""MultiPoint"",""coordinates"":[]}"
277,2008-02-01T00:00:00,3.045563560086598,caibohu,"{""type"":""MultiPoint"",""coordinates"":[]}"
278,2008-03-01T00:00:00,2.9075170665687713,caibohu,"{""type"":""MultiPoint"",""coordinates"":[]}"
279,2008-04-01T00:00:00,0.8270743297119141,caibohu,"{""type"":""MultiPoint"",""coordinates"":[]}"
280,2008-05-01T00:00:00,1.5653763663330078,caibohu,"{""type"":""MultiPoint"",""coordinates"":[]}"
281,2008-06-01T00:00:00,0.0,caibohu,"{""type"":""MultiPoint"",""coordinates"":[]}"
282,2008-07-01T00:00:00,1.3192879299926759,caibohu,"{""type"":""MultiPoint"",""coordinates"":[]}"
283,2008-08-01T00:00:00,1.5229587227172852,caibohu,"{""type"":""MultiPoint"",""coordinates"":[]}"
284,2008-09-01T00:00:00,2.079632149971038,caibohu,"{""type"":""MultiPoint"",""coordinates"":[]}"
285,2008-10-01T00:00:00,2.3225098707550647,caibohu,"{""type"":""MultiPoint"",""coordinates"":[]}"
286,2008-11-01T00:00:00,2.5784589407877614,caibohu,"{""type"":""MultiPoint"",""coordinates"":[]}"
287,2008-12-01T00:00:00,0.0,caibohu,"{""type"":""MultiPoint"",""coordinates"":[]}"
288,2009-01-01T00:00:00,2.9683762144921393,caibohu,"{""type"":""MultiPoint"",""coordinates"":[]}"
289,2009-02-01T00:00:00,3.037710668686093,caibohu,"{""type"":""MultiPoint"",""coordinates"":[]}"
290,2009-03-01T00:00:00,1.7410004997994215,caibohu,"{""type"":""MultiPoint"",""coordinates"":[]}"
291,2009-04-01T00:00:00,1.194692227809532,caibohu,"{""type"":""MultiPoint"",""coordinates"":[]}"
292,2009-05-01T00:00:00,0.7045115582086302,caibohu,"{""type"":""MultiPoint"",""coordinates"":[]}"
293,2009-06-01T00:00:00,2.1971260638382257,caibohu,"{""type"":""MultiPoint"",""coordinates"":[]}"
294,2009-07-01T00:00:00,2.1824269995086074,caibohu,"{""type"":""MultiPoint"",""coordinates"":[]}"
295,2009-08-01T00:00:00,1.8107216986694337,caibohu,"{""type"":""MultiPoint"",""coordinates"":[]}"
296,2009-09-01T00:00:00,2.0272534450262327,caibohu,"{""type"":""MultiPoint"",""coordinates"":[]}"
297,2009-10-01T00:00:00,2.359015237864057,caibohu,"{""type"":""MultiPoint"",""coordinates"":[]}"
298,2009-11-01T00:00:00,2.8447194222926724,caibohu,"{""type"":""MultiPoint"",""coordinates"":[]}"
299,2009-12-01T00:00:00,0.0,caibohu,"{""type"":""MultiPoint"",""coordinates"":[]}"
300,2010-01-01T00:00:00,2.9739585795230647,caibohu,"{""type"":""MultiPoint"",""coordinates"":[]}"
301,2010-02-01T00:00:00,2.88608800089973,caibohu,"{""type"":""MultiPoint"",""coordinates"":[]}"
302,2010-03-01T00:00:00,2.5436447686982993,caibohu,"{""type"":""MultiPoint"",""coordinates"":[]}"
303,2010-04-01T00:00:00,0.00771512158203125,caibohu,"{""type"":""MultiPoint"",""coordinates"":[]}"
304,2010-05-01T00:00:00,0.00385778662109375,caibohu,"{""type"":""MultiPoint"",""coordinates"":[]}"
305,2010-06-01T00:00:00,1.1595948158569336,caibohu,"{""type"":""MultiPoint"",""coordinates"":[]}"
306,2010-07-01T00:00:00,1.4320879829149433,caibohu,"{""type"":""MultiPoint"",""coordinates"":[]}"
307,2010-08-01T00:00:00,1.1389389695453718,caibohu,"{""type"":""MultiPoint"",""coordinates"":[]}"
308,2010-09-01T00:00:00,1.7019410030517579,caibohu,"{""type"":""MultiPoint"",""coordinates"":[]}"
309,2010-10-01T00:00:00,2.425323968006568,caibohu,"{""type"":""MultiPoint"",""coordinates"":[]}"
310,2010-11-01T00:00:00,2.795919312295114,caibohu,"{""type"":""MultiPoint"",""coordinates"":[]}"
311,2010-12-01T00:00:00,0.0,caibohu,"{""type"":""MultiPoint"",""coordinates"":[]}"
312,2011-01-01T00:00:00,3.072695955321308,caibohu,"{""type"":""MultiPoint"",""coordinates"":[]}"
313,2011-02-01T00:00:00,3.115155288587383,caibohu,"{""type"":""MultiPoint"",""coordinates"":[]}"
314,2011-03-01T00:00:00,2.8112758744377584,caibohu,"{""type"":""MultiPoint"",""coordinates"":[]}"
315,2011-04-01T00:00:00,0.7122794323467179,caibohu,"{""type"":""MultiPoint"",""coordinates"":[]}"
316,2011-05-01T00:00:00,1.1568286324896118,caibohu,"{""type"":""MultiPoint"",""coordinates"":[]}"
317,2011-06-01T00:00:00,1.807331758368997,caibohu,"{""type"":""MultiPoint"",""coordinates"":[]}"
318,2011-07-01T00:00:00,1.8893949708891027,caibohu,"{""type"":""MultiPoint"",""coordinates"":[]}"
319,2011-08-01T00:00:00,2.3731317042516373,caibohu,"{""type"":""MultiPoint"",""coordinates"":[]}"
320,2011-09-01T00:00:00,2.375673723390108,caibohu,"{""type"":""MultiPoint"",""coordinates"":[]}"
321,2011-10-01T00:00:00,2.3215663715580956,caibohu,"{""type"":""MultiPoint"",""coordinates"":[]}"
322,2011-11-01T00:00:00,2.1165585913689102,caibohu,"{""type"":""MultiPoint"",""coordinates"":[]}"
323,2011-12-01T00:00:00,0.0,caibohu,"{""type"":""MultiPoint"",""coordinates"":[]}"
324,2012-01-01T00:00:00,2.9539751148289093,caibohu,"{""type"":""MultiPoint"",""coordinates"":[]}"
325,2012-02-01T00:00:00,2.0746298366526883,caibohu,"{""type"":""MultiPoint"",""coordinates"":[]}"
326,2012-03-01T00:00:00,2.007194593603516,caibohu,"{""type"":""MultiPoint"",""coordinates"":[]}"
327,2012-04-01T00:00:00,0.0,caibohu,"{""type"":""MultiPoint"",""coordinates"":[]}"
328,2012-05-01T00:00:00,2.0449690868592505,caibohu,"{""type"":""MultiPoint"",""coordinates"":[]}"
329,2012-06-01T00:00:00,1.2344977152915806,caibohu,"{""type"":""MultiPoint"",""coordinates"":[]}"
330,2012-07-01T00:00:00,1.879365588198673,caibohu,"{""type"":""MultiPoint"",""coordinates"":[]}"
331,2012-08-01T00:00:00,0.0,caibohu,"{""type"":""MultiPoint"",""coordinates"":[]}"
332,2012-09-01T00:00:00,0.8054318367355047,caibohu,"{""type"":""MultiPoint"",""coordinates"":[]}"
333,2012-10-01T00:00:00,2.0591864936339133,caibohu,"{""type"":""MultiPoint"",""coordinates"":[]}"
334,2012-11-01T00:00:00,1.9162029957131776,caibohu,"{""type"":""MultiPoint"",""coordinates"":[]}"
335,2012-12-01T00:00:00,0.0,caibohu,"{""type"":""MultiPoint"",""coordinates"":[]}"
336,2013-01-01T00:00:00,2.7562097493659525,caibohu,"{""type"":""MultiPoint"",""coordinates"":[]}"
337,2013-02-01T00:00:00,0.12652292388916014,caibohu,"{""type"":""MultiPoint"",""coordinates"":[]}"
338,2013-03-01T00:00:00,0.0,caibohu,"{""type"":""MultiPoint"",""coordinates"":[]}"
339,2013-04-01T00:00:00,2.2679026785536824,caibohu,"{""type"":""MultiPoint"",""coordinates"":[]}"
340,2013-05-01T00:00:00,2.372515442660702,caibohu,"{""type"":""MultiPoint"",""coordinates"":[]}"
341,2013-06-01T00:00:00,1.6746987658145682,caibohu,"{""type"":""MultiPoint"",""coordinates"":[]}"
342,2013-07-01T00:00:00,2.8294509006117874,caibohu,"{""type"":""MultiPoint"",""coordinates"":[]}"
343,2013-08-01T00:00:00,2.7721460092653762,caibohu,"{""type"":""MultiPoint"",""coordinates"":[]}"
344,2013-09-01T00:00:00,2.6246510040209006,caibohu,"{""type"":""MultiPoint"",""coordinates"":[]}"
345,2013-10-01T00:00:00,2.8244836158966664,caibohu,"{""type"":""MultiPoint"",""coordinates"":[]}"
346,2013-11-01T00:00:00,2.881634468865128,caibohu,"{""type"":""MultiPoint"",""coordinates"":[]}"
347,2013-12-01T00:00:00,0.0,caibohu,"{""type"":""MultiPoint"",""coordinates"":[]}"
348,2014-01-01T00:00:00,3.030034463719027,caibohu,"{""type"":""MultiPoint"",""coordinates"":[]}"
349,2014-02-01T00:00:00,2.9345163882242833,caibohu,"{""type"":""MultiPoint"",""coordinates"":[]}"
350,2014-03-01T00:00:00,2.808873614385388,caibohu,"{""type"":""MultiPoint"",""coordinates"":[]}"
351,2014-04-01T00:00:00,2.587386723745549,caibohu,"{""type"":""MultiPoint"",""coordinates"":[]}"
352,2014-05-01T00:00:00,0.8697964732991537,caibohu,"{""type"":""MultiPoint"",""coordinates"":[]}"
353,2014-06-01T00:00:00,0.0,caibohu,"{""type"":""MultiPoint"",""coordinates"":[]}"
354,2014-07-01T00:00:00,1.8458394410503314,caibohu,"{""type"":""MultiPoint"",""coordinates"":[]}"
355,2014-08-01T00:00:00,2.398465115065152,caibohu,"{""type"":""MultiPoint"",""coordinates"":[]}"
356,2014-09-01T00:00:00,2.5617975730243763,caibohu,"{""type"":""MultiPoint"",""coordinates"":[]}"
357,2014-10-01T00:00:00,2.8730821825535195,caibohu,"{""type"":""MultiPoint"",""coordinates"":[]}"
358,2014-11-01T00:00:00,0.0,caibohu,"{""type"":""MultiPoint"",""coordinates"":[]}"
359,2014-12-01T00:00:00,0.0,caibohu,"{""type"":""MultiPoint"",""coordinates"":[]}"
360,2015-01-01T00:00:00,1.7021431841899795,caibohu,"{""type"":""MultiPoint"",""coordinates"":[]}"
361,2015-02-01T00:00:00,1.753249380789723,caibohu,"{""type"":""MultiPoint"",""coordinates"":[]}"
362,2015-03-01T00:00:00,2.840635518429506,caibohu,"{""type"":""MultiPoint"",""coordinates"":[]}"
363,2015-04-01T00:00:00,2.0828541035110772,caibohu,"{""type"":""MultiPoint"",""coordinates"":[]}"
364,2015-05-01T00:00:00,1.3712116980715285,caibohu,"{""type"":""MultiPoint"",""coordinates"":[]}"
365,2015-06-01T00:00:00,2.619241237516276,caibohu,"{""type"":""MultiPoint"",""coordinates"":[]}"
366,2015-07-01T00:00:00,2.7054802498616537,caibohu,"{""type"":""MultiPoint"",""coordinates"":[]}"
367,2015-08-01T00:00:00,2.6703590395842913,caibohu,"{""type"":""MultiPoint"",""coordinates"":[]}"
368,2015-09-01T00:00:00,2.6733812359355853,caibohu,"{""type"":""MultiPoint"",""coordinates"":[]}"
369,2015-10-01T00:00:00,2.7643250267214308,caibohu,"{""type"":""MultiPoint"",""coordinates"":[]}"
370,2015-11-01T00:00:00,3.0221015359518613,caibohu,"{""type"":""MultiPoint"",""coordinates"":[]}"
371,2015-12-01T00:00:00,0.0,caibohu,"{""type"":""MultiPoint"",""coordinates"":[]}"
372,2016-01-01T00:00:00,0.0,caibohu,"{""type"":""MultiPoint"",""coordinates"":[]}"
373,2016-02-01T00:00:00,2.9483245908231845,caibohu,"{""type"":""MultiPoint"",""coordinates"":[]}"
374,2016-03-01T00:00:00,2.9308333893664793,caibohu,"{""type"":""MultiPoint"",""coordinates"":[]}"
375,2016-04-01T00:00:00,2.6095259518482887,caibohu,"{""type"":""MultiPoint"",""coordinates"":[]}"
376,2016-05-01T00:00:00,1.4805200313768574,caibohu,"{""type"":""MultiPoint"",""coordinates"":[]}"
377,2016-06-01T00:00:00,2.4892100337794885,caibohu,"{""type"":""MultiPoint"",""coordinates"":[]}"
378,2016-07-01T00:00:00,3.207619719981953,caibohu,"{""type"":""MultiPoint"",""coordinates"":[]}"
379,2016-08-01T00:00:00,3.0842445400426532,caibohu,"{""type"":""MultiPoint"",""coordinates"":[]}"
380,2016-09-01T00:00:00,2.9980176970913757,caibohu,"{""type"":""MultiPoint"",""coordinates"":[]}"
381,2016-10-01T00:00:00,0.8384343828385896,caibohu,"{""type"":""MultiPoint"",""coordinates"":[]}"
382,2016-11-01T00:00:00,2.9618736298892756,caibohu,"{""type"":""MultiPoint"",""coordinates"":[]}"
383,2016-12-01T00:00:00,0.0,caibohu,"{""type"":""MultiPoint"",""coordinates"":[]}"
384,2017-01-01T00:00:00,2.666720017416321,caibohu,"{""type"":""MultiPoint"",""coordinates"":[]}"
385,2017-02-01T00:00:00,3.0515636061707743,caibohu,"{""type"":""MultiPoint"",""coordinates"":[]}"
386,2017-03-01T00:00:00,2.717112422864249,caibohu,"{""type"":""MultiPoint"",""coordinates"":[]}"
387,2017-04-01T00:00:00,2.8162856440585275,caibohu,"{""type"":""MultiPoint"",""coordinates"":[]}"
388,2017-05-01T00:00:00,0.7404484022745768,caibohu,"{""type"":""MultiPoint"",""coordinates"":[]}"
389,2017-06-01T00:00:00,2.167374948773074,caibohu,"{""type"":""MultiPoint"",""coordinates"":[]}"
390,2017-07-01T00:00:00,2.7020908190266923,caibohu,"{""type"":""MultiPoint"",""coordinates"":[]}"
391,2017-08-01T00:00:00,2.6955072996242153,caibohu,"{""type"":""MultiPoint"",""coordinates"":[]}"
392,2017-09-01T00:00:00,2.6594468353041703,caibohu,"{""type"":""MultiPoint"",""coordinates"":[]}"
393,2017-10-01T00:00:00,2.9220058602297314,caibohu,"{""type"":""MultiPoint"",""coordinates"":[]}"
394,2017-11-01T00:00:00,2.930094631578872,caibohu,"{""type"":""MultiPoint"",""coordinates"":[]}"
395,2017-12-01T00:00:00,0.0,caibohu,"{""type"":""MultiPoint"",""coordinates"":[]}"
396,2018-01-01T00:00:00,0.0,caibohu,"{""type"":""MultiPoint"",""coordinates"":[]}"
397,2018-02-01T00:00:00,3.103222282561178,caibohu,"{""type"":""MultiPoint"",""coordinates"":[]}"
398,2018-03-01T00:00:00,2.9934992942330148,caibohu,"{""type"":""MultiPoint"",""coordinates"":[]}"
399,2018-04-01T00:00:00,2.817257710166781,caibohu,"{""type"":""MultiPoint"",""coordinates"":[]}"
400,2018-05-01T00:00:00,0.5956319092538871,caibohu,"{""type"":""MultiPoint"",""coordinates"":[]}"
401,2018-06-01T00:00:00,2.644400956283989,caibohu,"{""type"":""MultiPoint"",""coordinates"":[]}"
402,2018-07-01T00:00:00,2.767509517024022,caibohu,"{""type"":""MultiPoint"",""coordinates"":[]}"
403,2018-08-01T00:00:00,2.5795317387941843,caibohu,"{""type"":""MultiPoint"",""coordinates"":[]}"
404,2018-09-01T00:00:00,2.8119918728395947,caibohu,"{""type"":""MultiPoint"",""coordinates"":[]}"
405,2018-10-01T00:00:00,2.870381611693139,caibohu,"{""type"":""MultiPoint"",""coordinates"":[]}"
406,2018-11-01T00:00:00,3.013745697295783,caibohu,"{""type"":""MultiPoint"",""coordinates"":[]}"
407,2018-12-01T00:00:00,0.0,caibohu,"{""type"":""MultiPoint"",""coordinates"":[]}"
408,2019-01-01T00:00:00,0.0,caibohu,"{""type"":""MultiPoint"",""coordinates"":[]}"
409,2019-02-01T00:00:00,0.19089351702593635,caibohu,"{""type"":""MultiPoint"",""coordinates"":[]}"
410,2019-03-01T00:00:00,3.040723200426049,caibohu,"{""type"":""MultiPoint"",""coordinates"":[]}"
411,2019-04-01T00:00:00,2.4307684667805995,caibohu,"{""type"":""MultiPoint"",""coordinates"":[]}"
412,2019-05-01T00:00:00,2.5716331405543906,caibohu,"{""type"":""MultiPoint"",""coordinates"":[]}"
413,2019-06-01T00:00:00,2.8232115467136754,caibohu,"{""type"":""MultiPoint"",""coordinates"":[]}"
414,2019-07-01T00:00:00,2.6885376899816174,caibohu,"{""type"":""MultiPoint"",""coordinates"":[]}"
415,2019-08-01T00:00:00,2.7287793503125957,caibohu,"{""type"":""MultiPoint"",""coordinates"":[]}"
416,2019-09-01T00:00:00,2.7401630975899494,caibohu,"{""type"":""MultiPoint"",""coordinates"":[]}"
417,2019-10-01T00:00:00,2.815759080721746,caibohu,"{""type"":""MultiPoint"",""coordinates"":[]}"
418,2019-11-01T00:00:00,2.886316893785664,caibohu,"{""type"":""MultiPoint"",""coordinates"":[]}"
419,2019-12-01T00:00:00,0.0,caibohu,"{""type"":""MultiPoint"",""coordinates"":[]}"
420,2020-01-01T00:00:00,0.0,caibohu,"{""type"":""MultiPoint"",""coordinates"":[]}"
421,2020-02-01T00:00:00,3.0615297065613984,caibohu,"{""type"":""MultiPoint"",""coordinates"":[]}"
422,2020-03-01T00:00:00,2.938694453949334,caibohu,"{""type"":""MultiPoint"",""coordinates"":[]}"
423,2020-04-01T00:00:00,2.7431868223740525,caibohu,"{""type"":""MultiPoint"",""coordinates"":[]}"
424,2020-05-01T00:00:00,1.1261943844097064,caibohu,"{""type"":""MultiPoint"",""coordinates"":[]}"
425,2020-06-01T00:00:00,2.5311191899296777,caibohu,"{""type"":""MultiPoint"",""coordinates"":[]}"
426,2020-07-01T00:00:00,0.0,caibohu,"{""type"":""MultiPoint"",""coordinates"":[]}"
427,2020-08-01T00:00:00,2.7662283329290656,caibohu,"{""type"":""MultiPoint"",""coordinates"":[]}"
428,2020-09-01T00:00:00,1.6245534648332183,caibohu,"{""type"":""MultiPoint"",""coordinates"":[]}"
429,2020-10-01T00:00:00,2.7426036350794174,caibohu,"{""type"":""MultiPoint"",""coordinates"":[]}"
430,2020-11-01T00:00:00,2.8321433359631105,caibohu,"{""type"":""MultiPoint"",""coordinates"":[]}"
431,2020-12-01T00:00:00,0.0,caibohu,"{""type"":""MultiPoint"",""coordinates"":[]}"
