system:index,Date,area_km2,lake,.geo
0,1985-01-01T00:00:00,0.0,chuanjiangchi,"{""type"":""MultiPoint"",""coordinates"":[]}"
1,1985-02-01T00:00:00,0.0,chuanjiangchi,"{""type"":""MultiPoint"",""coordinates"":[]}"
2,1985-03-01T00:00:00,0.0,chuanjiangchi,"{""type"":""MultiPoint"",""coordinates"":[]}"
3,1985-04-01T00:00:00,0.0,chuanjiangchi,"{""type"":""MultiPoint"",""coordinates"":[]}"
4,1985-05-01T00:00:00,0.0,chuanjiangchi,"{""type"":""MultiPoint"",""coordinates"":[]}"
5,1985-06-01T00:00:00,0.0,chuanjiangchi,"{""type"":""MultiPoint"",""coordinates"":[]}"
6,1985-07-01T00:00:00,0.0,chuanjiangchi,"{""type"":""MultiPoint"",""coordinates"":[]}"
7,1985-08-01T00:00:00,0.0,chuanjiangchi,"{""type"":""MultiPoint"",""coordinates"":[]}"
8,1985-09-01T00:00:00,0.0,chuanjiangchi,"{""type"":""MultiPoint"",""coordinates"":[]}"
9,1985-10-01T00:00:00,0.0,chuanjiangchi,"{""type"":""MultiPoint"",""coordinates"":[]}"
10,1985-11-01T00:00:00,0.0,chuanjiangchi,"{""type"":""MultiPoint"",""coordinates"":[]}"
11,1985-12-01T00:00:00,0.0,chuanjiangchi,"{""type"":""MultiPoint"",""coordinates"":[]}"
12,1986-01-01T00:00:00,0.0,chuanjiangchi,"{""type"":""MultiPoint"",""coordinates"":[]}"
13,1986-02-01T00:00:00,0.0,chuanjiangchi,"{""type"":""MultiPoint"",""coordinates"":[]}"
14,1986-03-01T00:00:00,0.0,chuanjiangchi,"{""type"":""MultiPoint"",""coordinates"":[]}"
15,1986-04-01T00:00:00,0.0,chuanjiangchi,"{""type"":""MultiPoint"",""coordinates"":[]}"
16,1986-05-01T00:00:00,0.0,chuanjiangchi,"{""type"":""MultiPoint"",""coordinates"":[]}"
17,1986-06-01T00:00:00,0.0,chuanjiangchi,"{""type"":""MultiPoint"",""coordinates"":[]}"
18,1986-07-01T00:00:00,0.0,chuanjiangchi,"{""type"":""MultiPoint"",""coordinates"":[]}"
19,1986-08-01T00:00:00,0.0,chuanjiangchi,"{""type"":""MultiPoint"",""coordinates"":[]}"
20,1986-09-01T00:00:00,0.0,chuanjiangchi,"{""type"":""MultiPoint"",""coordinates"":[]}"
21,1986-10-01T00:00:00,0.0,chuanjiangchi,"{""type"":""MultiPoint"",""coordinates"":[]}"
22,1986-11-01T00:00:00,0.0,chuanjiangchi,"{""type"":""MultiPoint"",""coordinates"":[]}"
23,1986-12-01T00:00:00,0.0,chuanjiangchi,"{""type"":""MultiPoint"",""coordinates"":[]}"
24,1987-01-01T00:00:00,0.0,chuanjiangchi,"{""type"":""MultiPoint"",""coordinates"":[]}"
25,1987-02-01T00:00:00,0.0,chuanjiangchi,"{""type"":""MultiPoint"",""coordinates"":[]}"
26,1987-03-01T00:00:00,0.0,chuanjiangchi,"{""type"":""MultiPoint"",""coordinates"":[]}"
27,1987-04-01T00:00:00,0.0,chuanjiangchi,"{""type"":""MultiPoint"",""coordinates"":[]}"
28,1987-05-01T00:00:00,0.0,chuanjiangchi,"{""type"":""MultiPoint"",""coordinates"":[]}"
29,1987-06-01T00:00:00,0.0,chuanjiangchi,"{""type"":""MultiPoint"",""coordinates"":[]}"
30,1987-07-01T00:00:00,0.0,chuanjiangchi,"{""type"":""MultiPoint"",""coordinates"":[]}"
31,1987-08-01T00:00:00,0.0,chuanjiangchi,"{""type"":""MultiPoint"",""coordinates"":[]}"
32,1987-09-01T00:00:00,0.16865246948242188,chuanjiangchi,"{""type"":""MultiPoint"",""coordinates"":[]}"
33,1987-10-01T00:00:00,0.0,chuanjiangchi,"{""type"":""MultiPoint"",""coordinates"":[]}"
34,1987-11-01T00:00:00,0.0,chuanjiangchi,"{""type"":""MultiPoint"",""coordinates"":[]}"
35,1987-12-01T00:00:00,0.0,chuanjiangchi,"{""type"":""MultiPoint"",""coordinates"":[]}"
36,1988-01-01T00:00:00,0.0,chuanjiangchi,"{""type"":""MultiPoint"",""coordinates"":[]}"
37,1988-02-01T00:00:00,0.0,chuanjiangchi,"{""type"":""MultiPoint"",""coordinates"":[]}"
38,1988-03-01T00:00:00,0.0,chuanjiangchi,"{""type"":""MultiPoint"",""coordinates"":[]}"
39,1988-04-01T00:00:00,0.0,chuanjiangchi,"{""type"":""MultiPoint"",""coordinates"":[]}"
40,1988-05-01T00:00:00,0.0,chuanjiangchi,"{""type"":""MultiPoint"",""coordinates"":[]}"
41,1988-06-01T00:00:00,0.0,chuanjiangchi,"{""type"":""MultiPoint"",""coordinates"":[]}"
42,1988-07-01T00:00:00,0.0,chuanjiangchi,"{""type"":""MultiPoint"",""coordinates"":[]}"
43,1988-08-01T00:00:00,0.0,chuanjiangchi,"{""type"":""MultiPoint"",""coordinates"":[]}"
44,1988-09-01T00:00:00,0.0,chuanjiangchi,"{""type"":""MultiPoint"",""coordinates"":[]}"
45,1988-10-01T00:00:00,0.0,chuanjiangchi,"{""type"":""MultiPoint"",""coordinates"":[]}"
46,1988-11-01T00:00:00,0.0,chuanjiangchi,"{""type"":""MultiPoint"",""coordinates"":[]}"
47,1988-12-01T00:00:00,0.0,chuanjiangchi,"{""type"":""MultiPoint"",""coordinates"":[]}"
48,1989-01-01T00:00:00,0.0,chuanjiangchi,"{""type"":""MultiPoint"",""coordinates"":[]}"
49,1989-02-01T00:00:00,0.0,chuanjiangchi,"{""type"":""MultiPoint"",""coordinates"":[]}"
50,1989-03-01T00:00:00,0.0,chuanjiangchi,"{""type"":""MultiPoint"",""coordinates"":[]}"
51,1989-04-01T00:00:00,0.0,chuanjiangchi,"{""type"":""MultiPoint"",""coordinates"":[]}"
52,1989-05-01T00:00:00,0.0,chuanjiangchi,"{""type"":""MultiPoint"",""coordinates"":[]}"
53,1989-06-01T00:00:00,0.0,chuanjiangchi,"{""type"":""MultiPoint"",""coordinates"":[]}"
54,1989-07-01T00:00:00,0.0,chuanjiangchi,"{""type"":""MultiPoint"",""coordinates"":[]}"
55,1989-08-01T00:00:00,0.0,chuanjiangchi,"{""type"":""MultiPoint"",""coordinates"":[]}"
56,1989-09-01T00:00:00,0.0,chuanjiangchi,"{""type"":""MultiPoint"",""coordinates"":[]}"
57,1989-10-01T00:00:00,0.0,chuanjiangchi,"{""type"":""MultiPoint"",""coordinates"":[]}"
58,1989-11-01T00:00:00,0.0,chuanjiangchi,"{""type"":""MultiPoint"",""coordinates"":[]}"
59,1989-12-01T00:00:00,0.0,chuanjiangchi,"{""type"":""MultiPoint"",""coordinates"":[]}"
60,1990-01-01T00:00:00,0.0,chuanjiangchi,"{""type"":""MultiPoint"",""coordinates"":[]}"
61,1990-02-01T00:00:00,0.0,chuanjiangchi,"{""type"":""MultiPoint"",""coordinates"":[]}"
62,1990-03-01T00:00:00,0.0,chuanjiangchi,"{""type"":""MultiPoint"",""coordinates"":[]}"
63,1990-04-01T00:00:00,0.0,chuanjiangchi,"{""type"":""MultiPoint"",""coordinates"":[]}"
64,1990-05-01T00:00:00,0.0,chuanjiangchi,"{""type"":""MultiPoint"",""coordinates"":[]}"
65,1990-06-01T00:00:00,0.0,chuanjiangchi,"{""type"":""MultiPoint"",""coordinates"":[]}"
66,1990-07-01T00:00:00,0.0,chuanjiangchi,"{""type"":""MultiPoint"",""coordinates"":[]}"
67,1990-08-01T00:00:00,0.0,chuanjiangchi,"{""type"":""MultiPoint"",""coordinates"":[]}"
68,1990-09-01T00:00:00,0.3981697229638193,chuanjiangchi,"{""type"":""MultiPoint"",""coordinates"":[]}"
69,1990-10-01T00:00:00,0.0,chuanjiangchi,"{""type"":""MultiPoint"",""coordinates"":[]}"
70,1990-11-01T00:00:00,0.0,chuanjiangchi,"{""type"":""MultiPoint"",""coordinates"":[]}"
71,1990-12-01T00:00:00,0.0,chuanjiangchi,"{""type"":""MultiPoint"",""coordinates"":[]}"
72,1991-01-01T00:00:00,0.0,chuanjiangchi,"{""type"":""MultiPoint"",""coordinates"":[]}"
73,1991-02-01T00:00:00,0.0,chuanjiangchi,"{""type"":""MultiPoint"",""coordinates"":[]}"
74,1991-03-01T00:00:00,0.0,chuanjiangchi,"{""type"":""MultiPoint"",""coordinates"":[]}"
75,1991-04-01T00:00:00,0.0,chuanjiangchi,"{""type"":""MultiPoint"",""coordinates"":[]}"
76,1991-05-01T00:00:00,0.0,chuanjiangchi,"{""type"":""MultiPoint"",""coordinates"":[]}"
77,1991-06-01T00:00:00,0.0,chuanjiangchi,"{""type"":""MultiPoint"",""coordinates"":[]}"
78,1991-07-01T00:00:00,1.252816151500747,chuanjiangchi,"{""type"":""MultiPoint"",""coordinates"":[]}"
79,1991-08-01T00:00:00,0.0,chuanjiangchi,"{""type"":""MultiPoint"",""coordinates"":[]}"
80,1991-09-01T00:00:00,0.0,chuanjiangchi,"{""type"":""MultiPoint"",""coordinates"":[]}"
81,1991-10-01T00:00:00,0.0,chuanjiangchi,"{""type"":""MultiPoint"",""coordinates"":[]}"
82,1991-11-01T00:00:00,0.0,chuanjiangchi,"{""type"":""MultiPoint"",""coordinates"":[]}"
83,1991-12-01T00:00:00,0.0,chuanjiangchi,"{""type"":""MultiPoint"",""coordinates"":[]}"
84,1992-01-01T00:00:00,1.06580709539029,chuanjiangchi,"{""type"":""MultiPoint"",""coordinates"":[]}"
85,1992-02-01T00:00:00,0.04332764483642578,chuanjiangchi,"{""type"":""MultiPoint"",""coordinates"":[]}"
86,1992-03-01T00:00:00,0.0,chuanjiangchi,"{""type"":""MultiPoint"",""coordinates"":[]}"
87,1992-04-01T00:00:00,0.0,chuanjiangchi,"{""type"":""MultiPoint"",""coordinates"":[]}"
88,1992-05-01T00:00:00,0.0,chuanjiangchi,"{""type"":""MultiPoint"",""coordinates"":[]}"
89,1992-06-01T00:00:00,0.0,chuanjiangchi,"{""type"":""MultiPoint"",""coordinates"":[]}"
90,1992-07-01T00:00:00,0.0,chuanjiangchi,"{""type"":""MultiPoint"",""coordinates"":[]}"
91,1992-08-01T00:00:00,0.0,chuanjiangchi,"{""type"":""MultiPoint"",""coordinates"":[]}"
92,1992-09-01T00:00:00,0.0,chuanjiangchi,"{""type"":""MultiPoint"",""coordinates"":[]}"
93,1992-10-01T00:00:00,0.0,chuanjiangchi,"{""type"":""MultiPoint"",""coordinates"":[]}"
94,1992-11-01T00:00:00,0.0,chuanjiangchi,"{""type"":""MultiPoint"",""coordinates"":[]}"
95,1992-12-01T00:00:00,0.0,chuanjiangchi,"{""type"":""MultiPoint"",""coordinates"":[]}"
96,1993-01-01T00:00:00,0.0,chuanjiangchi,"{""type"":""MultiPoint"",""coordinates"":[]}"
97,1993-02-01T00:00:00,0.0,chuanjiangchi,"{""type"":""MultiPoint"",""coordinates"":[]}"
98,1993-03-01T00:00:00,0.0,chuanjiangchi,"{""type"":""MultiPoint"",""coordinates"":[]}"
99,1993-04-01T00:00:00,0.0,chuanjiangchi,"{""type"":""MultiPoint"",""coordinates"":[]}"
100,1993-05-01T00:00:00,0.0,chuanjiangchi,"{""type"":""MultiPoint"",""coordinates"":[]}"
101,1993-06-01T00:00:00,0.0,chuanjiangchi,"{""type"":""MultiPoint"",""coordinates"":[]}"
102,1993-07-01T00:00:00,0.0,chuanjiangchi,"{""type"":""MultiPoint"",""coordinates"":[]}"
103,1993-08-01T00:00:00,0.0,chuanjiangchi,"{""type"":""MultiPoint"",""coordinates"":[]}"
104,1993-09-01T00:00:00,0.0,chuanjiangchi,"{""type"":""MultiPoint"",""coordinates"":[]}"
105,1993-10-01T00:00:00,0.890220017593683,chuanjiangchi,"{""type"":""MultiPoint"",""coordinates"":[]}"
106,1993-11-01T00:00:00,0.0,chuanjiangchi,"{""type"":""MultiPoint"",""coordinates"":[]}"
107,1993-12-01T00:00:00,0.0,chuanjiangchi,"{""type"":""MultiPoint"",""coordinates"":[]}"
108,1994-01-01T00:00:00,0.0,chuanjiangchi,"{""type"":""MultiPoint"",""coordinates"":[]}"
109,1994-02-01T00:00:00,0.0,chuanjiangchi,"{""type"":""MultiPoint"",""coordinates"":[]}"
110,1994-03-01T00:00:00,0.0,chuanjiangchi,"{""type"":""MultiPoint"",""coordinates"":[]}"
111,1994-04-01T00:00:00,0.0,chuanjiangchi,"{""type"":""MultiPoint"",""coordinates"":[]}"
112,1994-05-01T00:00:00,0.0,chuanjiangchi,"{""type"":""MultiPoint"",""coordinates"":[]}"
113,1994-06-01T00:00:00,0.0,chuanjiangchi,"{""type"":""MultiPoint"",""coordinates"":[]}"
114,1994-07-01T00:00:00,0.0,chuanjiangchi,"{""type"":""MultiPoint"",""coordinates"":[]}"
115,1994-08-01T00:00:00,0.2104360296020508,chuanjiangchi,"{""type"":""MultiPoint"",""coordinates"":[]}"
116,1994-09-01T00:00:00,0.6268247905558268,chuanjiangchi,"{""type"":""MultiPoint"",""coordinates"":[]}"
117,1994-10-01T00:00:00,0.0,chuanjiangchi,"{""type"":""MultiPoint"",""coordinates"":[]}"
118,1994-11-01T00:00:00,0.0,chuanjiangchi,"{""type"":""MultiPoint"",""coordinates"":[]}"
119,1994-12-01T00:00:00,0.0,chuanjiangchi,"{""type"":""MultiPoint"",""coordinates"":[]}"
120,1995-01-01T00:00:00,0.0,chuanjiangchi,"{""type"":""MultiPoint"",""coordinates"":[]}"
121,1995-02-01T00:00:00,0.0,chuanjiangchi,"{""type"":""MultiPoint"",""coordinates"":[]}"
122,1995-03-01T00:00:00,0.0,chuanjiangchi,"{""type"":""MultiPoint"",""coordinates"":[]}"
123,1995-04-01T00:00:00,0.3694441129624311,chuanjiangchi,"{""type"":""MultiPoint"",""coordinates"":[]}"
124,1995-05-01T00:00:00,0.0,chuanjiangchi,"{""type"":""MultiPoint"",""coordinates"":[]}"
125,1995-06-01T00:00:00,0.0,chuanjiangchi,"{""type"":""MultiPoint"",""coordinates"":[]}"
126,1995-07-01T00:00:00,0.0,chuanjiangchi,"{""type"":""MultiPoint"",""coordinates"":[]}"
127,1995-08-01T00:00:00,0.0,chuanjiangchi,"{""type"":""MultiPoint"",""coordinates"":[]}"
128,1995-09-01T00:00:00,0.0,chuanjiangchi,"{""type"":""MultiPoint"",""coordinates"":[]}"
129,1995-10-01T00:00:00,0.9046868342866786,chuanjiangchi,"{""type"":""MultiPoint"",""coordinates"":[]}"
130,1995-11-01T00:00:00,0.0,chuanjiangchi,"{""type"":""MultiPoint"",""coordinates"":[]}"
131,1995-12-01T00:00:00,0.0,chuanjiangchi,"{""type"":""MultiPoint"",""coordinates"":[]}"
132,1996-01-01T00:00:00,0.0,chuanjiangchi,"{""type"":""MultiPoint"",""coordinates"":[]}"
133,1996-02-01T00:00:00,0.9911691029119752,chuanjiangchi,"{""type"":""MultiPoint"",""coordinates"":[]}"
134,1996-03-01T00:00:00,0.0,chuanjiangchi,"{""type"":""MultiPoint"",""coordinates"":[]}"
135,1996-04-01T00:00:00,0.0,chuanjiangchi,"{""type"":""MultiPoint"",""coordinates"":[]}"
136,1996-05-01T00:00:00,0.0,chuanjiangchi,"{""type"":""MultiPoint"",""coordinates"":[]}"
137,1996-06-01T00:00:00,0.24057248640256396,chuanjiangchi,"{""type"":""MultiPoint"",""coordinates"":[]}"
138,1996-07-01T00:00:00,0.0,chuanjiangchi,"{""type"":""MultiPoint"",""coordinates"":[]}"
139,1996-08-01T00:00:00,0.058022773071289065,chuanjiangchi,"{""type"":""MultiPoint"",""coordinates"":[]}"
140,1996-09-01T00:00:00,0.18280288104224113,chuanjiangchi,"{""type"":""MultiPoint"",""coordinates"":[]}"
141,1996-10-01T00:00:00,0.8218398381170533,chuanjiangchi,"{""type"":""MultiPoint"",""coordinates"":[]}"
142,1996-11-01T00:00:00,0.0,chuanjiangchi,"{""type"":""MultiPoint"",""coordinates"":[]}"
143,1996-12-01T00:00:00,0.0,chuanjiangchi,"{""type"":""MultiPoint"",""coordinates"":[]}"
144,1997-01-01T00:00:00,0.0,chuanjiangchi,"{""type"":""MultiPoint"",""coordinates"":[]}"
145,1997-02-01T00:00:00,0.0,chuanjiangchi,"{""type"":""MultiPoint"",""coordinates"":[]}"
146,1997-03-01T00:00:00,0.0,chuanjiangchi,"{""type"":""MultiPoint"",""coordinates"":[]}"
147,1997-04-01T00:00:00,0.0,chuanjiangchi,"{""type"":""MultiPoint"",""coordinates"":[]}"
148,1997-05-01T00:00:00,0.0,chuanjiangchi,"{""type"":""MultiPoint"",""coordinates"":[]}"
149,1997-06-01T00:00:00,0.0,chuanjiangchi,"{""type"":""MultiPoint"",""coordinates"":[]}"
150,1997-07-01T00:00:00,0.0,chuanjiangchi,"{""type"":""MultiPoint"",""coordinates"":[]}"
151,1997-08-01T00:00:00,0.0,chuanjiangchi,"{""type"":""MultiPoint"",""coordinates"":[]}"
152,1997-09-01T00:00:00,0.0,chuanjiangchi,"{""type"":""MultiPoint"",""coordinates"":[]}"
153,1997-10-01T00:00:00,0.0,chuanjiangchi,"{""type"":""MultiPoint"",""coordinates"":[]}"
154,1997-11-01T00:00:00,0.0,chuanjiangchi,"{""type"":""MultiPoint"",""coordinates"":[]}"
155,1997-12-01T00:00:00,0.0,chuanjiangchi,"{""type"":""MultiPoint"",""coordinates"":[]}"
156,1998-01-01T00:00:00,0.0,chuanjiangchi,"{""type"":""MultiPoint"",""coordinates"":[]}"
157,1998-02-01T00:00:00,0.0,chuanjiangchi,"{""type"":""MultiPoint"",""coordinates"":[]}"
158,1998-03-01T00:00:00,0.0,chuanjiangchi,"{""type"":""MultiPoint"",""coordinates"":[]}"
159,1998-04-01T00:00:00,0.0,chuanjiangchi,"{""type"":""MultiPoint"",""coordinates"":[]}"
160,1998-05-01T00:00:00,0.0,chuanjiangchi,"{""type"":""MultiPoint"",""coordinates"":[]}"
161,1998-06-01T00:00:00,0.0,chuanjiangchi,"{""type"":""MultiPoint"",""coordinates"":[]}"
162,1998-07-01T00:00:00,0.0,chuanjiangchi,"{""type"":""MultiPoint"",""coordinates"":[]}"
163,1998-08-01T00:00:00,0.0,chuanjiangchi,"{""type"":""MultiPoint"",""coordinates"":[]}"
164,1998-09-01T00:00:00,0.0,chuanjiangchi,"{""type"":""MultiPoint"",""coordinates"":[]}"
165,1998-10-01T00:00:00,0.0,chuanjiangchi,"{""type"":""MultiPoint"",""coordinates"":[]}"
166,1998-11-01T00:00:00,0.0,chuanjiangchi,"{""type"":""MultiPoint"",""coordinates"":[]}"
167,1998-12-01T00:00:00,0.0,chuanjiangchi,"{""type"":""MultiPoint"",""coordinates"":[]}"
168,1999-01-01T00:00:00,0.0,chuanjiangchi,"{""type"":""MultiPoint"",""coordinates"":[]}"
169,1999-02-01T00:00:00,0.0,chuanjiangchi,"{""type"":""MultiPoint"",""coordinates"":[]}"
170,1999-03-01T00:00:00,0.0,chuanjiangchi,"{""type"":""MultiPoint"",""coordinates"":[]}"
171,1999-04-01T00:00:00,0.0,chuanjiangchi,"{""type"":""MultiPoint"",""coordinates"":[]}"
172,1999-05-01T00:00:00,0.0,chuanjiangchi,"{""type"":""MultiPoint"",""coordinates"":[]}"
173,1999-06-01T00:00:00,0.0,chuanjiangchi,"{""type"":""MultiPoint"",""coordinates"":[]}"
174,1999-07-01T00:00:00,0.0,chuanjiangchi,"{""type"":""MultiPoint"",""coordinates"":[]}"
175,1999-08-01T00:00:00,0.0,chuanjiangchi,"{""type"":""MultiPoint"",""coordinates"":[]}"
176,1999-09-01T00:00:00,0.0,chuanjiangchi,"{""type"":""MultiPoint"",""coordinates"":[]}"
177,1999-10-01T00:00:00,0.0,chuanjiangchi,"{""type"":""MultiPoint"",""coordinates"":[]}"
178,1999-11-01T00:00:00,0.0,chuanjiangchi,"{""type"":""MultiPoint"",""coordinates"":[]}"
179,1999-12-01T00:00:00,0.0,chuanjiangchi,"{""type"":""MultiPoint"",""coordinates"":[]}"
180,2000-01-01T00:00:00,0.0,chuanjiangchi,"{""type"":""MultiPoint"",""coordinates"":[]}"
181,2000-02-01T00:00:00,0.8116991366155886,chuanjiangchi,"{""type"":""MultiPoint"",""coordinates"":[]}"
182,2000-03-01T00:00:00,0.0,chuanjiangchi,"{""type"":""MultiPoint"",""coordinates"":[]}"
183,2000-04-01T00:00:00,0.0,chuanjiangchi,"{""type"":""MultiPoint"",""coordinates"":[]}"
184,2000-05-01T00:00:00,0.0,chuanjiangchi,"{""type"":""MultiPoint"",""coordinates"":[]}"
185,2000-06-01T00:00:00,0.0,chuanjiangchi,"{""type"":""MultiPoint"",""coordinates"":[]}"
186,2000-07-01T00:00:00,0.11759939526367187,chuanjiangchi,"{""type"":""MultiPoint"",""coordinates"":[]}"
187,2000-08-01T00:00:00,0.017020128723144533,chuanjiangchi,"{""type"":""MultiPoint"",""coordinates"":[]}"
188,2000-09-01T00:00:00,0.42013083498966,chuanjiangchi,"{""type"":""MultiPoint"",""coordinates"":[]}"
189,2000-10-01T00:00:00,0.6929959460556927,chuanjiangchi,"{""type"":""MultiPoint"",""coordinates"":[]}"
190,2000-11-01T00:00:00,0.0,chuanjiangchi,"{""type"":""MultiPoint"",""coordinates"":[]}"
191,2000-12-01T00:00:00,0.0,chuanjiangchi,"{""type"":""MultiPoint"",""coordinates"":[]}"
192,2001-01-01T00:00:00,0.7390999413291783,chuanjiangchi,"{""type"":""MultiPoint"",""coordinates"":[]}"
193,2001-02-01T00:00:00,0.16339306527937347,chuanjiangchi,"{""type"":""MultiPoint"",""coordinates"":[]}"
194,2001-03-01T00:00:00,0.6408259002309762,chuanjiangchi,"{""type"":""MultiPoint"",""coordinates"":[]}"
195,2001-04-01T00:00:00,0.05174419965054382,chuanjiangchi,"{""type"":""MultiPoint"",""coordinates"":[]}"
196,2001-05-01T00:00:00,0.2614944503245634,chuanjiangchi,"{""type"":""MultiPoint"",""coordinates"":[]}"
197,2001-06-01T00:00:00,0.1036660316772461,chuanjiangchi,"{""type"":""MultiPoint"",""coordinates"":[]}"
198,2001-07-01T00:00:00,0.37377059296803194,chuanjiangchi,"{""type"":""MultiPoint"",""coordinates"":[]}"
199,2001-08-01T00:00:00,0.0,chuanjiangchi,"{""type"":""MultiPoint"",""coordinates"":[]}"
200,2001-09-01T00:00:00,0.36492913378930186,chuanjiangchi,"{""type"":""MultiPoint"",""coordinates"":[]}"
201,2001-10-01T00:00:00,0.40213116006505634,chuanjiangchi,"{""type"":""MultiPoint"",""coordinates"":[]}"
202,2001-11-01T00:00:00,0.7884546177942612,chuanjiangchi,"{""type"":""MultiPoint"",""coordinates"":[]}"
203,2001-12-01T00:00:00,0.0,chuanjiangchi,"{""type"":""MultiPoint"",""coordinates"":[]}"
204,2002-01-01T00:00:00,0.48419247918390007,chuanjiangchi,"{""type"":""MultiPoint"",""coordinates"":[]}"
205,2002-02-01T00:00:00,0.22388876126637175,chuanjiangchi,"{""type"":""MultiPoint"",""coordinates"":[]}"
206,2002-03-01T00:00:00,0.5086412147121054,chuanjiangchi,"{""type"":""MultiPoint"",""coordinates"":[]}"
207,2002-04-01T00:00:00,0.027080152404785156,chuanjiangchi,"{""type"":""MultiPoint"",""coordinates"":[]}"
208,2002-05-01T00:00:00,0.0,chuanjiangchi,"{""type"":""MultiPoint"",""coordinates"":[]}"
209,2002-06-01T00:00:00,0.0,chuanjiangchi,"{""type"":""MultiPoint"",""coordinates"":[]}"
210,2002-07-01T00:00:00,0.35214198418088427,chuanjiangchi,"{""type"":""MultiPoint"",""coordinates"":[]}"
211,2002-08-01T00:00:00,0.21746912825496897,chuanjiangchi,"{""type"":""MultiPoint"",""coordinates"":[]}"
212,2002-09-01T00:00:00,0.47877578678289673,chuanjiangchi,"{""type"":""MultiPoint"",""coordinates"":[]}"
213,2002-10-01T00:00:00,0.9025470300180471,chuanjiangchi,"{""type"":""MultiPoint"",""coordinates"":[]}"
214,2002-11-01T00:00:00,0.0,chuanjiangchi,"{""type"":""MultiPoint"",""coordinates"":[]}"
215,2002-12-01T00:00:00,0.0,chuanjiangchi,"{""type"":""MultiPoint"",""coordinates"":[]}"
216,2003-01-01T00:00:00,1.2856499905271044,chuanjiangchi,"{""type"":""MultiPoint"",""coordinates"":[]}"
217,2003-02-01T00:00:00,1.0250320199405447,chuanjiangchi,"{""type"":""MultiPoint"",""coordinates"":[]}"
218,2003-03-01T00:00:00,0.7004379719846238,chuanjiangchi,"{""type"":""MultiPoint"",""coordinates"":[]}"
219,2003-04-01T00:00:00,0.8113373668229644,chuanjiangchi,"{""type"":""MultiPoint"",""coordinates"":[]}"
220,2003-05-01T00:00:00,0.9000834783933153,chuanjiangchi,"{""type"":""MultiPoint"",""coordinates"":[]}"
221,2003-06-01T00:00:00,0.0015472950439453124,chuanjiangchi,"{""type"":""MultiPoint"",""coordinates"":[]}"
222,2003-07-01T00:00:00,0.32099377616756664,chuanjiangchi,"{""type"":""MultiPoint"",""coordinates"":[]}"
223,2003-08-01T00:00:00,0.0,chuanjiangchi,"{""type"":""MultiPoint"",""coordinates"":[]}"
224,2003-09-01T00:00:00,0.30019926889576637,chuanjiangchi,"{""type"":""MultiPoint"",""coordinates"":[]}"
225,2003-10-01T00:00:00,0.9511551161161534,chuanjiangchi,"{""type"":""MultiPoint"",""coordinates"":[]}"
226,2003-11-01T00:00:00,1.1441587381225586,chuanjiangchi,"{""type"":""MultiPoint"",""coordinates"":[]}"
227,2003-12-01T00:00:00,0.0,chuanjiangchi,"{""type"":""MultiPoint"",""coordinates"":[]}"
228,2004-01-01T00:00:00,1.1164161594958735,chuanjiangchi,"{""type"":""MultiPoint"",""coordinates"":[]}"
229,2004-02-01T00:00:00,0.7979459401429422,chuanjiangchi,"{""type"":""MultiPoint"",""coordinates"":[]}"
230,2004-03-01T00:00:00,0.6657923308924059,chuanjiangchi,"{""type"":""MultiPoint"",""coordinates"":[]}"
231,2004-04-01T00:00:00,0.435281743600404,chuanjiangchi,"{""type"":""MultiPoint"",""coordinates"":[]}"
232,2004-05-01T00:00:00,0.08510072814941406,chuanjiangchi,"{""type"":""MultiPoint"",""coordinates"":[]}"
233,2004-06-01T00:00:00,0.0,chuanjiangchi,"{""type"":""MultiPoint"",""coordinates"":[]}"
234,2004-07-01T00:00:00,0.6365392612182618,chuanjiangchi,"{""type"":""MultiPoint"",""coordinates"":[]}"
235,2004-08-01T00:00:00,0.008509825805664062,chuanjiangchi,"{""type"":""MultiPoint"",""coordinates"":[]}"
236,2004-09-01T00:00:00,0.5868750018638461,chuanjiangchi,"{""type"":""MultiPoint"",""coordinates"":[]}"
237,2004-10-01T00:00:00,0.7963797912939934,chuanjiangchi,"{""type"":""MultiPoint"",""coordinates"":[]}"
238,2004-11-01T00:00:00,1.0401724524414062,chuanjiangchi,"{""type"":""MultiPoint"",""coordinates"":[]}"
239,2004-12-01T00:00:00,0.0,chuanjiangchi,"{""type"":""MultiPoint"",""coordinates"":[]}"
240,2005-01-01T00:00:00,1.1788105746912338,chuanjiangchi,"{""type"":""MultiPoint"",""coordinates"":[]}"
241,2005-02-01T00:00:00,1.017472846776865,chuanjiangchi,"{""type"":""MultiPoint"",""coordinates"":[]}"
242,2005-03-01T00:00:00,0.8874938645002778,chuanjiangchi,"{""type"":""MultiPoint"",""coordinates"":[]}"
243,2005-04-01T00:00:00,0.47232724855478325,chuanjiangchi,"{""type"":""MultiPoint"",""coordinates"":[]}"
244,2005-05-01T00:00:00,0.570212424782667,chuanjiangchi,"{""type"":""MultiPoint"",""coordinates"":[]}"
245,2005-06-01T00:00:00,0.0,chuanjiangchi,"{""type"":""MultiPoint"",""coordinates"":[]}"
246,2005-07-01T00:00:00,0.02552966162109375,chuanjiangchi,"{""type"":""MultiPoint"",""coordinates"":[]}"
247,2005-08-01T00:00:00,0.2614966761474609,chuanjiangchi,"{""type"":""MultiPoint"",""coordinates"":[]}"
248,2005-09-01T00:00:00,0.4727640723525103,chuanjiangchi,"{""type"":""MultiPoint"",""coordinates"":[]}"
249,2005-10-01T00:00:00,1.0725573164234832,chuanjiangchi,"{""type"":""MultiPoint"",""coordinates"":[]}"
250,2005-11-01T00:00:00,0.9384029376469631,chuanjiangchi,"{""type"":""MultiPoint"",""coordinates"":[]}"
251,2005-12-01T00:00:00,0.0,chuanjiangchi,"{""type"":""MultiPoint"",""coordinates"":[]}"
252,2006-01-01T00:00:00,1.123245394376149,chuanjiangchi,"{""type"":""MultiPoint"",""coordinates"":[]}"
253,2006-02-01T00:00:00,0.8184073709520528,chuanjiangchi,"{""type"":""MultiPoint"",""coordinates"":[]}"
254,2006-03-01T00:00:00,0.8913749022020527,chuanjiangchi,"{""type"":""MultiPoint"",""coordinates"":[]}"
255,2006-04-01T00:00:00,0.46038753686116535,chuanjiangchi,"{""type"":""MultiPoint"",""coordinates"":[]}"
256,2006-05-01T00:00:00,0.5192198326387293,chuanjiangchi,"{""type"":""MultiPoint"",""coordinates"":[]}"
257,2006-06-01T00:00:00,0.3777923631572649,chuanjiangchi,"{""type"":""MultiPoint"",""coordinates"":[]}"
258,2006-07-01T00:00:00,0.03249285369873047,chuanjiangchi,"{""type"":""MultiPoint"",""coordinates"":[]}"
259,2006-08-01T00:00:00,0.18799494128417968,chuanjiangchi,"{""type"":""MultiPoint"",""coordinates"":[]}"
260,2006-09-01T00:00:00,0.3676172943297143,chuanjiangchi,"{""type"":""MultiPoint"",""coordinates"":[]}"
261,2006-10-01T00:00:00,0.7864414752307369,chuanjiangchi,"{""type"":""MultiPoint"",""coordinates"":[]}"
262,2006-11-01T00:00:00,0.9875185922789331,chuanjiangchi,"{""type"":""MultiPoint"",""coordinates"":[]}"
263,2006-12-01T00:00:00,0.0,chuanjiangchi,"{""type"":""MultiPoint"",""coordinates"":[]}"
264,2007-01-01T00:00:00,0.7304002168275122,chuanjiangchi,"{""type"":""MultiPoint"",""coordinates"":[]}"
265,2007-02-01T00:00:00,1.0357558906764612,chuanjiangchi,"{""type"":""MultiPoint"",""coordinates"":[]}"
266,2007-03-01T00:00:00,0.8217919057547777,chuanjiangchi,"{""type"":""MultiPoint"",""coordinates"":[]}"
267,2007-04-01T00:00:00,0.5384872564706841,chuanjiangchi,"{""type"":""MultiPoint"",""coordinates"":[]}"
268,2007-05-01T00:00:00,0.21830318507678464,chuanjiangchi,"{""type"":""MultiPoint"",""coordinates"":[]}"
269,2007-06-01T00:00:00,0.09529594160754634,chuanjiangchi,"{""type"":""MultiPoint"",""coordinates"":[]}"
270,2007-07-01T00:00:00,0.006962930480957031,chuanjiangchi,"{""type"":""MultiPoint"",""coordinates"":[]}"
271,2007-08-01T00:00:00,0.005415333984375,chuanjiangchi,"{""type"":""MultiPoint"",""coordinates"":[]}"
272,2007-09-01T00:00:00,0.2127585338745117,chuanjiangchi,"{""type"":""MultiPoint"",""coordinates"":[]}"
273,2007-10-01T00:00:00,0.1400305327758789,chuanjiangchi,"{""type"":""MultiPoint"",""coordinates"":[]}"
274,2007-11-01T00:00:00,0.8008278847895605,chuanjiangchi,"{""type"":""MultiPoint"",""coordinates"":[]}"
275,2007-12-01T00:00:00,0.0,chuanjiangchi,"{""type"":""MultiPoint"",""coordinates"":[]}"
276,2008-01-01T00:00:00,0.0,chuanjiangchi,"{""type"":""MultiPoint"",""coordinates"":[]}"
277,2008-02-01T00:00:00,1.205755101650582,chuanjiangchi,"{""type"":""MultiPoint"",""coordinates"":[]}"
278,2008-03-01T00:00:00,0.8685941856526695,chuanjiangchi,"{""type"":""MultiPoint"",""coordinates"":[]}"
279,2008-04-01T00:00:00,0.2943516030680339,chuanjiangchi,"{""type"":""MultiPoint"",""coordinates"":[]}"
280,2008-05-01T00:00:00,0.24892313571873087,chuanjiangchi,"{""type"":""MultiPoint"",""coordinates"":[]}"
281,2008-06-01T00:00:00,0.0,chuanjiangchi,"{""type"":""MultiPoint"",""coordinates"":[]}"
282,2008-07-01T00:00:00,0.017020490966796874,chuanjiangchi,"{""type"":""MultiPoint"",""coordinates"":[]}"
283,2008-08-01T00:00:00,0.0,chuanjiangchi,"{""type"":""MultiPoint"",""coordinates"":[]}"
284,2008-09-01T00:00:00,0.27767289484240965,chuanjiangchi,"{""type"":""MultiPoint"",""coordinates"":[]}"
285,2008-10-01T00:00:00,0.7735971477622836,chuanjiangchi,"{""type"":""MultiPoint"",""coordinates"":[]}"
286,2008-11-01T00:00:00,1.232877840323654,chuanjiangchi,"{""type"":""MultiPoint"",""coordinates"":[]}"
287,2008-12-01T00:00:00,0.0,chuanjiangchi,"{""type"":""MultiPoint"",""coordinates"":[]}"
288,2009-01-01T00:00:00,1.0255444813591452,chuanjiangchi,"{""type"":""MultiPoint"",""coordinates"":[]}"
289,2009-02-01T00:00:00,0.002320858947753906,chuanjiangchi,"{""type"":""MultiPoint"",""coordinates"":[]}"
290,2009-03-01T00:00:00,0.8073942787906422,chuanjiangchi,"{""type"":""MultiPoint"",""coordinates"":[]}"
291,2009-04-01T00:00:00,0.535545437941368,chuanjiangchi,"{""type"":""MultiPoint"",""coordinates"":[]}"
292,2009-05-01T00:00:00,0.485134490897863,chuanjiangchi,"{""type"":""MultiPoint"",""coordinates"":[]}"
293,2009-06-01T00:00:00,0.0,chuanjiangchi,"{""type"":""MultiPoint"",""coordinates"":[]}"
294,2009-07-01T00:00:00,0.37994203986361635,chuanjiangchi,"{""type"":""MultiPoint"",""coordinates"":[]}"
295,2009-08-01T00:00:00,0.15641521773059322,chuanjiangchi,"{""type"":""MultiPoint"",""coordinates"":[]}"
296,2009-09-01T00:00:00,0.28842741264744176,chuanjiangchi,"{""type"":""MultiPoint"",""coordinates"":[]}"
297,2009-10-01T00:00:00,0.07117837255859374,chuanjiangchi,"{""type"":""MultiPoint"",""coordinates"":[]}"
298,2009-11-01T00:00:00,1.4203296684560738,chuanjiangchi,"{""type"":""MultiPoint"",""coordinates"":[]}"
299,2009-12-01T00:00:00,0.0,chuanjiangchi,"{""type"":""MultiPoint"",""coordinates"":[]}"
300,2010-01-01T00:00:00,0.9007981611502853,chuanjiangchi,"{""type"":""MultiPoint"",""coordinates"":[]}"
301,2010-02-01T00:00:00,0.7080569364525887,chuanjiangchi,"{""type"":""MultiPoint"",""coordinates"":[]}"
302,2010-03-01T00:00:00,0.9560183987237669,chuanjiangchi,"{""type"":""MultiPoint"",""coordinates"":[]}"
303,2010-04-01T00:00:00,0.0,chuanjiangchi,"{""type"":""MultiPoint"",""coordinates"":[]}"
304,2010-05-01T00:00:00,0.21424229693076938,chuanjiangchi,"{""type"":""MultiPoint"",""coordinates"":[]}"
305,2010-06-01T00:00:00,0.0,chuanjiangchi,"{""type"":""MultiPoint"",""coordinates"":[]}"
306,2010-07-01T00:00:00,0.39755837964154406,chuanjiangchi,"{""type"":""MultiPoint"",""coordinates"":[]}"
307,2010-08-01T00:00:00,0.23933850983240462,chuanjiangchi,"{""type"":""MultiPoint"",""coordinates"":[]}"
308,2010-09-01T00:00:00,0.4642461527611826,chuanjiangchi,"{""type"":""MultiPoint"",""coordinates"":[]}"
309,2010-10-01T00:00:00,1.0701409130292105,chuanjiangchi,"{""type"":""MultiPoint"",""coordinates"":[]}"
310,2010-11-01T00:00:00,1.0529165590367935,chuanjiangchi,"{""type"":""MultiPoint"",""coordinates"":[]}"
311,2010-12-01T00:00:00,0.0,chuanjiangchi,"{""type"":""MultiPoint"",""coordinates"":[]}"
312,2011-01-01T00:00:00,1.4804353154694205,chuanjiangchi,"{""type"":""MultiPoint"",""coordinates"":[]}"
313,2011-02-01T00:00:00,1.1912721277020628,chuanjiangchi,"{""type"":""MultiPoint"",""coordinates"":[]}"
314,2011-03-01T00:00:00,0.8809717103252339,chuanjiangchi,"{""type"":""MultiPoint"",""coordinates"":[]}"
315,2011-04-01T00:00:00,0.0,chuanjiangchi,"{""type"":""MultiPoint"",""coordinates"":[]}"
316,2011-05-01T00:00:00,0.0,chuanjiangchi,"{""type"":""MultiPoint"",""coordinates"":[]}"
317,2011-06-01T00:00:00,0.17484651933928846,chuanjiangchi,"{""type"":""MultiPoint"",""coordinates"":[]}"
318,2011-07-01T00:00:00,0.0,chuanjiangchi,"{""type"":""MultiPoint"",""coordinates"":[]}"
319,2011-08-01T00:00:00,0.5052179832885743,chuanjiangchi,"{""type"":""MultiPoint"",""coordinates"":[]}"
320,2011-09-01T00:00:00,0.1671076986694336,chuanjiangchi,"{""type"":""MultiPoint"",""coordinates"":[]}"
321,2011-10-01T00:00:00,0.1063126898643344,chuanjiangchi,"{""type"":""MultiPoint"",""coordinates"":[]}"
322,2011-11-01T00:00:00,0.73175671983858,chuanjiangchi,"{""type"":""MultiPoint"",""coordinates"":[]}"
323,2011-12-01T00:00:00,0.0,chuanjiangchi,"{""type"":""MultiPoint"",""coordinates"":[]}"
324,2012-01-01T00:00:00,1.1385427678349513,chuanjiangchi,"{""type"":""MultiPoint"",""coordinates"":[]}"
325,2012-02-01T00:00:00,0.9012137584443934,chuanjiangchi,"{""type"":""MultiPoint"",""coordinates"":[]}"
326,2012-03-01T00:00:00,0.9054832643844306,chuanjiangchi,"{""type"":""MultiPoint"",""coordinates"":[]}"
327,2012-04-01T00:00:00,0.0,chuanjiangchi,"{""type"":""MultiPoint"",""coordinates"":[]}"
328,2012-05-01T00:00:00,0.32409573793418733,chuanjiangchi,"{""type"":""MultiPoint"",""coordinates"":[]}"
329,2012-06-01T00:00:00,0.03946135314941406,chuanjiangchi,"{""type"":""MultiPoint"",""coordinates"":[]}"
330,2012-07-01T00:00:00,0.22148656619825174,chuanjiangchi,"{""type"":""MultiPoint"",""coordinates"":[]}"
331,2012-08-01T00:00:00,0.0,chuanjiangchi,"{""type"":""MultiPoint"",""coordinates"":[]}"
332,2012-09-01T00:00:00,0.054926843139648435,chuanjiangchi,"{""type"":""MultiPoint"",""coordinates"":[]}"
333,2012-10-01T00:00:00,0.0,chuanjiangchi,"{""type"":""MultiPoint"",""coordinates"":[]}"
334,2012-11-01T00:00:00,0.0,chuanjiangchi,"{""type"":""MultiPoint"",""coordinates"":[]}"
335,2012-12-01T00:00:00,0.0,chuanjiangchi,"{""type"":""MultiPoint"",""coordinates"":[]}"
336,2013-01-01T00:00:00,1.205708453407198,chuanjiangchi,"{""type"":""MultiPoint"",""coordinates"":[]}"
337,2013-02-01T00:00:00,0.0,chuanjiangchi,"{""type"":""MultiPoint"",""coordinates"":[]}"
338,2013-03-01T00:00:00,0.0,chuanjiangchi,"{""type"":""MultiPoint"",""coordinates"":[]}"
339,2013-04-01T00:00:00,0.21249097425489238,chuanjiangchi,"{""type"":""MultiPoint"",""coordinates"":[]}"
340,2013-05-01T00:00:00,0.6023812017779181,chuanjiangchi,"{""type"":""MultiPoint"",""coordinates"":[]}"
341,2013-06-01T00:00:00,0.6245163926212086,chuanjiangchi,"{""type"":""MultiPoint"",""coordinates"":[]}"
342,2013-07-01T00:00:00,0.911135929374665,chuanjiangchi,"{""type"":""MultiPoint"",""coordinates"":[]}"
343,2013-08-01T00:00:00,0.9285624950006224,chuanjiangchi,"{""type"":""MultiPoint"",""coordinates"":[]}"
344,2013-09-01T00:00:00,0.7781735404296873,chuanjiangchi,"{""type"":""MultiPoint"",""coordinates"":[]}"
345,2013-10-01T00:00:00,1.0552489955520927,chuanjiangchi,"{""type"":""MultiPoint"",""coordinates"":[]}"
346,2013-11-01T00:00:00,1.1771860836887735,chuanjiangchi,"{""type"":""MultiPoint"",""coordinates"":[]}"
347,2013-12-01T00:00:00,0.0,chuanjiangchi,"{""type"":""MultiPoint"",""coordinates"":[]}"
348,2014-01-01T00:00:00,1.3142202587644092,chuanjiangchi,"{""type"":""MultiPoint"",""coordinates"":[]}"
349,2014-02-01T00:00:00,0.0,chuanjiangchi,"{""type"":""MultiPoint"",""coordinates"":[]}"
350,2014-03-01T00:00:00,0.0030947366333007814,chuanjiangchi,"{""type"":""MultiPoint"",""coordinates"":[]}"
351,2014-04-01T00:00:00,0.36392924825894224,chuanjiangchi,"{""type"":""MultiPoint"",""coordinates"":[]}"
352,2014-05-01T00:00:00,0.6385821443689684,chuanjiangchi,"{""type"":""MultiPoint"",""coordinates"":[]}"
353,2014-06-01T00:00:00,0.0,chuanjiangchi,"{""type"":""MultiPoint"",""coordinates"":[]}"
354,2014-07-01T00:00:00,0.011604866027832032,chuanjiangchi,"{""type"":""MultiPoint"",""coordinates"":[]}"
355,2014-08-01T00:00:00,0.0,chuanjiangchi,"{""type"":""MultiPoint"",""coordinates"":[]}"
356,2014-09-01T00:00:00,0.03559094342041016,chuanjiangchi,"{""type"":""MultiPoint"",""coordinates"":[]}"
357,2014-10-01T00:00:00,0.7325728922679228,chuanjiangchi,"{""type"":""MultiPoint"",""coordinates"":[]}"
358,2014-11-01T00:00:00,0.0,chuanjiangchi,"{""type"":""MultiPoint"",""coordinates"":[]}"
359,2014-12-01T00:00:00,0.0,chuanjiangchi,"{""type"":""MultiPoint"",""coordinates"":[]}"
360,2015-01-01T00:00:00,0.0,chuanjiangchi,"{""type"":""MultiPoint"",""coordinates"":[]}"
361,2015-02-01T00:00:00,0.0,chuanjiangchi,"{""type"":""MultiPoint"",""coordinates"":[]}"
362,2015-03-01T00:00:00,1.041163546863511,chuanjiangchi,"{""type"":""MultiPoint"",""coordinates"":[]}"
363,2015-04-01T00:00:00,0.13529063595329735,chuanjiangchi,"{""type"":""MultiPoint"",""coordinates"":[]}"
364,2015-05-01T00:00:00,0.0,chuanjiangchi,"{""type"":""MultiPoint"",""coordinates"":[]}"
365,2015-06-01T00:00:00,0.00696269384765625,chuanjiangchi,"{""type"":""MultiPoint"",""coordinates"":[]}"
366,2015-07-01T00:00:00,0.3370672121866862,chuanjiangchi,"{""type"":""MultiPoint"",""coordinates"":[]}"
367,2015-08-01T00:00:00,0.31378723617517806,chuanjiangchi,"{""type"":""MultiPoint"",""coordinates"":[]}"
368,2015-09-01T00:00:00,0.21821508982843138,chuanjiangchi,"{""type"":""MultiPoint"",""coordinates"":[]}"
369,2015-10-01T00:00:00,0.42901219062212775,chuanjiangchi,"{""type"":""MultiPoint"",""coordinates"":[]}"
370,2015-11-01T00:00:00,1.0209196751385854,chuanjiangchi,"{""type"":""MultiPoint"",""coordinates"":[]}"
371,2015-12-01T00:00:00,0.0,chuanjiangchi,"{""type"":""MultiPoint"",""coordinates"":[]}"
372,2016-01-01T00:00:00,0.0,chuanjiangchi,"{""type"":""MultiPoint"",""coordinates"":[]}"
373,2016-02-01T00:00:00,0.6978343791159236,chuanjiangchi,"{""type"":""MultiPoint"",""coordinates"":[]}"
374,2016-03-01T00:00:00,0.8051070212768555,chuanjiangchi,"{""type"":""MultiPoint"",""coordinates"":[]}"
375,2016-04-01T00:00:00,0.4856260025247013,chuanjiangchi,"{""type"":""MultiPoint"",""coordinates"":[]}"
376,2016-05-01T00:00:00,0.08512022880117379,chuanjiangchi,"{""type"":""MultiPoint"",""coordinates"":[]}"
377,2016-06-01T00:00:00,0.16184481231545844,chuanjiangchi,"{""type"":""MultiPoint"",""coordinates"":[]}"
378,2016-07-01T00:00:00,1.0782441184970035,chuanjiangchi,"{""type"":""MultiPoint"",""coordinates"":[]}"
379,2016-08-01T00:00:00,0.03301693375555301,chuanjiangchi,"{""type"":""MultiPoint"",""coordinates"":[]}"
380,2016-09-01T00:00:00,0.4774069175412646,chuanjiangchi,"{""type"":""MultiPoint"",""coordinates"":[]}"
381,2016-10-01T00:00:00,0.0,chuanjiangchi,"{""type"":""MultiPoint"",""coordinates"":[]}"
382,2016-11-01T00:00:00,0.9556302362249635,chuanjiangchi,"{""type"":""MultiPoint"",""coordinates"":[]}"
383,2016-12-01T00:00:00,0.0,chuanjiangchi,"{""type"":""MultiPoint"",""coordinates"":[]}"
384,2017-01-01T00:00:00,0.0,chuanjiangchi,"{""type"":""MultiPoint"",""coordinates"":[]}"
385,2017-02-01T00:00:00,0.9238345737567975,chuanjiangchi,"{""type"":""MultiPoint"",""coordinates"":[]}"
386,2017-03-01T00:00:00,0.0,chuanjiangchi,"{""type"":""MultiPoint"",""coordinates"":[]}"
387,2017-04-01T00:00:00,0.6712650376917222,chuanjiangchi,"{""type"":""MultiPoint"",""coordinates"":[]}"
388,2017-05-01T00:00:00,0.0,chuanjiangchi,"{""type"":""MultiPoint"",""coordinates"":[]}"
389,2017-06-01T00:00:00,0.12735250133655024,chuanjiangchi,"{""type"":""MultiPoint"",""coordinates"":[]}"
390,2017-07-01T00:00:00,0.45074884832524315,chuanjiangchi,"{""type"":""MultiPoint"",""coordinates"":[]}"
391,2017-08-01T00:00:00,0.3888529279761221,chuanjiangchi,"{""type"":""MultiPoint"",""coordinates"":[]}"
392,2017-09-01T00:00:00,0.32524490726509836,chuanjiangchi,"{""type"":""MultiPoint"",""coordinates"":[]}"
393,2017-10-01T00:00:00,0.6156842385823565,chuanjiangchi,"{""type"":""MultiPoint"",""coordinates"":[]}"
394,2017-11-01T00:00:00,0.49555876269100413,chuanjiangchi,"{""type"":""MultiPoint"",""coordinates"":[]}"
395,2017-12-01T00:00:00,0.0,chuanjiangchi,"{""type"":""MultiPoint"",""coordinates"":[]}"
396,2018-01-01T00:00:00,0.0,chuanjiangchi,"{""type"":""MultiPoint"",""coordinates"":[]}"
397,2018-02-01T00:00:00,0.9439608035453045,chuanjiangchi,"{""type"":""MultiPoint"",""coordinates"":[]}"
398,2018-03-01T00:00:00,0.8119438518887385,chuanjiangchi,"{""type"":""MultiPoint"",""coordinates"":[]}"
399,2018-04-01T00:00:00,0.5955905622338388,chuanjiangchi,"{""type"":""MultiPoint"",""coordinates"":[]}"
400,2018-05-01T00:00:00,0.0,chuanjiangchi,"{""type"":""MultiPoint"",""coordinates"":[]}"
401,2018-06-01T00:00:00,0.3845251824498794,chuanjiangchi,"{""type"":""MultiPoint"",""coordinates"":[]}"
402,2018-07-01T00:00:00,0.3132888462811638,chuanjiangchi,"{""type"":""MultiPoint"",""coordinates"":[]}"
403,2018-08-01T00:00:00,0.17462962984930303,chuanjiangchi,"{""type"":""MultiPoint"",""coordinates"":[]}"
404,2018-09-01T00:00:00,0.3073444497869753,chuanjiangchi,"{""type"":""MultiPoint"",""coordinates"":[]}"
405,2018-10-01T00:00:00,0.14466935791015625,chuanjiangchi,"{""type"":""MultiPoint"",""coordinates"":[]}"
406,2018-11-01T00:00:00,0.44481390217787803,chuanjiangchi,"{""type"":""MultiPoint"",""coordinates"":[]}"
407,2018-12-01T00:00:00,0.0,chuanjiangchi,"{""type"":""MultiPoint"",""coordinates"":[]}"
408,2019-01-01T00:00:00,0.0,chuanjiangchi,"{""type"":""MultiPoint"",""coordinates"":[]}"
409,2019-02-01T00:00:00,0.3458837953943589,chuanjiangchi,"{""type"":""MultiPoint"",""coordinates"":[]}"
410,2019-03-01T00:00:00,0.71311338785544,chuanjiangchi,"{""type"":""MultiPoint"",""coordinates"":[]}"
411,2019-04-01T00:00:00,0.22730246529517084,chuanjiangchi,"{""type"":""MultiPoint"",""coordinates"":[]}"
412,2019-05-01T00:00:00,0.0,chuanjiangchi,"{""type"":""MultiPoint"",""coordinates"":[]}"
413,2019-06-01T00:00:00,0.337237196342199,chuanjiangchi,"{""type"":""MultiPoint"",""coordinates"":[]}"
414,2019-07-01T00:00:00,0.1290955392238243,chuanjiangchi,"{""type"":""MultiPoint"",""coordinates"":[]}"
415,2019-08-01T00:00:00,0.31452814821346503,chuanjiangchi,"{""type"":""MultiPoint"",""coordinates"":[]}"
416,2019-09-01T00:00:00,7.73620361328125E-4,chuanjiangchi,"{""type"":""MultiPoint"",""coordinates"":[]}"
417,2019-10-01T00:00:00,0.33512554139571843,chuanjiangchi,"{""type"":""MultiPoint"",""coordinates"":[]}"
418,2019-11-01T00:00:00,0.29560536912793917,chuanjiangchi,"{""type"":""MultiPoint"",""coordinates"":[]}"
419,2019-12-01T00:00:00,0.0,chuanjiangchi,"{""type"":""MultiPoint"",""coordinates"":[]}"
420,2020-01-01T00:00:00,0.0,chuanjiangchi,"{""type"":""MultiPoint"",""coordinates"":[]}"
421,2020-02-01T00:00:00,0.6122136797602634,chuanjiangchi,"{""type"":""MultiPoint"",""coordinates"":[]}"
422,2020-03-01T00:00:00,0.23705317685690488,chuanjiangchi,"{""type"":""MultiPoint"",""coordinates"":[]}"
423,2020-04-01T00:00:00,0.27071288595353665,chuanjiangchi,"{""type"":""MultiPoint"",""coordinates"":[]}"
424,2020-05-01T00:00:00,0.14312456829833983,chuanjiangchi,"{""type"":""MultiPoint"",""coordinates"":[]}"
425,2020-06-01T00:00:00,0.04719363903808594,chuanjiangchi,"{""type"":""MultiPoint"",""coordinates"":[]}"
426,2020-07-01T00:00:00,0.0,chuanjiangchi,"{""type"":""MultiPoint"",""coordinates"":[]}"
427,2020-08-01T00:00:00,0.3365904007563572,chuanjiangchi,"{""type"":""MultiPoint"",""coordinates"":[]}"
428,2020-09-01T00:00:00,0.0,chuanjiangchi,"{""type"":""MultiPoint"",""coordinates"":[]}"
429,2020-10-01T00:00:00,0.2807004211397059,chuanjiangchi,"{""type"":""MultiPoint"",""coordinates"":[]}"
430,2020-11-01T00:00:00,0.0,chuanjiangchi,"{""type"":""MultiPoint"",""coordinates"":[]}"
431,2020-12-01T00:00:00,0.0,chuanjiangchi,"{""type"":""MultiPoint"",""coordinates"":[]}"
