system:index,Date,area_km2,lake,.geo
0,1985-01-01T00:00:00,0.0,houhu,"{""type"":""MultiPoint"",""coordinates"":[]}"
1,1985-02-01T00:00:00,0.0,houhu,"{""type"":""MultiPoint"",""coordinates"":[]}"
2,1985-03-01T00:00:00,0.0,houhu,"{""type"":""MultiPoint"",""coordinates"":[]}"
3,1985-04-01T00:00:00,0.0,houhu,"{""type"":""MultiPoint"",""coordinates"":[]}"
4,1985-05-01T00:00:00,0.0,houhu,"{""type"":""MultiPoint"",""coordinates"":[]}"
5,1985-06-01T00:00:00,0.0,houhu,"{""type"":""MultiPoint"",""coordinates"":[]}"
6,1985-07-01T00:00:00,0.0,houhu,"{""type"":""MultiPoint"",""coordinates"":[]}"
7,1985-08-01T00:00:00,0.0,houhu,"{""type"":""MultiPoint"",""coordinates"":[]}"
8,1985-09-01T00:00:00,0.0,houhu,"{""type"":""MultiPoint"",""coordinates"":[]}"
9,1985-10-01T00:00:00,0.0,houhu,"{""type"":""MultiPoint"",""coordinates"":[]}"
10,1985-11-01T00:00:00,0.0,houhu,"{""type"":""MultiPoint"",""coordinates"":[]}"
11,1985-12-01T00:00:00,0.0,houhu,"{""type"":""MultiPoint"",""coordinates"":[]}"
12,1986-01-01T00:00:00,0.0,houhu,"{""type"":""MultiPoint"",""coordinates"":[]}"
13,1986-02-01T00:00:00,0.0,houhu,"{""type"":""MultiPoint"",""coordinates"":[]}"
14,1986-03-01T00:00:00,0.0,houhu,"{""type"":""MultiPoint"",""coordinates"":[]}"
15,1986-04-01T00:00:00,0.0,houhu,"{""type"":""MultiPoint"",""coordinates"":[]}"
16,1986-05-01T00:00:00,0.0,houhu,"{""type"":""MultiPoint"",""coordinates"":[]}"
17,1986-06-01T00:00:00,0.0,houhu,"{""type"":""MultiPoint"",""coordinates"":[]}"
18,1986-07-01T00:00:00,0.0,houhu,"{""type"":""MultiPoint"",""coordinates"":[]}"
19,1986-08-01T00:00:00,0.0,houhu,"{""type"":""MultiPoint"",""coordinates"":[]}"
20,1986-09-01T00:00:00,0.0,houhu,"{""type"":""MultiPoint"",""coordinates"":[]}"
21,1986-10-01T00:00:00,0.0,houhu,"{""type"":""MultiPoint"",""coordinates"":[]}"
22,1986-11-01T00:00:00,0.0,houhu,"{""type"":""MultiPoint"",""coordinates"":[]}"
23,1986-12-01T00:00:00,0.0,houhu,"{""type"":""MultiPoint"",""coordinates"":[]}"
24,1987-01-01T00:00:00,0.0,houhu,"{""type"":""MultiPoint"",""coordinates"":[]}"
25,1987-02-01T00:00:00,0.0,houhu,"{""type"":""MultiPoint"",""coordinates"":[]}"
26,1987-03-01T00:00:00,0.0,houhu,"{""type"":""MultiPoint"",""coordinates"":[]}"
27,1987-04-01T00:00:00,0.0,houhu,"{""type"":""MultiPoint"",""coordinates"":[]}"
28,1987-05-01T00:00:00,0.0,houhu,"{""type"":""MultiPoint"",""coordinates"":[]}"
29,1987-06-01T00:00:00,0.0,houhu,"{""type"":""MultiPoint"",""coordinates"":[]}"
30,1987-07-01T00:00:00,0.0,houhu,"{""type"":""MultiPoint"",""coordinates"":[]}"
31,1987-08-01T00:00:00,0.0,houhu,"{""type"":""MultiPoint"",""coordinates"":[]}"
32,1987-09-01T00:00:00,1.5904285738738422,houhu,"{""type"":""MultiPoint"",""coordinates"":[]}"
33,1987-10-01T00:00:00,0.0,houhu,"{""type"":""MultiPoint"",""coordinates"":[]}"
34,1987-11-01T00:00:00,0.0,houhu,"{""type"":""MultiPoint"",""coordinates"":[]}"
35,1987-12-01T00:00:00,0.0,houhu,"{""type"":""MultiPoint"",""coordinates"":[]}"
36,1988-01-01T00:00:00,0.0,houhu,"{""type"":""MultiPoint"",""coordinates"":[]}"
37,1988-02-01T00:00:00,0.0,houhu,"{""type"":""MultiPoint"",""coordinates"":[]}"
38,1988-03-01T00:00:00,0.0,houhu,"{""type"":""MultiPoint"",""coordinates"":[]}"
39,1988-04-01T00:00:00,0.0,houhu,"{""type"":""MultiPoint"",""coordinates"":[]}"
40,1988-05-01T00:00:00,0.0,houhu,"{""type"":""MultiPoint"",""coordinates"":[]}"
41,1988-06-01T00:00:00,0.0,houhu,"{""type"":""MultiPoint"",""coordinates"":[]}"
42,1988-07-01T00:00:00,0.0,houhu,"{""type"":""MultiPoint"",""coordinates"":[]}"
43,1988-08-01T00:00:00,0.0,houhu,"{""type"":""MultiPoint"",""coordinates"":[]}"
44,1988-09-01T00:00:00,0.0,houhu,"{""type"":""MultiPoint"",""coordinates"":[]}"
45,1988-10-01T00:00:00,0.0,houhu,"{""type"":""MultiPoint"",""coordinates"":[]}"
46,1988-11-01T00:00:00,0.0,houhu,"{""type"":""MultiPoint"",""coordinates"":[]}"
47,1988-12-01T00:00:00,0.0,houhu,"{""type"":""MultiPoint"",""coordinates"":[]}"
48,1989-01-01T00:00:00,0.0,houhu,"{""type"":""MultiPoint"",""coordinates"":[]}"
49,1989-02-01T00:00:00,0.0,houhu,"{""type"":""MultiPoint"",""coordinates"":[]}"
50,1989-03-01T00:00:00,0.0,houhu,"{""type"":""MultiPoint"",""coordinates"":[]}"
51,1989-04-01T00:00:00,0.0,houhu,"{""type"":""MultiPoint"",""coordinates"":[]}"
52,1989-05-01T00:00:00,0.0,houhu,"{""type"":""MultiPoint"",""coordinates"":[]}"
53,1989-06-01T00:00:00,0.0,houhu,"{""type"":""MultiPoint"",""coordinates"":[]}"
54,1989-07-01T00:00:00,0.0,houhu,"{""type"":""MultiPoint"",""coordinates"":[]}"
55,1989-08-01T00:00:00,0.0,houhu,"{""type"":""MultiPoint"",""coordinates"":[]}"
56,1989-09-01T00:00:00,0.0,houhu,"{""type"":""MultiPoint"",""coordinates"":[]}"
57,1989-10-01T00:00:00,0.0,houhu,"{""type"":""MultiPoint"",""coordinates"":[]}"
58,1989-11-01T00:00:00,0.0,houhu,"{""type"":""MultiPoint"",""coordinates"":[]}"
59,1989-12-01T00:00:00,0.0,houhu,"{""type"":""MultiPoint"",""coordinates"":[]}"
60,1990-01-01T00:00:00,0.0,houhu,"{""type"":""MultiPoint"",""coordinates"":[]}"
61,1990-02-01T00:00:00,0.0,houhu,"{""type"":""MultiPoint"",""coordinates"":[]}"
62,1990-03-01T00:00:00,0.0,houhu,"{""type"":""MultiPoint"",""coordinates"":[]}"
63,1990-04-01T00:00:00,0.0,houhu,"{""type"":""MultiPoint"",""coordinates"":[]}"
64,1990-05-01T00:00:00,0.0,houhu,"{""type"":""MultiPoint"",""coordinates"":[]}"
65,1990-06-01T00:00:00,0.0,houhu,"{""type"":""MultiPoint"",""coordinates"":[]}"
66,1990-07-01T00:00:00,0.0,houhu,"{""type"":""MultiPoint"",""coordinates"":[]}"
67,1990-08-01T00:00:00,0.0,houhu,"{""type"":""MultiPoint"",""coordinates"":[]}"
68,1990-09-01T00:00:00,13.32024957213734,houhu,"{""type"":""MultiPoint"",""coordinates"":[]}"
69,1990-10-01T00:00:00,0.0,houhu,"{""type"":""MultiPoint"",""coordinates"":[]}"
70,1990-11-01T00:00:00,0.0,houhu,"{""type"":""MultiPoint"",""coordinates"":[]}"
71,1990-12-01T00:00:00,0.0,houhu,"{""type"":""MultiPoint"",""coordinates"":[]}"
72,1991-01-01T00:00:00,0.0,houhu,"{""type"":""MultiPoint"",""coordinates"":[]}"
73,1991-02-01T00:00:00,0.0,houhu,"{""type"":""MultiPoint"",""coordinates"":[]}"
74,1991-03-01T00:00:00,0.0,houhu,"{""type"":""MultiPoint"",""coordinates"":[]}"
75,1991-04-01T00:00:00,0.0,houhu,"{""type"":""MultiPoint"",""coordinates"":[]}"
76,1991-05-01T00:00:00,0.0,houhu,"{""type"":""MultiPoint"",""coordinates"":[]}"
77,1991-06-01T00:00:00,3.2818676589309987,houhu,"{""type"":""MultiPoint"",""coordinates"":[]}"
78,1991-07-01T00:00:00,11.93713987877054,houhu,"{""type"":""MultiPoint"",""coordinates"":[]}"
79,1991-08-01T00:00:00,0.0,houhu,"{""type"":""MultiPoint"",""coordinates"":[]}"
80,1991-09-01T00:00:00,0.0,houhu,"{""type"":""MultiPoint"",""coordinates"":[]}"
81,1991-10-01T00:00:00,0.0,houhu,"{""type"":""MultiPoint"",""coordinates"":[]}"
82,1991-11-01T00:00:00,0.0,houhu,"{""type"":""MultiPoint"",""coordinates"":[]}"
83,1991-12-01T00:00:00,0.0,houhu,"{""type"":""MultiPoint"",""coordinates"":[]}"
84,1992-01-01T00:00:00,16.648293636395863,houhu,"{""type"":""MultiPoint"",""coordinates"":[]}"
85,1992-02-01T00:00:00,3.4518508755050368,houhu,"{""type"":""MultiPoint"",""coordinates"":[]}"
86,1992-03-01T00:00:00,0.0,houhu,"{""type"":""MultiPoint"",""coordinates"":[]}"
87,1992-04-01T00:00:00,0.0,houhu,"{""type"":""MultiPoint"",""coordinates"":[]}"
88,1992-05-01T00:00:00,0.0,houhu,"{""type"":""MultiPoint"",""coordinates"":[]}"
89,1992-06-01T00:00:00,0.0,houhu,"{""type"":""MultiPoint"",""coordinates"":[]}"
90,1992-07-01T00:00:00,0.0,houhu,"{""type"":""MultiPoint"",""coordinates"":[]}"
91,1992-08-01T00:00:00,0.0,houhu,"{""type"":""MultiPoint"",""coordinates"":[]}"
92,1992-09-01T00:00:00,0.0,houhu,"{""type"":""MultiPoint"",""coordinates"":[]}"
93,1992-10-01T00:00:00,0.0,houhu,"{""type"":""MultiPoint"",""coordinates"":[]}"
94,1992-11-01T00:00:00,0.0,houhu,"{""type"":""MultiPoint"",""coordinates"":[]}"
95,1992-12-01T00:00:00,0.0,houhu,"{""type"":""MultiPoint"",""coordinates"":[]}"
96,1993-01-01T00:00:00,0.0,houhu,"{""type"":""MultiPoint"",""coordinates"":[]}"
97,1993-02-01T00:00:00,0.0,houhu,"{""type"":""MultiPoint"",""coordinates"":[]}"
98,1993-03-01T00:00:00,0.0,houhu,"{""type"":""MultiPoint"",""coordinates"":[]}"
99,1993-04-01T00:00:00,0.0,houhu,"{""type"":""MultiPoint"",""coordinates"":[]}"
100,1993-05-01T00:00:00,0.0,houhu,"{""type"":""MultiPoint"",""coordinates"":[]}"
101,1993-06-01T00:00:00,0.0,houhu,"{""type"":""MultiPoint"",""coordinates"":[]}"
102,1993-07-01T00:00:00,0.0,houhu,"{""type"":""MultiPoint"",""coordinates"":[]}"
103,1993-08-01T00:00:00,0.0,houhu,"{""type"":""MultiPoint"",""coordinates"":[]}"
104,1993-09-01T00:00:00,0.0,houhu,"{""type"":""MultiPoint"",""coordinates"":[]}"
105,1993-10-01T00:00:00,11.982922337949509,houhu,"{""type"":""MultiPoint"",""coordinates"":[]}"
106,1993-11-01T00:00:00,0.0,houhu,"{""type"":""MultiPoint"",""coordinates"":[]}"
107,1993-12-01T00:00:00,0.0,houhu,"{""type"":""MultiPoint"",""coordinates"":[]}"
108,1994-01-01T00:00:00,0.0,houhu,"{""type"":""MultiPoint"",""coordinates"":[]}"
109,1994-02-01T00:00:00,0.0,houhu,"{""type"":""MultiPoint"",""coordinates"":[]}"
110,1994-03-01T00:00:00,0.0,houhu,"{""type"":""MultiPoint"",""coordinates"":[]}"
111,1994-04-01T00:00:00,0.0,houhu,"{""type"":""MultiPoint"",""coordinates"":[]}"
112,1994-05-01T00:00:00,0.0,houhu,"{""type"":""MultiPoint"",""coordinates"":[]}"
113,1994-06-01T00:00:00,0.0,houhu,"{""type"":""MultiPoint"",""coordinates"":[]}"
114,1994-07-01T00:00:00,0.0,houhu,"{""type"":""MultiPoint"",""coordinates"":[]}"
115,1994-08-01T00:00:00,0.08264948336875766,houhu,"{""type"":""MultiPoint"",""coordinates"":[]}"
116,1994-09-01T00:00:00,4.786950825383921,houhu,"{""type"":""MultiPoint"",""coordinates"":[]}"
117,1994-10-01T00:00:00,0.0,houhu,"{""type"":""MultiPoint"",""coordinates"":[]}"
118,1994-11-01T00:00:00,0.0,houhu,"{""type"":""MultiPoint"",""coordinates"":[]}"
119,1994-12-01T00:00:00,0.0,houhu,"{""type"":""MultiPoint"",""coordinates"":[]}"
120,1995-01-01T00:00:00,0.0,houhu,"{""type"":""MultiPoint"",""coordinates"":[]}"
121,1995-02-01T00:00:00,0.0,houhu,"{""type"":""MultiPoint"",""coordinates"":[]}"
122,1995-03-01T00:00:00,0.0,houhu,"{""type"":""MultiPoint"",""coordinates"":[]}"
123,1995-04-01T00:00:00,8.689400308075792,houhu,"{""type"":""MultiPoint"",""coordinates"":[]}"
124,1995-05-01T00:00:00,10.321540387837493,houhu,"{""type"":""MultiPoint"",""coordinates"":[]}"
125,1995-06-01T00:00:00,0.0,houhu,"{""type"":""MultiPoint"",""coordinates"":[]}"
126,1995-07-01T00:00:00,0.0,houhu,"{""type"":""MultiPoint"",""coordinates"":[]}"
127,1995-08-01T00:00:00,0.0,houhu,"{""type"":""MultiPoint"",""coordinates"":[]}"
128,1995-09-01T00:00:00,0.0,houhu,"{""type"":""MultiPoint"",""coordinates"":[]}"
129,1995-10-01T00:00:00,5.712554058136825,houhu,"{""type"":""MultiPoint"",""coordinates"":[]}"
130,1995-11-01T00:00:00,0.0,houhu,"{""type"":""MultiPoint"",""coordinates"":[]}"
131,1995-12-01T00:00:00,0.0,houhu,"{""type"":""MultiPoint"",""coordinates"":[]}"
132,1996-01-01T00:00:00,0.0,houhu,"{""type"":""MultiPoint"",""coordinates"":[]}"
133,1996-02-01T00:00:00,16.579948727363856,houhu,"{""type"":""MultiPoint"",""coordinates"":[]}"
134,1996-03-01T00:00:00,0.0,houhu,"{""type"":""MultiPoint"",""coordinates"":[]}"
135,1996-04-01T00:00:00,0.0,houhu,"{""type"":""MultiPoint"",""coordinates"":[]}"
136,1996-05-01T00:00:00,0.027761136657714843,houhu,"{""type"":""MultiPoint"",""coordinates"":[]}"
137,1996-06-01T00:00:00,10.722233652316465,houhu,"{""type"":""MultiPoint"",""coordinates"":[]}"
138,1996-07-01T00:00:00,0.0,houhu,"{""type"":""MultiPoint"",""coordinates"":[]}"
139,1996-08-01T00:00:00,0.6732959544574814,houhu,"{""type"":""MultiPoint"",""coordinates"":[]}"
140,1996-09-01T00:00:00,10.053177914657532,houhu,"{""type"":""MultiPoint"",""coordinates"":[]}"
141,1996-10-01T00:00:00,13.93879003150372,houhu,"{""type"":""MultiPoint"",""coordinates"":[]}"
142,1996-11-01T00:00:00,0.0,houhu,"{""type"":""MultiPoint"",""coordinates"":[]}"
143,1996-12-01T00:00:00,0.0,houhu,"{""type"":""MultiPoint"",""coordinates"":[]}"
144,1997-01-01T00:00:00,0.0,houhu,"{""type"":""MultiPoint"",""coordinates"":[]}"
145,1997-02-01T00:00:00,0.0,houhu,"{""type"":""MultiPoint"",""coordinates"":[]}"
146,1997-03-01T00:00:00,0.0,houhu,"{""type"":""MultiPoint"",""coordinates"":[]}"
147,1997-04-01T00:00:00,0.0,houhu,"{""type"":""MultiPoint"",""coordinates"":[]}"
148,1997-05-01T00:00:00,0.0,houhu,"{""type"":""MultiPoint"",""coordinates"":[]}"
149,1997-06-01T00:00:00,0.0,houhu,"{""type"":""MultiPoint"",""coordinates"":[]}"
150,1997-07-01T00:00:00,0.0,houhu,"{""type"":""MultiPoint"",""coordinates"":[]}"
151,1997-08-01T00:00:00,0.0,houhu,"{""type"":""MultiPoint"",""coordinates"":[]}"
152,1997-09-01T00:00:00,0.0,houhu,"{""type"":""MultiPoint"",""coordinates"":[]}"
153,1997-10-01T00:00:00,0.0,houhu,"{""type"":""MultiPoint"",""coordinates"":[]}"
154,1997-11-01T00:00:00,0.0,houhu,"{""type"":""MultiPoint"",""coordinates"":[]}"
155,1997-12-01T00:00:00,0.0,houhu,"{""type"":""MultiPoint"",""coordinates"":[]}"
156,1998-01-01T00:00:00,0.0,houhu,"{""type"":""MultiPoint"",""coordinates"":[]}"
157,1998-02-01T00:00:00,0.0,houhu,"{""type"":""MultiPoint"",""coordinates"":[]}"
158,1998-03-01T00:00:00,0.0,houhu,"{""type"":""MultiPoint"",""coordinates"":[]}"
159,1998-04-01T00:00:00,0.0,houhu,"{""type"":""MultiPoint"",""coordinates"":[]}"
160,1998-05-01T00:00:00,0.0,houhu,"{""type"":""MultiPoint"",""coordinates"":[]}"
161,1998-06-01T00:00:00,0.0,houhu,"{""type"":""MultiPoint"",""coordinates"":[]}"
162,1998-07-01T00:00:00,0.0,houhu,"{""type"":""MultiPoint"",""coordinates"":[]}"
163,1998-08-01T00:00:00,0.0,houhu,"{""type"":""MultiPoint"",""coordinates"":[]}"
164,1998-09-01T00:00:00,0.0,houhu,"{""type"":""MultiPoint"",""coordinates"":[]}"
165,1998-10-01T00:00:00,0.0,houhu,"{""type"":""MultiPoint"",""coordinates"":[]}"
166,1998-11-01T00:00:00,0.0,houhu,"{""type"":""MultiPoint"",""coordinates"":[]}"
167,1998-12-01T00:00:00,0.0,houhu,"{""type"":""MultiPoint"",""coordinates"":[]}"
168,1999-01-01T00:00:00,0.0,houhu,"{""type"":""MultiPoint"",""coordinates"":[]}"
169,1999-02-01T00:00:00,0.0,houhu,"{""type"":""MultiPoint"",""coordinates"":[]}"
170,1999-03-01T00:00:00,0.0,houhu,"{""type"":""MultiPoint"",""coordinates"":[]}"
171,1999-04-01T00:00:00,0.0,houhu,"{""type"":""MultiPoint"",""coordinates"":[]}"
172,1999-05-01T00:00:00,0.0,houhu,"{""type"":""MultiPoint"",""coordinates"":[]}"
173,1999-06-01T00:00:00,0.0,houhu,"{""type"":""MultiPoint"",""coordinates"":[]}"
174,1999-07-01T00:00:00,0.0,houhu,"{""type"":""MultiPoint"",""coordinates"":[]}"
175,1999-08-01T00:00:00,0.0,houhu,"{""type"":""MultiPoint"",""coordinates"":[]}"
176,1999-09-01T00:00:00,2.001691566319604,houhu,"{""type"":""MultiPoint"",""coordinates"":[]}"
177,1999-10-01T00:00:00,0.0,houhu,"{""type"":""MultiPoint"",""coordinates"":[]}"
178,1999-11-01T00:00:00,1.2040283653471107,houhu,"{""type"":""MultiPoint"",""coordinates"":[]}"
179,1999-12-01T00:00:00,0.0,houhu,"{""type"":""MultiPoint"",""coordinates"":[]}"
180,2000-01-01T00:00:00,0.0,houhu,"{""type"":""MultiPoint"",""coordinates"":[]}"
181,2000-02-01T00:00:00,15.38538703955294,houhu,"{""type"":""MultiPoint"",""coordinates"":[]}"
182,2000-03-01T00:00:00,0.0,houhu,"{""type"":""MultiPoint"",""coordinates"":[]}"
183,2000-04-01T00:00:00,0.0,houhu,"{""type"":""MultiPoint"",""coordinates"":[]}"
184,2000-05-01T00:00:00,0.0,houhu,"{""type"":""MultiPoint"",""coordinates"":[]}"
185,2000-06-01T00:00:00,0.5584785714937097,houhu,"{""type"":""MultiPoint"",""coordinates"":[]}"
186,2000-07-01T00:00:00,1.566036573017195,houhu,"{""type"":""MultiPoint"",""coordinates"":[]}"
187,2000-08-01T00:00:00,1.7285424930015416,houhu,"{""type"":""MultiPoint"",""coordinates"":[]}"
188,2000-09-01T00:00:00,3.912827184966202,houhu,"{""type"":""MultiPoint"",""coordinates"":[]}"
189,2000-10-01T00:00:00,14.426742821321143,houhu,"{""type"":""MultiPoint"",""coordinates"":[]}"
190,2000-11-01T00:00:00,10.954475452272662,houhu,"{""type"":""MultiPoint"",""coordinates"":[]}"
191,2000-12-01T00:00:00,0.0,houhu,"{""type"":""MultiPoint"",""coordinates"":[]}"
192,2001-01-01T00:00:00,16.321647757289288,houhu,"{""type"":""MultiPoint"",""coordinates"":[]}"
193,2001-02-01T00:00:00,0.2713464604554419,houhu,"{""type"":""MultiPoint"",""coordinates"":[]}"
194,2001-03-01T00:00:00,14.48900693807086,houhu,"{""type"":""MultiPoint"",""coordinates"":[]}"
195,2001-04-01T00:00:00,9.355728511179247,houhu,"{""type"":""MultiPoint"",""coordinates"":[]}"
196,2001-05-01T00:00:00,9.981396514663041,houhu,"{""type"":""MultiPoint"",""coordinates"":[]}"
197,2001-06-01T00:00:00,9.908560374132586,houhu,"{""type"":""MultiPoint"",""coordinates"":[]}"
198,2001-07-01T00:00:00,10.254043592668843,houhu,"{""type"":""MultiPoint"",""coordinates"":[]}"
199,2001-08-01T00:00:00,5.024857164038806,houhu,"{""type"":""MultiPoint"",""coordinates"":[]}"
200,2001-09-01T00:00:00,9.606202529288264,houhu,"{""type"":""MultiPoint"",""coordinates"":[]}"
201,2001-10-01T00:00:00,0.0,houhu,"{""type"":""MultiPoint"",""coordinates"":[]}"
202,2001-11-01T00:00:00,14.41479575567053,houhu,"{""type"":""MultiPoint"",""coordinates"":[]}"
203,2001-12-01T00:00:00,0.0,houhu,"{""type"":""MultiPoint"",""coordinates"":[]}"
204,2002-01-01T00:00:00,4.227722231692086,houhu,"{""type"":""MultiPoint"",""coordinates"":[]}"
205,2002-02-01T00:00:00,12.952675024194333,houhu,"{""type"":""MultiPoint"",""coordinates"":[]}"
206,2002-03-01T00:00:00,10.998278347369267,houhu,"{""type"":""MultiPoint"",""coordinates"":[]}"
207,2002-04-01T00:00:00,0.0,houhu,"{""type"":""MultiPoint"",""coordinates"":[]}"
208,2002-05-01T00:00:00,0.0,houhu,"{""type"":""MultiPoint"",""coordinates"":[]}"
209,2002-06-01T00:00:00,0.004626479187011719,houhu,"{""type"":""MultiPoint"",""coordinates"":[]}"
210,2002-07-01T00:00:00,10.633738470336198,houhu,"{""type"":""MultiPoint"",""coordinates"":[]}"
211,2002-08-01T00:00:00,8.183485871570541,houhu,"{""type"":""MultiPoint"",""coordinates"":[]}"
212,2002-09-01T00:00:00,11.06460014871994,houhu,"{""type"":""MultiPoint"",""coordinates"":[]}"
213,2002-10-01T00:00:00,14.118986886125645,houhu,"{""type"":""MultiPoint"",""coordinates"":[]}"
214,2002-11-01T00:00:00,15.44153555713801,houhu,"{""type"":""MultiPoint"",""coordinates"":[]}"
215,2002-12-01T00:00:00,0.0,houhu,"{""type"":""MultiPoint"",""coordinates"":[]}"
216,2003-01-01T00:00:00,16.877012399790324,houhu,"{""type"":""MultiPoint"",""coordinates"":[]}"
217,2003-02-01T00:00:00,16.604317561947347,houhu,"{""type"":""MultiPoint"",""coordinates"":[]}"
218,2003-03-01T00:00:00,9.274254022137098,houhu,"{""type"":""MultiPoint"",""coordinates"":[]}"
219,2003-04-01T00:00:00,11.111740937015556,houhu,"{""type"":""MultiPoint"",""coordinates"":[]}"
220,2003-05-01T00:00:00,14.00459624787718,houhu,"{""type"":""MultiPoint"",""coordinates"":[]}"
221,2003-06-01T00:00:00,6.280010479262886,houhu,"{""type"":""MultiPoint"",""coordinates"":[]}"
222,2003-07-01T00:00:00,7.462042635682349,houhu,"{""type"":""MultiPoint"",""coordinates"":[]}"
223,2003-08-01T00:00:00,4.870847431221517,houhu,"{""type"":""MultiPoint"",""coordinates"":[]}"
224,2003-09-01T00:00:00,10.892001759460218,houhu,"{""type"":""MultiPoint"",""coordinates"":[]}"
225,2003-10-01T00:00:00,13.903552045883842,houhu,"{""type"":""MultiPoint"",""coordinates"":[]}"
226,2003-11-01T00:00:00,16.297582368752163,houhu,"{""type"":""MultiPoint"",""coordinates"":[]}"
227,2003-12-01T00:00:00,0.0,houhu,"{""type"":""MultiPoint"",""coordinates"":[]}"
228,2004-01-01T00:00:00,16.716519554413924,houhu,"{""type"":""MultiPoint"",""coordinates"":[]}"
229,2004-02-01T00:00:00,15.873756639973251,houhu,"{""type"":""MultiPoint"",""coordinates"":[]}"
230,2004-03-01T00:00:00,14.228767015464395,houhu,"{""type"":""MultiPoint"",""coordinates"":[]}"
231,2004-04-01T00:00:00,4.821524513423664,houhu,"{""type"":""MultiPoint"",""coordinates"":[]}"
232,2004-05-01T00:00:00,7.886901604412721,houhu,"{""type"":""MultiPoint"",""coordinates"":[]}"
233,2004-06-01T00:00:00,0.9657357318625058,houhu,"{""type"":""MultiPoint"",""coordinates"":[]}"
234,2004-07-01T00:00:00,7.688574823806582,houhu,"{""type"":""MultiPoint"",""coordinates"":[]}"
235,2004-08-01T00:00:00,3.0441003495574352,houhu,"{""type"":""MultiPoint"",""coordinates"":[]}"
236,2004-09-01T00:00:00,10.477699936092606,houhu,"{""type"":""MultiPoint"",""coordinates"":[]}"
237,2004-10-01T00:00:00,14.752873857151892,houhu,"{""type"":""MultiPoint"",""coordinates"":[]}"
238,2004-11-01T00:00:00,15.942280067234186,houhu,"{""type"":""MultiPoint"",""coordinates"":[]}"
239,2004-12-01T00:00:00,0.0,houhu,"{""type"":""MultiPoint"",""coordinates"":[]}"
240,2005-01-01T00:00:00,16.345815943074065,houhu,"{""type"":""MultiPoint"",""coordinates"":[]}"
241,2005-02-01T00:00:00,13.169605401855476,houhu,"{""type"":""MultiPoint"",""coordinates"":[]}"
242,2005-03-01T00:00:00,16.05309355031117,houhu,"{""type"":""MultiPoint"",""coordinates"":[]}"
243,2005-04-01T00:00:00,11.119618987147675,houhu,"{""type"":""MultiPoint"",""coordinates"":[]}"
244,2005-05-01T00:00:00,12.568738438082354,houhu,"{""type"":""MultiPoint"",""coordinates"":[]}"
245,2005-06-01T00:00:00,6.76690993724844,houhu,"{""type"":""MultiPoint"",""coordinates"":[]}"
246,2005-07-01T00:00:00,6.872541615527344,houhu,"{""type"":""MultiPoint"",""coordinates"":[]}"
247,2005-08-01T00:00:00,8.557181098072968,houhu,"{""type"":""MultiPoint"",""coordinates"":[]}"
248,2005-09-01T00:00:00,10.928694823859725,houhu,"{""type"":""MultiPoint"",""coordinates"":[]}"
249,2005-10-01T00:00:00,13.047010596481508,houhu,"{""type"":""MultiPoint"",""coordinates"":[]}"
250,2005-11-01T00:00:00,11.839444490996963,houhu,"{""type"":""MultiPoint"",""coordinates"":[]}"
251,2005-12-01T00:00:00,0.0,houhu,"{""type"":""MultiPoint"",""coordinates"":[]}"
252,2006-01-01T00:00:00,12.83444789662225,houhu,"{""type"":""MultiPoint"",""coordinates"":[]}"
253,2006-02-01T00:00:00,0.5040931129808613,houhu,"{""type"":""MultiPoint"",""coordinates"":[]}"
254,2006-03-01T00:00:00,15.813164902918441,houhu,"{""type"":""MultiPoint"",""coordinates"":[]}"
255,2006-04-01T00:00:00,7.804931474622777,houhu,"{""type"":""MultiPoint"",""coordinates"":[]}"
256,2006-05-01T00:00:00,7.778974288968913,houhu,"{""type"":""MultiPoint"",""coordinates"":[]}"
257,2006-06-01T00:00:00,7.826413474839633,houhu,"{""type"":""MultiPoint"",""coordinates"":[]}"
258,2006-07-01T00:00:00,6.254029553153005,houhu,"{""type"":""MultiPoint"",""coordinates"":[]}"
259,2006-08-01T00:00:00,8.013974317160214,houhu,"{""type"":""MultiPoint"",""coordinates"":[]}"
260,2006-09-01T00:00:00,9.722205122861855,houhu,"{""type"":""MultiPoint"",""coordinates"":[]}"
261,2006-10-01T00:00:00,12.978462480072388,houhu,"{""type"":""MultiPoint"",""coordinates"":[]}"
262,2006-11-01T00:00:00,13.763638238367665,houhu,"{""type"":""MultiPoint"",""coordinates"":[]}"
263,2006-12-01T00:00:00,0.0,houhu,"{""type"":""MultiPoint"",""coordinates"":[]}"
264,2007-01-01T00:00:00,14.729520300456217,houhu,"{""type"":""MultiPoint"",""coordinates"":[]}"
265,2007-02-01T00:00:00,15.534802854841406,houhu,"{""type"":""MultiPoint"",""coordinates"":[]}"
266,2007-03-01T00:00:00,15.639238460684512,houhu,"{""type"":""MultiPoint"",""coordinates"":[]}"
267,2007-04-01T00:00:00,7.758652369621488,houhu,"{""type"":""MultiPoint"",""coordinates"":[]}"
268,2007-05-01T00:00:00,6.013889996520996,houhu,"{""type"":""MultiPoint"",""coordinates"":[]}"
269,2007-06-01T00:00:00,5.9842818493666705,houhu,"{""type"":""MultiPoint"",""coordinates"":[]}"
270,2007-07-01T00:00:00,10.917104410998537,houhu,"{""type"":""MultiPoint"",""coordinates"":[]}"
271,2007-08-01T00:00:00,8.379282069295966,houhu,"{""type"":""MultiPoint"",""coordinates"":[]}"
272,2007-09-01T00:00:00,11.498087843335917,houhu,"{""type"":""MultiPoint"",""coordinates"":[]}"
273,2007-10-01T00:00:00,11.778437683648558,houhu,"{""type"":""MultiPoint"",""coordinates"":[]}"
274,2007-11-01T00:00:00,12.308594498881508,houhu,"{""type"":""MultiPoint"",""coordinates"":[]}"
275,2007-12-01T00:00:00,0.0,houhu,"{""type"":""MultiPoint"",""coordinates"":[]}"
276,2008-01-01T00:00:00,0.0,houhu,"{""type"":""MultiPoint"",""coordinates"":[]}"
277,2008-02-01T00:00:00,16.37565694264324,houhu,"{""type"":""MultiPoint"",""coordinates"":[]}"
278,2008-03-01T00:00:00,15.926104185736452,houhu,"{""type"":""MultiPoint"",""coordinates"":[]}"
279,2008-04-01T00:00:00,7.455620291603477,houhu,"{""type"":""MultiPoint"",""coordinates"":[]}"
280,2008-05-01T00:00:00,7.854668412405935,houhu,"{""type"":""MultiPoint"",""coordinates"":[]}"
281,2008-06-01T00:00:00,0.6096236412475585,houhu,"{""type"":""MultiPoint"",""coordinates"":[]}"
282,2008-07-01T00:00:00,10.512257920773974,houhu,"{""type"":""MultiPoint"",""coordinates"":[]}"
283,2008-08-01T00:00:00,9.331841894500373,houhu,"{""type"":""MultiPoint"",""coordinates"":[]}"
284,2008-09-01T00:00:00,7.991369643500116,houhu,"{""type"":""MultiPoint"",""coordinates"":[]}"
285,2008-10-01T00:00:00,12.093136353558235,houhu,"{""type"":""MultiPoint"",""coordinates"":[]}"
286,2008-11-01T00:00:00,14.895281812732424,houhu,"{""type"":""MultiPoint"",""coordinates"":[]}"
287,2008-12-01T00:00:00,0.0,houhu,"{""type"":""MultiPoint"",""coordinates"":[]}"
288,2009-01-01T00:00:00,15.245323284690476,houhu,"{""type"":""MultiPoint"",""coordinates"":[]}"
289,2009-02-01T00:00:00,2.9656406822536097,houhu,"{""type"":""MultiPoint"",""coordinates"":[]}"
290,2009-03-01T00:00:00,15.225997409338394,houhu,"{""type"":""MultiPoint"",""coordinates"":[]}"
291,2009-04-01T00:00:00,4.506103307166245,houhu,"{""type"":""MultiPoint"",""coordinates"":[]}"
292,2009-05-01T00:00:00,6.037478322384823,houhu,"{""type"":""MultiPoint"",""coordinates"":[]}"
293,2009-06-01T00:00:00,8.558503716249232,houhu,"{""type"":""MultiPoint"",""coordinates"":[]}"
294,2009-07-01T00:00:00,12.175295774115831,houhu,"{""type"":""MultiPoint"",""coordinates"":[]}"
295,2009-08-01T00:00:00,10.958116140685794,houhu,"{""type"":""MultiPoint"",""coordinates"":[]}"
296,2009-09-01T00:00:00,11.5938587884409,houhu,"{""type"":""MultiPoint"",""coordinates"":[]}"
297,2009-10-01T00:00:00,9.275786054836619,houhu,"{""type"":""MultiPoint"",""coordinates"":[]}"
298,2009-11-01T00:00:00,15.66718056264889,houhu,"{""type"":""MultiPoint"",""coordinates"":[]}"
299,2009-12-01T00:00:00,0.0,houhu,"{""type"":""MultiPoint"",""coordinates"":[]}"
300,2010-01-01T00:00:00,12.659977152955777,houhu,"{""type"":""MultiPoint"",""coordinates"":[]}"
301,2010-02-01T00:00:00,12.482303588621615,houhu,"{""type"":""MultiPoint"",""coordinates"":[]}"
302,2010-03-01T00:00:00,14.032542601543836,houhu,"{""type"":""MultiPoint"",""coordinates"":[]}"
303,2010-04-01T00:00:00,0.09008645101605582,houhu,"{""type"":""MultiPoint"",""coordinates"":[]}"
304,2010-05-01T00:00:00,3.162522950723326,houhu,"{""type"":""MultiPoint"",""coordinates"":[]}"
305,2010-06-01T00:00:00,7.023187194213867,houhu,"{""type"":""MultiPoint"",""coordinates"":[]}"
306,2010-07-01T00:00:00,9.994860447282619,houhu,"{""type"":""MultiPoint"",""coordinates"":[]}"
307,2010-08-01T00:00:00,9.750421440676224,houhu,"{""type"":""MultiPoint"",""coordinates"":[]}"
308,2010-09-01T00:00:00,11.370619931123143,houhu,"{""type"":""MultiPoint"",""coordinates"":[]}"
309,2010-10-01T00:00:00,11.733502060438452,houhu,"{""type"":""MultiPoint"",""coordinates"":[]}"
310,2010-11-01T00:00:00,12.367376534072948,houhu,"{""type"":""MultiPoint"",""coordinates"":[]}"
311,2010-12-01T00:00:00,0.0,houhu,"{""type"":""MultiPoint"",""coordinates"":[]}"
312,2011-01-01T00:00:00,16.148331822792215,houhu,"{""type"":""MultiPoint"",""coordinates"":[]}"
313,2011-02-01T00:00:00,16.774892762736016,houhu,"{""type"":""MultiPoint"",""coordinates"":[]}"
314,2011-03-01T00:00:00,15.923758386474859,houhu,"{""type"":""MultiPoint"",""coordinates"":[]}"
315,2011-04-01T00:00:00,0.0,houhu,"{""type"":""MultiPoint"",""coordinates"":[]}"
316,2011-05-01T00:00:00,2.6946903935247684,houhu,"{""type"":""MultiPoint"",""coordinates"":[]}"
317,2011-06-01T00:00:00,9.011236085123695,houhu,"{""type"":""MultiPoint"",""coordinates"":[]}"
318,2011-07-01T00:00:00,11.345542882166244,houhu,"{""type"":""MultiPoint"",""coordinates"":[]}"
319,2011-08-01T00:00:00,9.751782547294107,houhu,"{""type"":""MultiPoint"",""coordinates"":[]}"
320,2011-09-01T00:00:00,8.189716322496363,houhu,"{""type"":""MultiPoint"",""coordinates"":[]}"
321,2011-10-01T00:00:00,0.01156451483154297,houhu,"{""type"":""MultiPoint"",""coordinates"":[]}"
322,2011-11-01T00:00:00,11.688063831525504,houhu,"{""type"":""MultiPoint"",""coordinates"":[]}"
323,2011-12-01T00:00:00,0.0,houhu,"{""type"":""MultiPoint"",""coordinates"":[]}"
324,2012-01-01T00:00:00,15.734137224826481,houhu,"{""type"":""MultiPoint"",""coordinates"":[]}"
325,2012-02-01T00:00:00,13.047002088431336,houhu,"{""type"":""MultiPoint"",""coordinates"":[]}"
326,2012-03-01T00:00:00,12.676122188974425,houhu,"{""type"":""MultiPoint"",""coordinates"":[]}"
327,2012-04-01T00:00:00,0.0,houhu,"{""type"":""MultiPoint"",""coordinates"":[]}"
328,2012-05-01T00:00:00,6.850135858760339,houhu,"{""type"":""MultiPoint"",""coordinates"":[]}"
329,2012-06-01T00:00:00,9.844945208477663,houhu,"{""type"":""MultiPoint"",""coordinates"":[]}"
330,2012-07-01T00:00:00,1.264935563489009,houhu,"{""type"":""MultiPoint"",""coordinates"":[]}"
331,2012-08-01T00:00:00,0.0,houhu,"{""type"":""MultiPoint"",""coordinates"":[]}"
332,2012-09-01T00:00:00,3.919739781432626,houhu,"{""type"":""MultiPoint"",""coordinates"":[]}"
333,2012-10-01T00:00:00,0.0,houhu,"{""type"":""MultiPoint"",""coordinates"":[]}"
334,2012-11-01T00:00:00,0.0,houhu,"{""type"":""MultiPoint"",""coordinates"":[]}"
335,2012-12-01T00:00:00,0.0,houhu,"{""type"":""MultiPoint"",""coordinates"":[]}"
336,2013-01-01T00:00:00,15.484175686205344,houhu,"{""type"":""MultiPoint"",""coordinates"":[]}"
337,2013-02-01T00:00:00,0.0,houhu,"{""type"":""MultiPoint"",""coordinates"":[]}"
338,2013-03-01T00:00:00,0.0,houhu,"{""type"":""MultiPoint"",""coordinates"":[]}"
339,2013-04-01T00:00:00,12.397026742458213,houhu,"{""type"":""MultiPoint"",""coordinates"":[]}"
340,2013-05-01T00:00:00,13.906765876984004,houhu,"{""type"":""MultiPoint"",""coordinates"":[]}"
341,2013-06-01T00:00:00,13.083287016579781,houhu,"{""type"":""MultiPoint"",""coordinates"":[]}"
342,2013-07-01T00:00:00,13.611304221703866,houhu,"{""type"":""MultiPoint"",""coordinates"":[]}"
343,2013-08-01T00:00:00,13.97856646593449,houhu,"{""type"":""MultiPoint"",""coordinates"":[]}"
344,2013-09-01T00:00:00,13.69814010512672,houhu,"{""type"":""MultiPoint"",""coordinates"":[]}"
345,2013-10-01T00:00:00,14.487605679625991,houhu,"{""type"":""MultiPoint"",""coordinates"":[]}"
346,2013-11-01T00:00:00,15.046814772288846,houhu,"{""type"":""MultiPoint"",""coordinates"":[]}"
347,2013-12-01T00:00:00,0.0,houhu,"{""type"":""MultiPoint"",""coordinates"":[]}"
348,2014-01-01T00:00:00,16.031133692200907,houhu,"{""type"":""MultiPoint"",""coordinates"":[]}"
349,2014-02-01T00:00:00,0.0,houhu,"{""type"":""MultiPoint"",""coordinates"":[]}"
350,2014-03-01T00:00:00,0.0,houhu,"{""type"":""MultiPoint"",""coordinates"":[]}"
351,2014-04-01T00:00:00,10.37621724947103,houhu,"{""type"":""MultiPoint"",""coordinates"":[]}"
352,2014-05-01T00:00:00,7.505039228093165,houhu,"{""type"":""MultiPoint"",""coordinates"":[]}"
353,2014-06-01T00:00:00,0.0,houhu,"{""type"":""MultiPoint"",""coordinates"":[]}"
354,2014-07-01T00:00:00,9.408440874478924,houhu,"{""type"":""MultiPoint"",""coordinates"":[]}"
355,2014-08-01T00:00:00,8.782501494936474,houhu,"{""type"":""MultiPoint"",""coordinates"":[]}"
356,2014-09-01T00:00:00,7.38431269265855,houhu,"{""type"":""MultiPoint"",""coordinates"":[]}"
357,2014-10-01T00:00:00,14.042260771173224,houhu,"{""type"":""MultiPoint"",""coordinates"":[]}"
358,2014-11-01T00:00:00,0.0,houhu,"{""type"":""MultiPoint"",""coordinates"":[]}"
359,2014-12-01T00:00:00,0.0,houhu,"{""type"":""MultiPoint"",""coordinates"":[]}"
360,2015-01-01T00:00:00,0.0,houhu,"{""type"":""MultiPoint"",""coordinates"":[]}"
361,2015-02-01T00:00:00,0.0,houhu,"{""type"":""MultiPoint"",""coordinates"":[]}"
362,2015-03-01T00:00:00,14.327900366180058,houhu,"{""type"":""MultiPoint"",""coordinates"":[]}"
363,2015-04-01T00:00:00,9.887641008172007,houhu,"{""type"":""MultiPoint"",""coordinates"":[]}"
364,2015-05-01T00:00:00,0.31538877087402345,houhu,"{""type"":""MultiPoint"",""coordinates"":[]}"
365,2015-06-01T00:00:00,3.374710984109078,houhu,"{""type"":""MultiPoint"",""coordinates"":[]}"
366,2015-07-01T00:00:00,12.863877671404673,houhu,"{""type"":""MultiPoint"",""coordinates"":[]}"
367,2015-08-01T00:00:00,13.537951645619833,houhu,"{""type"":""MultiPoint"",""coordinates"":[]}"
368,2015-09-01T00:00:00,11.977249250442087,houhu,"{""type"":""MultiPoint"",""coordinates"":[]}"
369,2015-10-01T00:00:00,13.72803086657068,houhu,"{""type"":""MultiPoint"",""coordinates"":[]}"
370,2015-11-01T00:00:00,15.224476153156836,houhu,"{""type"":""MultiPoint"",""coordinates"":[]}"
371,2015-12-01T00:00:00,0.0,houhu,"{""type"":""MultiPoint"",""coordinates"":[]}"
372,2016-01-01T00:00:00,0.0,houhu,"{""type"":""MultiPoint"",""coordinates"":[]}"
373,2016-02-01T00:00:00,12.880976176149137,houhu,"{""type"":""MultiPoint"",""coordinates"":[]}"
374,2016-03-01T00:00:00,15.676558089522544,houhu,"{""type"":""MultiPoint"",""coordinates"":[]}"
375,2016-04-01T00:00:00,12.794624091843554,houhu,"{""type"":""MultiPoint"",""coordinates"":[]}"
376,2016-05-01T00:00:00,7.108287833680157,houhu,"{""type"":""MultiPoint"",""coordinates"":[]}"
377,2016-06-01T00:00:00,6.343820172566491,houhu,"{""type"":""MultiPoint"",""coordinates"":[]}"
378,2016-07-01T00:00:00,15.151148553846907,houhu,"{""type"":""MultiPoint"",""coordinates"":[]}"
379,2016-08-01T00:00:00,10.935967721384806,houhu,"{""type"":""MultiPoint"",""coordinates"":[]}"
380,2016-09-01T00:00:00,14.039997701387533,houhu,"{""type"":""MultiPoint"",""coordinates"":[]}"
381,2016-10-01T00:00:00,0.006168242065429688,houhu,"{""type"":""MultiPoint"",""coordinates"":[]}"
382,2016-11-01T00:00:00,15.012169571546849,houhu,"{""type"":""MultiPoint"",""coordinates"":[]}"
383,2016-12-01T00:00:00,0.0,houhu,"{""type"":""MultiPoint"",""coordinates"":[]}"
384,2017-01-01T00:00:00,0.0,houhu,"{""type"":""MultiPoint"",""coordinates"":[]}"
385,2017-02-01T00:00:00,16.24389580010413,houhu,"{""type"":""MultiPoint"",""coordinates"":[]}"
386,2017-03-01T00:00:00,1.387503157245232,houhu,"{""type"":""MultiPoint"",""coordinates"":[]}"
387,2017-04-01T00:00:00,11.52505952726596,houhu,"{""type"":""MultiPoint"",""coordinates"":[]}"
388,2017-05-01T00:00:00,0.0,houhu,"{""type"":""MultiPoint"",""coordinates"":[]}"
389,2017-06-01T00:00:00,7.036634060391054,houhu,"{""type"":""MultiPoint"",""coordinates"":[]}"
390,2017-07-01T00:00:00,11.865979706334015,houhu,"{""type"":""MultiPoint"",""coordinates"":[]}"
391,2017-08-01T00:00:00,13.58794529652435,houhu,"{""type"":""MultiPoint"",""coordinates"":[]}"
392,2017-09-01T00:00:00,13.278039365191292,houhu,"{""type"":""MultiPoint"",""coordinates"":[]}"
393,2017-10-01T00:00:00,14.84439318842774,houhu,"{""type"":""MultiPoint"",""coordinates"":[]}"
394,2017-11-01T00:00:00,15.03595872957309,houhu,"{""type"":""MultiPoint"",""coordinates"":[]}"
395,2017-12-01T00:00:00,0.0,houhu,"{""type"":""MultiPoint"",""coordinates"":[]}"
396,2018-01-01T00:00:00,0.0,houhu,"{""type"":""MultiPoint"",""coordinates"":[]}"
397,2018-02-01T00:00:00,13.047292989456965,houhu,"{""type"":""MultiPoint"",""coordinates"":[]}"
398,2018-03-01T00:00:00,15.799650389556295,houhu,"{""type"":""MultiPoint"",""coordinates"":[]}"
399,2018-04-01T00:00:00,10.910131710714905,houhu,"{""type"":""MultiPoint"",""coordinates"":[]}"
400,2018-05-01T00:00:00,1.3014786843589632,houhu,"{""type"":""MultiPoint"",""coordinates"":[]}"
401,2018-06-01T00:00:00,13.142016208222994,houhu,"{""type"":""MultiPoint"",""coordinates"":[]}"
402,2018-07-01T00:00:00,13.881058839524934,houhu,"{""type"":""MultiPoint"",""coordinates"":[]}"
403,2018-08-01T00:00:00,13.648928688598394,houhu,"{""type"":""MultiPoint"",""coordinates"":[]}"
404,2018-09-01T00:00:00,13.461098992147049,houhu,"{""type"":""MultiPoint"",""coordinates"":[]}"
405,2018-10-01T00:00:00,13.682405120336918,houhu,"{""type"":""MultiPoint"",""coordinates"":[]}"
406,2018-11-01T00:00:00,14.418010272432936,houhu,"{""type"":""MultiPoint"",""coordinates"":[]}"
407,2018-12-01T00:00:00,0.0,houhu,"{""type"":""MultiPoint"",""coordinates"":[]}"
408,2019-01-01T00:00:00,0.0,houhu,"{""type"":""MultiPoint"",""coordinates"":[]}"
409,2019-02-01T00:00:00,0.3604454543260761,houhu,"{""type"":""MultiPoint"",""coordinates"":[]}"
410,2019-03-01T00:00:00,16.077038201596256,houhu,"{""type"":""MultiPoint"",""coordinates"":[]}"
411,2019-04-01T00:00:00,13.61713215390817,houhu,"{""type"":""MultiPoint"",""coordinates"":[]}"
412,2019-05-01T00:00:00,0.0,houhu,"{""type"":""MultiPoint"",""coordinates"":[]}"
413,2019-06-01T00:00:00,13.697799762163235,houhu,"{""type"":""MultiPoint"",""coordinates"":[]}"
414,2019-07-01T00:00:00,10.453875797959988,houhu,"{""type"":""MultiPoint"",""coordinates"":[]}"
415,2019-08-01T00:00:00,13.519430044884059,houhu,"{""type"":""MultiPoint"",""coordinates"":[]}"
416,2019-09-01T00:00:00,9.962850583079856,houhu,"{""type"":""MultiPoint"",""coordinates"":[]}"
417,2019-10-01T00:00:00,13.789187888991174,houhu,"{""type"":""MultiPoint"",""coordinates"":[]}"
418,2019-11-01T00:00:00,12.840322963922715,houhu,"{""type"":""MultiPoint"",""coordinates"":[]}"
419,2019-12-01T00:00:00,0.0,houhu,"{""type"":""MultiPoint"",""coordinates"":[]}"
420,2020-01-01T00:00:00,0.0,houhu,"{""type"":""MultiPoint"",""coordinates"":[]}"
421,2020-02-01T00:00:00,15.539133451539294,houhu,"{""type"":""MultiPoint"",""coordinates"":[]}"
422,2020-03-01T00:00:00,14.611562985560044,houhu,"{""type"":""MultiPoint"",""coordinates"":[]}"
423,2020-04-01T00:00:00,14.43358449083803,houhu,"{""type"":""MultiPoint"",""coordinates"":[]}"
424,2020-05-01T00:00:00,10.408679040355725,houhu,"{""type"":""MultiPoint"",""coordinates"":[]}"
425,2020-06-01T00:00:00,8.55959984595564,houhu,"{""type"":""MultiPoint"",""coordinates"":[]}"
426,2020-07-01T00:00:00,0.0,houhu,"{""type"":""MultiPoint"",""coordinates"":[]}"
427,2020-08-01T00:00:00,13.77993766179056,houhu,"{""type"":""MultiPoint"",""coordinates"":[]}"
428,2020-09-01T00:00:00,10.667761859333112,houhu,"{""type"":""MultiPoint"",""coordinates"":[]}"
429,2020-10-01T00:00:00,13.66578839970583,houhu,"{""type"":""MultiPoint"",""coordinates"":[]}"
430,2020-11-01T00:00:00,0.0,houhu,"{""type"":""MultiPoint"",""coordinates"":[]}"
431,2020-12-01T00:00:00,0.0,houhu,"{""type"":""MultiPoint"",""coordinates"":[]}"
