system:index,Date,area_km2,lake,.geo
0,1985-01-01T00:00:00,0.0,xujiasai,"{""type"":""MultiPoint"",""coordinates"":[]}"
1,1985-02-01T00:00:00,0.0,xujiasai,"{""type"":""MultiPoint"",""coordinates"":[]}"
2,1985-03-01T00:00:00,0.0,xujiasai,"{""type"":""MultiPoint"",""coordinates"":[]}"
3,1985-04-01T00:00:00,0.0,xujiasai,"{""type"":""MultiPoint"",""coordinates"":[]}"
4,1985-05-01T00:00:00,0.0,xujiasai,"{""type"":""MultiPoint"",""coordinates"":[]}"
5,1985-06-01T00:00:00,0.0,xujiasai,"{""type"":""MultiPoint"",""coordinates"":[]}"
6,1985-07-01T00:00:00,0.0,xujiasai,"{""type"":""MultiPoint"",""coordinates"":[]}"
7,1985-08-01T00:00:00,0.0,xujiasai,"{""type"":""MultiPoint"",""coordinates"":[]}"
8,1985-09-01T00:00:00,0.0,xujiasai,"{""type"":""MultiPoint"",""coordinates"":[]}"
9,1985-10-01T00:00:00,0.0,xujiasai,"{""type"":""MultiPoint"",""coordinates"":[]}"
10,1985-11-01T00:00:00,0.0,xujiasai,"{""type"":""MultiPoint"",""coordinates"":[]}"
11,1985-12-01T00:00:00,0.0,xujiasai,"{""type"":""MultiPoint"",""coordinates"":[]}"
12,1986-01-01T00:00:00,0.0,xujiasai,"{""type"":""MultiPoint"",""coordinates"":[]}"
13,1986-02-01T00:00:00,0.0,xujiasai,"{""type"":""MultiPoint"",""coordinates"":[]}"
14,1986-03-01T00:00:00,0.0,xujiasai,"{""type"":""MultiPoint"",""coordinates"":[]}"
15,1986-04-01T00:00:00,0.0,xujiasai,"{""type"":""MultiPoint"",""coordinates"":[]}"
16,1986-05-01T00:00:00,0.0,xujiasai,"{""type"":""MultiPoint"",""coordinates"":[]}"
17,1986-06-01T00:00:00,0.0,xujiasai,"{""type"":""MultiPoint"",""coordinates"":[]}"
18,1986-07-01T00:00:00,0.0,xujiasai,"{""type"":""MultiPoint"",""coordinates"":[]}"
19,1986-08-01T00:00:00,0.0,xujiasai,"{""type"":""MultiPoint"",""coordinates"":[]}"
20,1986-09-01T00:00:00,0.0,xujiasai,"{""type"":""MultiPoint"",""coordinates"":[]}"
21,1986-10-01T00:00:00,0.0,xujiasai,"{""type"":""MultiPoint"",""coordinates"":[]}"
22,1986-11-01T00:00:00,0.0,xujiasai,"{""type"":""MultiPoint"",""coordinates"":[]}"
23,1986-12-01T00:00:00,0.0,xujiasai,"{""type"":""MultiPoint"",""coordinates"":[]}"
24,1987-01-01T00:00:00,0.0,xujiasai,"{""type"":""MultiPoint"",""coordinates"":[]}"
25,1987-02-01T00:00:00,0.0,xujiasai,"{""type"":""MultiPoint"",""coordinates"":[]}"
26,1987-03-01T00:00:00,0.0,xujiasai,"{""type"":""MultiPoint"",""coordinates"":[]}"
27,1987-04-01T00:00:00,0.0,xujiasai,"{""type"":""MultiPoint"",""coordinates"":[]}"
28,1987-05-01T00:00:00,0.0,xujiasai,"{""type"":""MultiPoint"",""coordinates"":[]}"
29,1987-06-01T00:00:00,0.0,xujiasai,"{""type"":""MultiPoint"",""coordinates"":[]}"
30,1987-07-01T00:00:00,0.0,xujiasai,"{""type"":""MultiPoint"",""coordinates"":[]}"
31,1987-08-01T00:00:00,0.0,xujiasai,"{""type"":""MultiPoint"",""coordinates"":[]}"
32,1987-09-01T00:00:00,1.2132319284679935,xujiasai,"{""type"":""MultiPoint"",""coordinates"":[]}"
33,1987-10-01T00:00:00,0.0,xujiasai,"{""type"":""MultiPoint"",""coordinates"":[]}"
34,1987-11-01T00:00:00,0.0,xujiasai,"{""type"":""MultiPoint"",""coordinates"":[]}"
35,1987-12-01T00:00:00,0.0,xujiasai,"{""type"":""MultiPoint"",""coordinates"":[]}"
36,1988-01-01T00:00:00,0.0,xujiasai,"{""type"":""MultiPoint"",""coordinates"":[]}"
37,1988-02-01T00:00:00,0.0,xujiasai,"{""type"":""MultiPoint"",""coordinates"":[]}"
38,1988-03-01T00:00:00,0.0,xujiasai,"{""type"":""MultiPoint"",""coordinates"":[]}"
39,1988-04-01T00:00:00,0.0,xujiasai,"{""type"":""MultiPoint"",""coordinates"":[]}"
40,1988-05-01T00:00:00,0.0,xujiasai,"{""type"":""MultiPoint"",""coordinates"":[]}"
41,1988-06-01T00:00:00,0.0,xujiasai,"{""type"":""MultiPoint"",""coordinates"":[]}"
42,1988-07-01T00:00:00,0.0,xujiasai,"{""type"":""MultiPoint"",""coordinates"":[]}"
43,1988-08-01T00:00:00,0.0,xujiasai,"{""type"":""MultiPoint"",""coordinates"":[]}"
44,1988-09-01T00:00:00,0.0,xujiasai,"{""type"":""MultiPoint"",""coordinates"":[]}"
45,1988-10-01T00:00:00,0.0,xujiasai,"{""type"":""MultiPoint"",""coordinates"":[]}"
46,1988-11-01T00:00:00,0.0,xujiasai,"{""type"":""MultiPoint"",""coordinates"":[]}"
47,1988-12-01T00:00:00,0.0,xujiasai,"{""type"":""MultiPoint"",""coordinates"":[]}"
48,1989-01-01T00:00:00,0.0,xujiasai,"{""type"":""MultiPoint"",""coordinates"":[]}"
49,1989-02-01T00:00:00,0.0,xujiasai,"{""type"":""MultiPoint"",""coordinates"":[]}"
50,1989-03-01T00:00:00,0.0,xujiasai,"{""type"":""MultiPoint"",""coordinates"":[]}"
51,1989-04-01T00:00:00,0.0,xujiasai,"{""type"":""MultiPoint"",""coordinates"":[]}"
52,1989-05-01T00:00:00,0.0,xujiasai,"{""type"":""MultiPoint"",""coordinates"":[]}"
53,1989-06-01T00:00:00,0.0,xujiasai,"{""type"":""MultiPoint"",""coordinates"":[]}"
54,1989-07-01T00:00:00,0.0,xujiasai,"{""type"":""MultiPoint"",""coordinates"":[]}"
55,1989-08-01T00:00:00,0.0,xujiasai,"{""type"":""MultiPoint"",""coordinates"":[]}"
56,1989-09-01T00:00:00,0.0,xujiasai,"{""type"":""MultiPoint"",""coordinates"":[]}"
57,1989-10-01T00:00:00,0.0,xujiasai,"{""type"":""MultiPoint"",""coordinates"":[]}"
58,1989-11-01T00:00:00,0.0,xujiasai,"{""type"":""MultiPoint"",""coordinates"":[]}"
59,1989-12-01T00:00:00,0.0,xujiasai,"{""type"":""MultiPoint"",""coordinates"":[]}"
60,1990-01-01T00:00:00,0.0,xujiasai,"{""type"":""MultiPoint"",""coordinates"":[]}"
61,1990-02-01T00:00:00,0.0,xujiasai,"{""type"":""MultiPoint"",""coordinates"":[]}"
62,1990-03-01T00:00:00,0.0,xujiasai,"{""type"":""MultiPoint"",""coordinates"":[]}"
63,1990-04-01T00:00:00,0.0,xujiasai,"{""type"":""MultiPoint"",""coordinates"":[]}"
64,1990-05-01T00:00:00,0.0,xujiasai,"{""type"":""MultiPoint"",""coordinates"":[]}"
65,1990-06-01T00:00:00,0.0,xujiasai,"{""type"":""MultiPoint"",""coordinates"":[]}"
66,1990-07-01T00:00:00,0.0,xujiasai,"{""type"":""MultiPoint"",""coordinates"":[]}"
67,1990-08-01T00:00:00,0.0,xujiasai,"{""type"":""MultiPoint"",""coordinates"":[]}"
68,1990-09-01T00:00:00,1.7785364359688551,xujiasai,"{""type"":""MultiPoint"",""coordinates"":[]}"
69,1990-10-01T00:00:00,0.0,xujiasai,"{""type"":""MultiPoint"",""coordinates"":[]}"
70,1990-11-01T00:00:00,0.0,xujiasai,"{""type"":""MultiPoint"",""coordinates"":[]}"
71,1990-12-01T00:00:00,0.0,xujiasai,"{""type"":""MultiPoint"",""coordinates"":[]}"
72,1991-01-01T00:00:00,0.0,xujiasai,"{""type"":""MultiPoint"",""coordinates"":[]}"
73,1991-02-01T00:00:00,0.0,xujiasai,"{""type"":""MultiPoint"",""coordinates"":[]}"
74,1991-03-01T00:00:00,0.0,xujiasai,"{""type"":""MultiPoint"",""coordinates"":[]}"
75,1991-04-01T00:00:00,0.0,xujiasai,"{""type"":""MultiPoint"",""coordinates"":[]}"
76,1991-05-01T00:00:00,0.0,xujiasai,"{""type"":""MultiPoint"",""coordinates"":[]}"
77,1991-06-01T00:00:00,0.0,xujiasai,"{""type"":""MultiPoint"",""coordinates"":[]}"
78,1991-07-01T00:00:00,2.0804728671434596,xujiasai,"{""type"":""MultiPoint"",""coordinates"":[]}"
79,1991-08-01T00:00:00,0.0,xujiasai,"{""type"":""MultiPoint"",""coordinates"":[]}"
80,1991-09-01T00:00:00,0.0,xujiasai,"{""type"":""MultiPoint"",""coordinates"":[]}"
81,1991-10-01T00:00:00,0.0,xujiasai,"{""type"":""MultiPoint"",""coordinates"":[]}"
82,1991-11-01T00:00:00,0.0,xujiasai,"{""type"":""MultiPoint"",""coordinates"":[]}"
83,1991-12-01T00:00:00,0.0,xujiasai,"{""type"":""MultiPoint"",""coordinates"":[]}"
84,1992-01-01T00:00:00,2.4524425051834413,xujiasai,"{""type"":""MultiPoint"",""coordinates"":[]}"
85,1992-02-01T00:00:00,0.12948627307344324,xujiasai,"{""type"":""MultiPoint"",""coordinates"":[]}"
86,1992-03-01T00:00:00,0.0,xujiasai,"{""type"":""MultiPoint"",""coordinates"":[]}"
87,1992-04-01T00:00:00,0.0,xujiasai,"{""type"":""MultiPoint"",""coordinates"":[]}"
88,1992-05-01T00:00:00,0.0,xujiasai,"{""type"":""MultiPoint"",""coordinates"":[]}"
89,1992-06-01T00:00:00,0.0,xujiasai,"{""type"":""MultiPoint"",""coordinates"":[]}"
90,1992-07-01T00:00:00,0.0,xujiasai,"{""type"":""MultiPoint"",""coordinates"":[]}"
91,1992-08-01T00:00:00,0.0,xujiasai,"{""type"":""MultiPoint"",""coordinates"":[]}"
92,1992-09-01T00:00:00,0.0,xujiasai,"{""type"":""MultiPoint"",""coordinates"":[]}"
93,1992-10-01T00:00:00,0.0,xujiasai,"{""type"":""MultiPoint"",""coordinates"":[]}"
94,1992-11-01T00:00:00,0.0,xujiasai,"{""type"":""MultiPoint"",""coordinates"":[]}"
95,1992-12-01T00:00:00,0.0,xujiasai,"{""type"":""MultiPoint"",""coordinates"":[]}"
96,1993-01-01T00:00:00,0.0,xujiasai,"{""type"":""MultiPoint"",""coordinates"":[]}"
97,1993-02-01T00:00:00,0.0,xujiasai,"{""type"":""MultiPoint"",""coordinates"":[]}"
98,1993-03-01T00:00:00,0.0,xujiasai,"{""type"":""MultiPoint"",""coordinates"":[]}"
99,1993-04-01T00:00:00,0.0,xujiasai,"{""type"":""MultiPoint"",""coordinates"":[]}"
100,1993-05-01T00:00:00,0.0,xujiasai,"{""type"":""MultiPoint"",""coordinates"":[]}"
101,1993-06-01T00:00:00,0.0,xujiasai,"{""type"":""MultiPoint"",""coordinates"":[]}"
102,1993-07-01T00:00:00,0.0,xujiasai,"{""type"":""MultiPoint"",""coordinates"":[]}"
103,1993-08-01T00:00:00,0.0,xujiasai,"{""type"":""MultiPoint"",""coordinates"":[]}"
104,1993-09-01T00:00:00,0.0,xujiasai,"{""type"":""MultiPoint"",""coordinates"":[]}"
105,1993-10-01T00:00:00,1.8861059099638102,xujiasai,"{""type"":""MultiPoint"",""coordinates"":[]}"
106,1993-11-01T00:00:00,0.0,xujiasai,"{""type"":""MultiPoint"",""coordinates"":[]}"
107,1993-12-01T00:00:00,0.0,xujiasai,"{""type"":""MultiPoint"",""coordinates"":[]}"
108,1994-01-01T00:00:00,0.0,xujiasai,"{""type"":""MultiPoint"",""coordinates"":[]}"
109,1994-02-01T00:00:00,0.0,xujiasai,"{""type"":""MultiPoint"",""coordinates"":[]}"
110,1994-03-01T00:00:00,0.0,xujiasai,"{""type"":""MultiPoint"",""coordinates"":[]}"
111,1994-04-01T00:00:00,0.0,xujiasai,"{""type"":""MultiPoint"",""coordinates"":[]}"
112,1994-05-01T00:00:00,0.0,xujiasai,"{""type"":""MultiPoint"",""coordinates"":[]}"
113,1994-06-01T00:00:00,0.0,xujiasai,"{""type"":""MultiPoint"",""coordinates"":[]}"
114,1994-07-01T00:00:00,0.0,xujiasai,"{""type"":""MultiPoint"",""coordinates"":[]}"
115,1994-08-01T00:00:00,0.6685510116811715,xujiasai,"{""type"":""MultiPoint"",""coordinates"":[]}"
116,1994-09-01T00:00:00,0.7202896580252854,xujiasai,"{""type"":""MultiPoint"",""coordinates"":[]}"
117,1994-10-01T00:00:00,0.0,xujiasai,"{""type"":""MultiPoint"",""coordinates"":[]}"
118,1994-11-01T00:00:00,0.0,xujiasai,"{""type"":""MultiPoint"",""coordinates"":[]}"
119,1994-12-01T00:00:00,0.0,xujiasai,"{""type"":""MultiPoint"",""coordinates"":[]}"
120,1995-01-01T00:00:00,0.0,xujiasai,"{""type"":""MultiPoint"",""coordinates"":[]}"
121,1995-02-01T00:00:00,0.0,xujiasai,"{""type"":""MultiPoint"",""coordinates"":[]}"
122,1995-03-01T00:00:00,0.0,xujiasai,"{""type"":""MultiPoint"",""coordinates"":[]}"
123,1995-04-01T00:00:00,0.4838891127089556,xujiasai,"{""type"":""MultiPoint"",""coordinates"":[]}"
124,1995-05-01T00:00:00,0.002317161682128906,xujiasai,"{""type"":""MultiPoint"",""coordinates"":[]}"
125,1995-06-01T00:00:00,0.0,xujiasai,"{""type"":""MultiPoint"",""coordinates"":[]}"
126,1995-07-01T00:00:00,0.0,xujiasai,"{""type"":""MultiPoint"",""coordinates"":[]}"
127,1995-08-01T00:00:00,0.0,xujiasai,"{""type"":""MultiPoint"",""coordinates"":[]}"
128,1995-09-01T00:00:00,0.0,xujiasai,"{""type"":""MultiPoint"",""coordinates"":[]}"
129,1995-10-01T00:00:00,0.6363881142401004,xujiasai,"{""type"":""MultiPoint"",""coordinates"":[]}"
130,1995-11-01T00:00:00,0.0,xujiasai,"{""type"":""MultiPoint"",""coordinates"":[]}"
131,1995-12-01T00:00:00,0.0,xujiasai,"{""type"":""MultiPoint"",""coordinates"":[]}"
132,1996-01-01T00:00:00,0.0,xujiasai,"{""type"":""MultiPoint"",""coordinates"":[]}"
133,1996-02-01T00:00:00,0.09577713305664062,xujiasai,"{""type"":""MultiPoint"",""coordinates"":[]}"
134,1996-03-01T00:00:00,0.0,xujiasai,"{""type"":""MultiPoint"",""coordinates"":[]}"
135,1996-04-01T00:00:00,0.0,xujiasai,"{""type"":""MultiPoint"",""coordinates"":[]}"
136,1996-05-01T00:00:00,0.0,xujiasai,"{""type"":""MultiPoint"",""coordinates"":[]}"
137,1996-06-01T00:00:00,1.05216031681722,xujiasai,"{""type"":""MultiPoint"",""coordinates"":[]}"
138,1996-07-01T00:00:00,0.0,xujiasai,"{""type"":""MultiPoint"",""coordinates"":[]}"
139,1996-08-01T00:00:00,0.00231714697265625,xujiasai,"{""type"":""MultiPoint"",""coordinates"":[]}"
140,1996-09-01T00:00:00,0.965366833652631,xujiasai,"{""type"":""MultiPoint"",""coordinates"":[]}"
141,1996-10-01T00:00:00,2.121054223742676,xujiasai,"{""type"":""MultiPoint"",""coordinates"":[]}"
142,1996-11-01T00:00:00,0.0,xujiasai,"{""type"":""MultiPoint"",""coordinates"":[]}"
143,1996-12-01T00:00:00,0.0,xujiasai,"{""type"":""MultiPoint"",""coordinates"":[]}"
144,1997-01-01T00:00:00,0.0,xujiasai,"{""type"":""MultiPoint"",""coordinates"":[]}"
145,1997-02-01T00:00:00,0.0,xujiasai,"{""type"":""MultiPoint"",""coordinates"":[]}"
146,1997-03-01T00:00:00,0.0,xujiasai,"{""type"":""MultiPoint"",""coordinates"":[]}"
147,1997-04-01T00:00:00,0.0,xujiasai,"{""type"":""MultiPoint"",""coordinates"":[]}"
148,1997-05-01T00:00:00,0.0,xujiasai,"{""type"":""MultiPoint"",""coordinates"":[]}"
149,1997-06-01T00:00:00,0.0,xujiasai,"{""type"":""MultiPoint"",""coordinates"":[]}"
150,1997-07-01T00:00:00,0.0,xujiasai,"{""type"":""MultiPoint"",""coordinates"":[]}"
151,1997-08-01T00:00:00,0.0,xujiasai,"{""type"":""MultiPoint"",""coordinates"":[]}"
152,1997-09-01T00:00:00,0.0,xujiasai,"{""type"":""MultiPoint"",""coordinates"":[]}"
153,1997-10-01T00:00:00,0.0,xujiasai,"{""type"":""MultiPoint"",""coordinates"":[]}"
154,1997-11-01T00:00:00,0.0,xujiasai,"{""type"":""MultiPoint"",""coordinates"":[]}"
155,1997-12-01T00:00:00,0.0,xujiasai,"{""type"":""MultiPoint"",""coordinates"":[]}"
156,1998-01-01T00:00:00,0.0,xujiasai,"{""type"":""MultiPoint"",""coordinates"":[]}"
157,1998-02-01T00:00:00,0.0,xujiasai,"{""type"":""MultiPoint"",""coordinates"":[]}"
158,1998-03-01T00:00:00,0.0,xujiasai,"{""type"":""MultiPoint"",""coordinates"":[]}"
159,1998-04-01T00:00:00,0.0,xujiasai,"{""type"":""MultiPoint"",""coordinates"":[]}"
160,1998-05-01T00:00:00,0.0,xujiasai,"{""type"":""MultiPoint"",""coordinates"":[]}"
161,1998-06-01T00:00:00,0.0,xujiasai,"{""type"":""MultiPoint"",""coordinates"":[]}"
162,1998-07-01T00:00:00,0.0,xujiasai,"{""type"":""MultiPoint"",""coordinates"":[]}"
163,1998-08-01T00:00:00,0.0,xujiasai,"{""type"":""MultiPoint"",""coordinates"":[]}"
164,1998-09-01T00:00:00,0.0,xujiasai,"{""type"":""MultiPoint"",""coordinates"":[]}"
165,1998-10-01T00:00:00,0.0,xujiasai,"{""type"":""MultiPoint"",""coordinates"":[]}"
166,1998-11-01T00:00:00,0.0,xujiasai,"{""type"":""MultiPoint"",""coordinates"":[]}"
167,1998-12-01T00:00:00,0.0,xujiasai,"{""type"":""MultiPoint"",""coordinates"":[]}"
168,1999-01-01T00:00:00,0.0,xujiasai,"{""type"":""MultiPoint"",""coordinates"":[]}"
169,1999-02-01T00:00:00,0.0,xujiasai,"{""type"":""MultiPoint"",""coordinates"":[]}"
170,1999-03-01T00:00:00,0.0,xujiasai,"{""type"":""MultiPoint"",""coordinates"":[]}"
171,1999-04-01T00:00:00,0.0,xujiasai,"{""type"":""MultiPoint"",""coordinates"":[]}"
172,1999-05-01T00:00:00,0.0,xujiasai,"{""type"":""MultiPoint"",""coordinates"":[]}"
173,1999-06-01T00:00:00,0.0,xujiasai,"{""type"":""MultiPoint"",""coordinates"":[]}"
174,1999-07-01T00:00:00,0.0,xujiasai,"{""type"":""MultiPoint"",""coordinates"":[]}"
175,1999-08-01T00:00:00,0.0,xujiasai,"{""type"":""MultiPoint"",""coordinates"":[]}"
176,1999-09-01T00:00:00,0.03630279534912109,xujiasai,"{""type"":""MultiPoint"",""coordinates"":[]}"
177,1999-10-01T00:00:00,0.0,xujiasai,"{""type"":""MultiPoint"",""coordinates"":[]}"
178,1999-11-01T00:00:00,0.726563325597905,xujiasai,"{""type"":""MultiPoint"",""coordinates"":[]}"
179,1999-12-01T00:00:00,0.0,xujiasai,"{""type"":""MultiPoint"",""coordinates"":[]}"
180,2000-01-01T00:00:00,0.0,xujiasai,"{""type"":""MultiPoint"",""coordinates"":[]}"
181,2000-02-01T00:00:00,2.251611761898026,xujiasai,"{""type"":""MultiPoint"",""coordinates"":[]}"
182,2000-03-01T00:00:00,0.0,xujiasai,"{""type"":""MultiPoint"",""coordinates"":[]}"
183,2000-04-01T00:00:00,0.0,xujiasai,"{""type"":""MultiPoint"",""coordinates"":[]}"
184,2000-05-01T00:00:00,0.0,xujiasai,"{""type"":""MultiPoint"",""coordinates"":[]}"
185,2000-06-01T00:00:00,1.0210967760620118,xujiasai,"{""type"":""MultiPoint"",""coordinates"":[]}"
186,2000-07-01T00:00:00,1.5997848666855756,xujiasai,"{""type"":""MultiPoint"",""coordinates"":[]}"
187,2000-08-01T00:00:00,0.8565721694946289,xujiasai,"{""type"":""MultiPoint"",""coordinates"":[]}"
188,2000-09-01T00:00:00,1.985833131425925,xujiasai,"{""type"":""MultiPoint"",""coordinates"":[]}"
189,2000-10-01T00:00:00,2.2943343129679366,xujiasai,"{""type"":""MultiPoint"",""coordinates"":[]}"
190,2000-11-01T00:00:00,0.02703415740966797,xujiasai,"{""type"":""MultiPoint"",""coordinates"":[]}"
191,2000-12-01T00:00:00,0.0,xujiasai,"{""type"":""MultiPoint"",""coordinates"":[]}"
192,2001-01-01T00:00:00,2.3511241054768885,xujiasai,"{""type"":""MultiPoint"",""coordinates"":[]}"
193,2001-02-01T00:00:00,0.03166842364501953,xujiasai,"{""type"":""MultiPoint"",""coordinates"":[]}"
194,2001-03-01T00:00:00,2.04709667355239,xujiasai,"{""type"":""MultiPoint"",""coordinates"":[]}"
195,2001-04-01T00:00:00,1.598809752550312,xujiasai,"{""type"":""MultiPoint"",""coordinates"":[]}"
196,2001-05-01T00:00:00,0.820558720040355,xujiasai,"{""type"":""MultiPoint"",""coordinates"":[]}"
197,2001-06-01T00:00:00,0.0,xujiasai,"{""type"":""MultiPoint"",""coordinates"":[]}"
198,2001-07-01T00:00:00,0.9710865638607249,xujiasai,"{""type"":""MultiPoint"",""coordinates"":[]}"
199,2001-08-01T00:00:00,0.0,xujiasai,"{""type"":""MultiPoint"",""coordinates"":[]}"
200,2001-09-01T00:00:00,0.9018145147121055,xujiasai,"{""type"":""MultiPoint"",""coordinates"":[]}"
201,2001-10-01T00:00:00,0.00231721630859375,xujiasai,"{""type"":""MultiPoint"",""coordinates"":[]}"
202,2001-11-01T00:00:00,1.9639340200700353,xujiasai,"{""type"":""MultiPoint"",""coordinates"":[]}"
203,2001-12-01T00:00:00,0.0,xujiasai,"{""type"":""MultiPoint"",""coordinates"":[]}"
204,2002-01-01T00:00:00,0.017764830993652343,xujiasai,"{""type"":""MultiPoint"",""coordinates"":[]}"
205,2002-02-01T00:00:00,1.2916252402401194,xujiasai,"{""type"":""MultiPoint"",""coordinates"":[]}"
206,2002-03-01T00:00:00,1.4944241059024586,xujiasai,"{""type"":""MultiPoint"",""coordinates"":[]}"
207,2002-04-01T00:00:00,0.4890925773475796,xujiasai,"{""type"":""MultiPoint"",""coordinates"":[]}"
208,2002-05-01T00:00:00,0.0,xujiasai,"{""type"":""MultiPoint"",""coordinates"":[]}"
209,2002-06-01T00:00:00,0.0,xujiasai,"{""type"":""MultiPoint"",""coordinates"":[]}"
210,2002-07-01T00:00:00,0.8387825796571021,xujiasai,"{""type"":""MultiPoint"",""coordinates"":[]}"
211,2002-08-01T00:00:00,0.9769592633736405,xujiasai,"{""type"":""MultiPoint"",""coordinates"":[]}"
212,2002-09-01T00:00:00,1.3520196087974399,xujiasai,"{""type"":""MultiPoint"",""coordinates"":[]}"
213,2002-10-01T00:00:00,2.0561277606126978,xujiasai,"{""type"":""MultiPoint"",""coordinates"":[]}"
214,2002-11-01T00:00:00,2.3274439913164917,xujiasai,"{""type"":""MultiPoint"",""coordinates"":[]}"
215,2002-12-01T00:00:00,0.0,xujiasai,"{""type"":""MultiPoint"",""coordinates"":[]}"
216,2003-01-01T00:00:00,2.5035479132728717,xujiasai,"{""type"":""MultiPoint"",""coordinates"":[]}"
217,2003-02-01T00:00:00,2.342873256645172,xujiasai,"{""type"":""MultiPoint"",""coordinates"":[]}"
218,2003-03-01T00:00:00,0.005407016906738281,xujiasai,"{""type"":""MultiPoint"",""coordinates"":[]}"
219,2003-04-01T00:00:00,1.9331108015644152,xujiasai,"{""type"":""MultiPoint"",""coordinates"":[]}"
220,2003-05-01T00:00:00,1.6143598135687136,xujiasai,"{""type"":""MultiPoint"",""coordinates"":[]}"
221,2003-06-01T00:00:00,0.1915503642578125,xujiasai,"{""type"":""MultiPoint"",""coordinates"":[]}"
222,2003-07-01T00:00:00,1.1415704169723215,xujiasai,"{""type"":""MultiPoint"",""coordinates"":[]}"
223,2003-08-01T00:00:00,0.0,xujiasai,"{""type"":""MultiPoint"",""coordinates"":[]}"
224,2003-09-01T00:00:00,1.4851927299515069,xujiasai,"{""type"":""MultiPoint"",""coordinates"":[]}"
225,2003-10-01T00:00:00,1.9949093984176338,xujiasai,"{""type"":""MultiPoint"",""coordinates"":[]}"
226,2003-11-01T00:00:00,2.2217976708417106,xujiasai,"{""type"":""MultiPoint"",""coordinates"":[]}"
227,2003-12-01T00:00:00,0.0,xujiasai,"{""type"":""MultiPoint"",""coordinates"":[]}"
228,2004-01-01T00:00:00,2.262036812595024,xujiasai,"{""type"":""MultiPoint"",""coordinates"":[]}"
229,2004-02-01T00:00:00,2.226874252749215,xujiasai,"{""type"":""MultiPoint"",""coordinates"":[]}"
230,2004-03-01T00:00:00,1.891073603656844,xujiasai,"{""type"":""MultiPoint"",""coordinates"":[]}"
231,2004-04-01T00:00:00,0.30863418540063,xujiasai,"{""type"":""MultiPoint"",""coordinates"":[]}"
232,2004-05-01T00:00:00,0.04857006636316636,xujiasai,"{""type"":""MultiPoint"",""coordinates"":[]}"
233,2004-06-01T00:00:00,0.005406617370605469,xujiasai,"{""type"":""MultiPoint"",""coordinates"":[]}"
234,2004-07-01T00:00:00,1.074908735508818,xujiasai,"{""type"":""MultiPoint"",""coordinates"":[]}"
235,2004-08-01T00:00:00,0.05175079901123047,xujiasai,"{""type"":""MultiPoint"",""coordinates"":[]}"
236,2004-09-01T00:00:00,1.3432685193716012,xujiasai,"{""type"":""MultiPoint"",""coordinates"":[]}"
237,2004-10-01T00:00:00,1.7536283844374714,xujiasai,"{""type"":""MultiPoint"",""coordinates"":[]}"
238,2004-11-01T00:00:00,2.274597540038344,xujiasai,"{""type"":""MultiPoint"",""coordinates"":[]}"
239,2004-12-01T00:00:00,0.0,xujiasai,"{""type"":""MultiPoint"",""coordinates"":[]}"
240,2005-01-01T00:00:00,2.38867927147504,xujiasai,"{""type"":""MultiPoint"",""coordinates"":[]}"
241,2005-02-01T00:00:00,2.299678553667853,xujiasai,"{""type"":""MultiPoint"",""coordinates"":[]}"
242,2005-03-01T00:00:00,2.212439731028119,xujiasai,"{""type"":""MultiPoint"",""coordinates"":[]}"
243,2005-04-01T00:00:00,0.12975580279541016,xujiasai,"{""type"":""MultiPoint"",""coordinates"":[]}"
244,2005-05-01T00:00:00,1.3335924264212815,xujiasai,"{""type"":""MultiPoint"",""coordinates"":[]}"
245,2005-06-01T00:00:00,0.0,xujiasai,"{""type"":""MultiPoint"",""coordinates"":[]}"
246,2005-07-01T00:00:00,0.043253026794433595,xujiasai,"{""type"":""MultiPoint"",""coordinates"":[]}"
247,2005-08-01T00:00:00,0.1567937044067383,xujiasai,"{""type"":""MultiPoint"",""coordinates"":[]}"
248,2005-09-01T00:00:00,1.078926400957893,xujiasai,"{""type"":""MultiPoint"",""coordinates"":[]}"
249,2005-10-01T00:00:00,0.19232710900878905,xujiasai,"{""type"":""MultiPoint"",""coordinates"":[]}"
250,2005-11-01T00:00:00,1.6600726115614945,xujiasai,"{""type"":""MultiPoint"",""coordinates"":[]}"
251,2005-12-01T00:00:00,0.0,xujiasai,"{""type"":""MultiPoint"",""coordinates"":[]}"
252,2006-01-01T00:00:00,2.1289430511836036,xujiasai,"{""type"":""MultiPoint"",""coordinates"":[]}"
253,2006-02-01T00:00:00,0.07723899310302734,xujiasai,"{""type"":""MultiPoint"",""coordinates"":[]}"
254,2006-03-01T00:00:00,2.248523200274778,xujiasai,"{""type"":""MultiPoint"",""coordinates"":[]}"
255,2006-04-01T00:00:00,0.7577707987345378,xujiasai,"{""type"":""MultiPoint"",""coordinates"":[]}"
256,2006-05-01T00:00:00,0.4117308449453317,xujiasai,"{""type"":""MultiPoint"",""coordinates"":[]}"
257,2006-06-01T00:00:00,0.7530681844482422,xujiasai,"{""type"":""MultiPoint"",""coordinates"":[]}"
258,2006-07-01T00:00:00,0.7437987168579101,xujiasai,"{""type"":""MultiPoint"",""coordinates"":[]}"
259,2006-08-01T00:00:00,0.0,xujiasai,"{""type"":""MultiPoint"",""coordinates"":[]}"
260,2006-09-01T00:00:00,1.1366180480581247,xujiasai,"{""type"":""MultiPoint"",""coordinates"":[]}"
261,2006-10-01T00:00:00,1.61882773683723,xujiasai,"{""type"":""MultiPoint"",""coordinates"":[]}"
262,2006-11-01T00:00:00,1.7694300643784469,xujiasai,"{""type"":""MultiPoint"",""coordinates"":[]}"
263,2006-12-01T00:00:00,0.0,xujiasai,"{""type"":""MultiPoint"",""coordinates"":[]}"
264,2007-01-01T00:00:00,2.0672078652130725,xujiasai,"{""type"":""MultiPoint"",""coordinates"":[]}"
265,2007-02-01T00:00:00,2.2728700348759667,xujiasai,"{""type"":""MultiPoint"",""coordinates"":[]}"
266,2007-03-01T00:00:00,2.093323604497693,xujiasai,"{""type"":""MultiPoint"",""coordinates"":[]}"
267,2007-04-01T00:00:00,1.2536262539423926,xujiasai,"{""type"":""MultiPoint"",""coordinates"":[]}"
268,2007-05-01T00:00:00,0.42636008270287606,xujiasai,"{""type"":""MultiPoint"",""coordinates"":[]}"
269,2007-06-01T00:00:00,0.2880987608642578,xujiasai,"{""type"":""MultiPoint"",""coordinates"":[]}"
270,2007-07-01T00:00:00,0.0,xujiasai,"{""type"":""MultiPoint"",""coordinates"":[]}"
271,2007-08-01T00:00:00,0.05947314575195312,xujiasai,"{""type"":""MultiPoint"",""coordinates"":[]}"
272,2007-09-01T00:00:00,1.342468142774395,xujiasai,"{""type"":""MultiPoint"",""coordinates"":[]}"
273,2007-10-01T00:00:00,1.2592665601667816,xujiasai,"{""type"":""MultiPoint"",""coordinates"":[]}"
274,2007-11-01T00:00:00,1.9370543900464825,xujiasai,"{""type"":""MultiPoint"",""coordinates"":[]}"
275,2007-12-01T00:00:00,0.0,xujiasai,"{""type"":""MultiPoint"",""coordinates"":[]}"
276,2008-01-01T00:00:00,0.0,xujiasai,"{""type"":""MultiPoint"",""coordinates"":[]}"
277,2008-02-01T00:00:00,2.493731924530388,xujiasai,"{""type"":""MultiPoint"",""coordinates"":[]}"
278,2008-03-01T00:00:00,2.1557074558928844,xujiasai,"{""type"":""MultiPoint"",""coordinates"":[]}"
279,2008-04-01T00:00:00,0.5967240868154489,xujiasai,"{""type"":""MultiPoint"",""coordinates"":[]}"
280,2008-05-01T00:00:00,0.6256329749145508,xujiasai,"{""type"":""MultiPoint"",""coordinates"":[]}"
281,2008-06-01T00:00:00,0.0,xujiasai,"{""type"":""MultiPoint"",""coordinates"":[]}"
282,2008-07-01T00:00:00,0.001544747802734375,xujiasai,"{""type"":""MultiPoint"",""coordinates"":[]}"
283,2008-08-01T00:00:00,0.827994189453125,xujiasai,"{""type"":""MultiPoint"",""coordinates"":[]}"
284,2008-09-01T00:00:00,1.0821123534545898,xujiasai,"{""type"":""MultiPoint"",""coordinates"":[]}"
285,2008-10-01T00:00:00,1.6884412666625976,xujiasai,"{""type"":""MultiPoint"",""coordinates"":[]}"
286,2008-11-01T00:00:00,1.9757394696827608,xujiasai,"{""type"":""MultiPoint"",""coordinates"":[]}"
287,2008-12-01T00:00:00,0.0,xujiasai,"{""type"":""MultiPoint"",""coordinates"":[]}"
288,2009-01-01T00:00:00,2.0345048484011183,xujiasai,"{""type"":""MultiPoint"",""coordinates"":[]}"
289,2009-02-01T00:00:00,0.5051328536376953,xujiasai,"{""type"":""MultiPoint"",""coordinates"":[]}"
290,2009-03-01T00:00:00,2.0559481547272327,xujiasai,"{""type"":""MultiPoint"",""coordinates"":[]}"
291,2009-04-01T00:00:00,1.3541026109372607,xujiasai,"{""type"":""MultiPoint"",""coordinates"":[]}"
292,2009-05-01T00:00:00,1.163988016845703,xujiasai,"{""type"":""MultiPoint"",""coordinates"":[]}"
293,2009-06-01T00:00:00,0.003089466125488281,xujiasai,"{""type"":""MultiPoint"",""coordinates"":[]}"
294,2009-07-01T00:00:00,0.11662943927001954,xujiasai,"{""type"":""MultiPoint"",""coordinates"":[]}"
295,2009-08-01T00:00:00,0.003089516662597656,xujiasai,"{""type"":""MultiPoint"",""coordinates"":[]}"
296,2009-09-01T00:00:00,0.6642474533081054,xujiasai,"{""type"":""MultiPoint"",""coordinates"":[]}"
297,2009-10-01T00:00:00,0.06410784130859375,xujiasai,"{""type"":""MultiPoint"",""coordinates"":[]}"
298,2009-11-01T00:00:00,2.127419304848585,xujiasai,"{""type"":""MultiPoint"",""coordinates"":[]}"
299,2009-12-01T00:00:00,0.0,xujiasai,"{""type"":""MultiPoint"",""coordinates"":[]}"
300,2010-01-01T00:00:00,1.9756104887793449,xujiasai,"{""type"":""MultiPoint"",""coordinates"":[]}"
301,2010-02-01T00:00:00,1.9696425061844172,xujiasai,"{""type"":""MultiPoint"",""coordinates"":[]}"
302,2010-03-01T00:00:00,1.6444134645385742,xujiasai,"{""type"":""MultiPoint"",""coordinates"":[]}"
303,2010-04-01T00:00:00,0.0,xujiasai,"{""type"":""MultiPoint"",""coordinates"":[]}"
304,2010-05-01T00:00:00,0.0,xujiasai,"{""type"":""MultiPoint"",""coordinates"":[]}"
305,2010-06-01T00:00:00,0.0,xujiasai,"{""type"":""MultiPoint"",""coordinates"":[]}"
306,2010-07-01T00:00:00,1.183943857591816,xujiasai,"{""type"":""MultiPoint"",""coordinates"":[]}"
307,2010-08-01T00:00:00,0.06531795701545266,xujiasai,"{""type"":""MultiPoint"",""coordinates"":[]}"
308,2010-09-01T00:00:00,1.3471276580090092,xujiasai,"{""type"":""MultiPoint"",""coordinates"":[]}"
309,2010-10-01T00:00:00,1.7468185822988473,xujiasai,"{""type"":""MultiPoint"",""coordinates"":[]}"
310,2010-11-01T00:00:00,0.7183081342163086,xujiasai,"{""type"":""MultiPoint"",""coordinates"":[]}"
311,2010-12-01T00:00:00,0.0,xujiasai,"{""type"":""MultiPoint"",""coordinates"":[]}"
312,2011-01-01T00:00:00,2.252541956014476,xujiasai,"{""type"":""MultiPoint"",""coordinates"":[]}"
313,2011-02-01T00:00:00,2.2825292093654257,xujiasai,"{""type"":""MultiPoint"",""coordinates"":[]}"
314,2011-03-01T00:00:00,2.063701424929391,xujiasai,"{""type"":""MultiPoint"",""coordinates"":[]}"
315,2011-04-01T00:00:00,0.0,xujiasai,"{""type"":""MultiPoint"",""coordinates"":[]}"
316,2011-05-01T00:00:00,0.0,xujiasai,"{""type"":""MultiPoint"",""coordinates"":[]}"
317,2011-06-01T00:00:00,0.6217677684936523,xujiasai,"{""type"":""MultiPoint"",""coordinates"":[]}"
318,2011-07-01T00:00:00,0.0,xujiasai,"{""type"":""MultiPoint"",""coordinates"":[]}"
319,2011-08-01T00:00:00,1.4041923697509766,xujiasai,"{""type"":""MultiPoint"",""coordinates"":[]}"
320,2011-09-01T00:00:00,0.4070468692626953,xujiasai,"{""type"":""MultiPoint"",""coordinates"":[]}"
321,2011-10-01T00:00:00,0.0695132113647461,xujiasai,"{""type"":""MultiPoint"",""coordinates"":[]}"
322,2011-11-01T00:00:00,1.9693241780996285,xujiasai,"{""type"":""MultiPoint"",""coordinates"":[]}"
323,2011-12-01T00:00:00,0.0,xujiasai,"{""type"":""MultiPoint"",""coordinates"":[]}"
324,2012-01-01T00:00:00,2.3285550329501286,xujiasai,"{""type"":""MultiPoint"",""coordinates"":[]}"
325,2012-02-01T00:00:00,2.243147024116546,xujiasai,"{""type"":""MultiPoint"",""coordinates"":[]}"
326,2012-03-01T00:00:00,2.2224277438864317,xujiasai,"{""type"":""MultiPoint"",""coordinates"":[]}"
327,2012-04-01T00:00:00,0.0,xujiasai,"{""type"":""MultiPoint"",""coordinates"":[]}"
328,2012-05-01T00:00:00,1.1506094404086245,xujiasai,"{""type"":""MultiPoint"",""coordinates"":[]}"
329,2012-06-01T00:00:00,0.6935991257324219,xujiasai,"{""type"":""MultiPoint"",""coordinates"":[]}"
330,2012-07-01T00:00:00,0.0023171742553710936,xujiasai,"{""type"":""MultiPoint"",""coordinates"":[]}"
331,2012-08-01T00:00:00,0.0,xujiasai,"{""type"":""MultiPoint"",""coordinates"":[]}"
332,2012-09-01T00:00:00,0.027806242858886717,xujiasai,"{""type"":""MultiPoint"",""coordinates"":[]}"
333,2012-10-01T00:00:00,0.0,xujiasai,"{""type"":""MultiPoint"",""coordinates"":[]}"
334,2012-11-01T00:00:00,0.0,xujiasai,"{""type"":""MultiPoint"",""coordinates"":[]}"
335,2012-12-01T00:00:00,0.0,xujiasai,"{""type"":""MultiPoint"",""coordinates"":[]}"
336,2013-01-01T00:00:00,2.1565763253219306,xujiasai,"{""type"":""MultiPoint"",""coordinates"":[]}"
337,2013-02-01T00:00:00,0.0,xujiasai,"{""type"":""MultiPoint"",""coordinates"":[]}"
338,2013-03-01T00:00:00,0.0,xujiasai,"{""type"":""MultiPoint"",""coordinates"":[]}"
339,2013-04-01T00:00:00,0.5937395438431085,xujiasai,"{""type"":""MultiPoint"",""coordinates"":[]}"
340,2013-05-01T00:00:00,1.5533600261742684,xujiasai,"{""type"":""MultiPoint"",""coordinates"":[]}"
341,2013-06-01T00:00:00,1.5295645492855299,xujiasai,"{""type"":""MultiPoint"",""coordinates"":[]}"
342,2013-07-01T00:00:00,1.5843735225736733,xujiasai,"{""type"":""MultiPoint"",""coordinates"":[]}"
343,2013-08-01T00:00:00,1.680382181395527,xujiasai,"{""type"":""MultiPoint"",""coordinates"":[]}"
344,2013-09-01T00:00:00,1.6094449092423981,xujiasai,"{""type"":""MultiPoint"",""coordinates"":[]}"
345,2013-10-01T00:00:00,1.7950958678615196,xujiasai,"{""type"":""MultiPoint"",""coordinates"":[]}"
346,2013-11-01T00:00:00,2.085786112349686,xujiasai,"{""type"":""MultiPoint"",""coordinates"":[]}"
347,2013-12-01T00:00:00,0.0,xujiasai,"{""type"":""MultiPoint"",""coordinates"":[]}"
348,2014-01-01T00:00:00,2.202663049904258,xujiasai,"{""type"":""MultiPoint"",""coordinates"":[]}"
349,2014-02-01T00:00:00,0.0,xujiasai,"{""type"":""MultiPoint"",""coordinates"":[]}"
350,2014-03-01T00:00:00,0.0,xujiasai,"{""type"":""MultiPoint"",""coordinates"":[]}"
351,2014-04-01T00:00:00,0.1079191524246515,xujiasai,"{""type"":""MultiPoint"",""coordinates"":[]}"
352,2014-05-01T00:00:00,1.269891272239057,xujiasai,"{""type"":""MultiPoint"",""coordinates"":[]}"
353,2014-06-01T00:00:00,0.0,xujiasai,"{""type"":""MultiPoint"",""coordinates"":[]}"
354,2014-07-01T00:00:00,0.5205855610961914,xujiasai,"{""type"":""MultiPoint"",""coordinates"":[]}"
355,2014-08-01T00:00:00,0.3111620825465782,xujiasai,"{""type"":""MultiPoint"",""coordinates"":[]}"
356,2014-09-01T00:00:00,0.8255957020218195,xujiasai,"{""type"":""MultiPoint"",""coordinates"":[]}"
357,2014-10-01T00:00:00,1.718315297000661,xujiasai,"{""type"":""MultiPoint"",""coordinates"":[]}"
358,2014-11-01T00:00:00,0.0,xujiasai,"{""type"":""MultiPoint"",""coordinates"":[]}"
359,2014-12-01T00:00:00,0.0,xujiasai,"{""type"":""MultiPoint"",""coordinates"":[]}"
360,2015-01-01T00:00:00,0.0,xujiasai,"{""type"":""MultiPoint"",""coordinates"":[]}"
361,2015-02-01T00:00:00,0.0,xujiasai,"{""type"":""MultiPoint"",""coordinates"":[]}"
362,2015-03-01T00:00:00,2.0820961066643213,xujiasai,"{""type"":""MultiPoint"",""coordinates"":[]}"
363,2015-04-01T00:00:00,0.0,xujiasai,"{""type"":""MultiPoint"",""coordinates"":[]}"
364,2015-05-01T00:00:00,0.0,xujiasai,"{""type"":""MultiPoint"",""coordinates"":[]}"
365,2015-06-01T00:00:00,0.003089512390136719,xujiasai,"{""type"":""MultiPoint"",""coordinates"":[]}"
366,2015-07-01T00:00:00,1.5592377034711054,xujiasai,"{""type"":""MultiPoint"",""coordinates"":[]}"
367,2015-08-01T00:00:00,1.6530807549246995,xujiasai,"{""type"":""MultiPoint"",""coordinates"":[]}"
368,2015-09-01T00:00:00,1.309959854136508,xujiasai,"{""type"":""MultiPoint"",""coordinates"":[]}"
369,2015-10-01T00:00:00,1.753553376448089,xujiasai,"{""type"":""MultiPoint"",""coordinates"":[]}"
370,2015-11-01T00:00:00,2.2255957491917027,xujiasai,"{""type"":""MultiPoint"",""coordinates"":[]}"
371,2015-12-01T00:00:00,0.0,xujiasai,"{""type"":""MultiPoint"",""coordinates"":[]}"
372,2016-01-01T00:00:00,0.0,xujiasai,"{""type"":""MultiPoint"",""coordinates"":[]}"
373,2016-02-01T00:00:00,2.1263714762020336,xujiasai,"{""type"":""MultiPoint"",""coordinates"":[]}"
374,2016-03-01T00:00:00,2.080236062293677,xujiasai,"{""type"":""MultiPoint"",""coordinates"":[]}"
375,2016-04-01T00:00:00,1.6154714335336722,xujiasai,"{""type"":""MultiPoint"",""coordinates"":[]}"
376,2016-05-01T00:00:00,0.996383256225586,xujiasai,"{""type"":""MultiPoint"",""coordinates"":[]}"
377,2016-06-01T00:00:00,0.06719752435302734,xujiasai,"{""type"":""MultiPoint"",""coordinates"":[]}"
378,2016-07-01T00:00:00,2.209067067386642,xujiasai,"{""type"":""MultiPoint"",""coordinates"":[]}"
379,2016-08-01T00:00:00,1.0114217610806333,xujiasai,"{""type"":""MultiPoint"",""coordinates"":[]}"
380,2016-09-01T00:00:00,2.0141562497010477,xujiasai,"{""type"":""MultiPoint"",""coordinates"":[]}"
381,2016-10-01T00:00:00,0.19001001672363282,xujiasai,"{""type"":""MultiPoint"",""coordinates"":[]}"
382,2016-11-01T00:00:00,2.3838150820858224,xujiasai,"{""type"":""MultiPoint"",""coordinates"":[]}"
383,2016-12-01T00:00:00,0.0,xujiasai,"{""type"":""MultiPoint"",""coordinates"":[]}"
384,2017-01-01T00:00:00,0.0,xujiasai,"{""type"":""MultiPoint"",""coordinates"":[]}"
385,2017-02-01T00:00:00,2.3290103457837863,xujiasai,"{""type"":""MultiPoint"",""coordinates"":[]}"
386,2017-03-01T00:00:00,0.0,xujiasai,"{""type"":""MultiPoint"",""coordinates"":[]}"
387,2017-04-01T00:00:00,2.0459394147721834,xujiasai,"{""type"":""MultiPoint"",""coordinates"":[]}"
388,2017-05-01T00:00:00,0.0,xujiasai,"{""type"":""MultiPoint"",""coordinates"":[]}"
389,2017-06-01T00:00:00,0.4816884604185815,xujiasai,"{""type"":""MultiPoint"",""coordinates"":[]}"
390,2017-07-01T00:00:00,1.8240497969606888,xujiasai,"{""type"":""MultiPoint"",""coordinates"":[]}"
391,2017-08-01T00:00:00,1.8188563548303942,xujiasai,"{""type"":""MultiPoint"",""coordinates"":[]}"
392,2017-09-01T00:00:00,1.2382962340090284,xujiasai,"{""type"":""MultiPoint"",""coordinates"":[]}"
393,2017-10-01T00:00:00,2.135047304677926,xujiasai,"{""type"":""MultiPoint"",""coordinates"":[]}"
394,2017-11-01T00:00:00,2.088037268167653,xujiasai,"{""type"":""MultiPoint"",""coordinates"":[]}"
395,2017-12-01T00:00:00,0.0,xujiasai,"{""type"":""MultiPoint"",""coordinates"":[]}"
396,2018-01-01T00:00:00,0.0,xujiasai,"{""type"":""MultiPoint"",""coordinates"":[]}"
397,2018-02-01T00:00:00,2.265734962375297,xujiasai,"{""type"":""MultiPoint"",""coordinates"":[]}"
398,2018-03-01T00:00:00,2.257657534220856,xujiasai,"{""type"":""MultiPoint"",""coordinates"":[]}"
399,2018-04-01T00:00:00,2.110669408964509,xujiasai,"{""type"":""MultiPoint"",""coordinates"":[]}"
400,2018-05-01T00:00:00,0.0,xujiasai,"{""type"":""MultiPoint"",""coordinates"":[]}"
401,2018-06-01T00:00:00,1.3488935848328834,xujiasai,"{""type"":""MultiPoint"",""coordinates"":[]}"
402,2018-07-01T00:00:00,1.1561753069505878,xujiasai,"{""type"":""MultiPoint"",""coordinates"":[]}"
403,2018-08-01T00:00:00,0.020855613891601562,xujiasai,"{""type"":""MultiPoint"",""coordinates"":[]}"
404,2018-09-01T00:00:00,0.9689776667320102,xujiasai,"{""type"":""MultiPoint"",""coordinates"":[]}"
405,2018-10-01T00:00:00,0.9929079517587699,xujiasai,"{""type"":""MultiPoint"",""coordinates"":[]}"
406,2018-11-01T00:00:00,1.9279459560623466,xujiasai,"{""type"":""MultiPoint"",""coordinates"":[]}"
407,2018-12-01T00:00:00,0.0,xujiasai,"{""type"":""MultiPoint"",""coordinates"":[]}"
408,2019-01-01T00:00:00,0.0,xujiasai,"{""type"":""MultiPoint"",""coordinates"":[]}"
409,2019-02-01T00:00:00,0.013903060302734376,xujiasai,"{""type"":""MultiPoint"",""coordinates"":[]}"
410,2019-03-01T00:00:00,2.210695008555453,xujiasai,"{""type"":""MultiPoint"",""coordinates"":[]}"
411,2019-04-01T00:00:00,1.8024801220985562,xujiasai,"{""type"":""MultiPoint"",""coordinates"":[]}"
412,2019-05-01T00:00:00,0.0,xujiasai,"{""type"":""MultiPoint"",""coordinates"":[]}"
413,2019-06-01T00:00:00,1.7905305685762292,xujiasai,"{""type"":""MultiPoint"",""coordinates"":[]}"
414,2019-07-01T00:00:00,0.7954378933107862,xujiasai,"{""type"":""MultiPoint"",""coordinates"":[]}"
415,2019-08-01T00:00:00,1.6704567730691349,xujiasai,"{""type"":""MultiPoint"",""coordinates"":[]}"
416,2019-09-01T00:00:00,0.023943706665039064,xujiasai,"{""type"":""MultiPoint"",""coordinates"":[]}"
417,2019-10-01T00:00:00,1.7339915095674403,xujiasai,"{""type"":""MultiPoint"",""coordinates"":[]}"
418,2019-11-01T00:00:00,0.9075635417480469,xujiasai,"{""type"":""MultiPoint"",""coordinates"":[]}"
419,2019-12-01T00:00:00,0.0,xujiasai,"{""type"":""MultiPoint"",""coordinates"":[]}"
420,2020-01-01T00:00:00,0.0,xujiasai,"{""type"":""MultiPoint"",""coordinates"":[]}"
421,2020-02-01T00:00:00,2.5152371899746764,xujiasai,"{""type"":""MultiPoint"",""coordinates"":[]}"
422,2020-03-01T00:00:00,2.060978669354368,xujiasai,"{""type"":""MultiPoint"",""coordinates"":[]}"
423,2020-04-01T00:00:00,2.132759571631817,xujiasai,"{""type"":""MultiPoint"",""coordinates"":[]}"
424,2020-05-01T00:00:00,1.699409046435547,xujiasai,"{""type"":""MultiPoint"",""coordinates"":[]}"
425,2020-06-01T00:00:00,1.6399344645874023,xujiasai,"{""type"":""MultiPoint"",""coordinates"":[]}"
426,2020-07-01T00:00:00,0.0,xujiasai,"{""type"":""MultiPoint"",""coordinates"":[]}"
427,2020-08-01T00:00:00,2.094312409569116,xujiasai,"{""type"":""MultiPoint"",""coordinates"":[]}"
428,2020-09-01T00:00:00,1.9229695243489582,xujiasai,"{""type"":""MultiPoint"",""coordinates"":[]}"
429,2020-10-01T00:00:00,2.1553614440046722,xujiasai,"{""type"":""MultiPoint"",""coordinates"":[]}"
430,2020-11-01T00:00:00,0.0,xujiasai,"{""type"":""MultiPoint"",""coordinates"":[]}"
431,2020-12-01T00:00:00,0.0,xujiasai,"{""type"":""MultiPoint"",""coordinates"":[]}"
