system:index,Date,area_km2,lake,.geo
0,1985-01-01T00:00:00,0.0,luhu,"{""type"":""MultiPoint"",""coordinates"":[]}"
1,1985-02-01T00:00:00,0.0,luhu,"{""type"":""MultiPoint"",""coordinates"":[]}"
2,1985-03-01T00:00:00,0.0,luhu,"{""type"":""MultiPoint"",""coordinates"":[]}"
3,1985-04-01T00:00:00,0.0,luhu,"{""type"":""MultiPoint"",""coordinates"":[]}"
4,1985-05-01T00:00:00,0.0,luhu,"{""type"":""MultiPoint"",""coordinates"":[]}"
5,1985-06-01T00:00:00,0.0,luhu,"{""type"":""MultiPoint"",""coordinates"":[]}"
6,1985-07-01T00:00:00,0.0,luhu,"{""type"":""MultiPoint"",""coordinates"":[]}"
7,1985-08-01T00:00:00,0.0,luhu,"{""type"":""MultiPoint"",""coordinates"":[]}"
8,1985-09-01T00:00:00,0.0,luhu,"{""type"":""MultiPoint"",""coordinates"":[]}"
9,1985-10-01T00:00:00,0.0,luhu,"{""type"":""MultiPoint"",""coordinates"":[]}"
10,1985-11-01T00:00:00,0.0,luhu,"{""type"":""MultiPoint"",""coordinates"":[]}"
11,1985-12-01T00:00:00,0.0,luhu,"{""type"":""MultiPoint"",""coordinates"":[]}"
12,1986-01-01T00:00:00,0.0,luhu,"{""type"":""MultiPoint"",""coordinates"":[]}"
13,1986-02-01T00:00:00,0.0,luhu,"{""type"":""MultiPoint"",""coordinates"":[]}"
14,1986-03-01T00:00:00,0.0,luhu,"{""type"":""MultiPoint"",""coordinates"":[]}"
15,1986-04-01T00:00:00,0.0,luhu,"{""type"":""MultiPoint"",""coordinates"":[]}"
16,1986-05-01T00:00:00,0.0,luhu,"{""type"":""MultiPoint"",""coordinates"":[]}"
17,1986-06-01T00:00:00,0.0,luhu,"{""type"":""MultiPoint"",""coordinates"":[]}"
18,1986-07-01T00:00:00,0.0,luhu,"{""type"":""MultiPoint"",""coordinates"":[]}"
19,1986-08-01T00:00:00,0.0,luhu,"{""type"":""MultiPoint"",""coordinates"":[]}"
20,1986-09-01T00:00:00,0.0,luhu,"{""type"":""MultiPoint"",""coordinates"":[]}"
21,1986-10-01T00:00:00,0.0,luhu,"{""type"":""MultiPoint"",""coordinates"":[]}"
22,1986-11-01T00:00:00,0.0,luhu,"{""type"":""MultiPoint"",""coordinates"":[]}"
23,1986-12-01T00:00:00,0.0,luhu,"{""type"":""MultiPoint"",""coordinates"":[]}"
24,1987-01-01T00:00:00,0.0,luhu,"{""type"":""MultiPoint"",""coordinates"":[]}"
25,1987-02-01T00:00:00,0.0,luhu,"{""type"":""MultiPoint"",""coordinates"":[]}"
26,1987-03-01T00:00:00,0.0,luhu,"{""type"":""MultiPoint"",""coordinates"":[]}"
27,1987-04-01T00:00:00,0.0,luhu,"{""type"":""MultiPoint"",""coordinates"":[]}"
28,1987-05-01T00:00:00,0.0,luhu,"{""type"":""MultiPoint"",""coordinates"":[]}"
29,1987-06-01T00:00:00,0.0,luhu,"{""type"":""MultiPoint"",""coordinates"":[]}"
30,1987-07-01T00:00:00,0.0,luhu,"{""type"":""MultiPoint"",""coordinates"":[]}"
31,1987-08-01T00:00:00,0.0,luhu,"{""type"":""MultiPoint"",""coordinates"":[]}"
32,1987-09-01T00:00:00,41.369139867233955,luhu,"{""type"":""MultiPoint"",""coordinates"":[]}"
33,1987-10-01T00:00:00,0.0,luhu,"{""type"":""MultiPoint"",""coordinates"":[]}"
34,1987-11-01T00:00:00,0.0,luhu,"{""type"":""MultiPoint"",""coordinates"":[]}"
35,1987-12-01T00:00:00,0.0,luhu,"{""type"":""MultiPoint"",""coordinates"":[]}"
36,1988-01-01T00:00:00,0.0,luhu,"{""type"":""MultiPoint"",""coordinates"":[]}"
37,1988-02-01T00:00:00,0.0,luhu,"{""type"":""MultiPoint"",""coordinates"":[]}"
38,1988-03-01T00:00:00,0.0,luhu,"{""type"":""MultiPoint"",""coordinates"":[]}"
39,1988-04-01T00:00:00,0.0,luhu,"{""type"":""MultiPoint"",""coordinates"":[]}"
40,1988-05-01T00:00:00,0.0,luhu,"{""type"":""MultiPoint"",""coordinates"":[]}"
41,1988-06-01T00:00:00,0.0,luhu,"{""type"":""MultiPoint"",""coordinates"":[]}"
42,1988-07-01T00:00:00,0.0,luhu,"{""type"":""MultiPoint"",""coordinates"":[]}"
43,1988-08-01T00:00:00,0.0,luhu,"{""type"":""MultiPoint"",""coordinates"":[]}"
44,1988-09-01T00:00:00,0.0,luhu,"{""type"":""MultiPoint"",""coordinates"":[]}"
45,1988-10-01T00:00:00,0.0,luhu,"{""type"":""MultiPoint"",""coordinates"":[]}"
46,1988-11-01T00:00:00,0.0,luhu,"{""type"":""MultiPoint"",""coordinates"":[]}"
47,1988-12-01T00:00:00,0.0,luhu,"{""type"":""MultiPoint"",""coordinates"":[]}"
48,1989-01-01T00:00:00,0.0,luhu,"{""type"":""MultiPoint"",""coordinates"":[]}"
49,1989-02-01T00:00:00,0.0,luhu,"{""type"":""MultiPoint"",""coordinates"":[]}"
50,1989-03-01T00:00:00,0.0,luhu,"{""type"":""MultiPoint"",""coordinates"":[]}"
51,1989-04-01T00:00:00,0.0,luhu,"{""type"":""MultiPoint"",""coordinates"":[]}"
52,1989-05-01T00:00:00,0.0,luhu,"{""type"":""MultiPoint"",""coordinates"":[]}"
53,1989-06-01T00:00:00,0.0,luhu,"{""type"":""MultiPoint"",""coordinates"":[]}"
54,1989-07-01T00:00:00,0.0,luhu,"{""type"":""MultiPoint"",""coordinates"":[]}"
55,1989-08-01T00:00:00,0.0,luhu,"{""type"":""MultiPoint"",""coordinates"":[]}"
56,1989-09-01T00:00:00,0.0,luhu,"{""type"":""MultiPoint"",""coordinates"":[]}"
57,1989-10-01T00:00:00,0.0,luhu,"{""type"":""MultiPoint"",""coordinates"":[]}"
58,1989-11-01T00:00:00,0.0,luhu,"{""type"":""MultiPoint"",""coordinates"":[]}"
59,1989-12-01T00:00:00,0.0,luhu,"{""type"":""MultiPoint"",""coordinates"":[]}"
60,1990-01-01T00:00:00,0.0,luhu,"{""type"":""MultiPoint"",""coordinates"":[]}"
61,1990-02-01T00:00:00,0.0,luhu,"{""type"":""MultiPoint"",""coordinates"":[]}"
62,1990-03-01T00:00:00,0.0,luhu,"{""type"":""MultiPoint"",""coordinates"":[]}"
63,1990-04-01T00:00:00,0.0,luhu,"{""type"":""MultiPoint"",""coordinates"":[]}"
64,1990-05-01T00:00:00,0.0,luhu,"{""type"":""MultiPoint"",""coordinates"":[]}"
65,1990-06-01T00:00:00,0.0,luhu,"{""type"":""MultiPoint"",""coordinates"":[]}"
66,1990-07-01T00:00:00,0.0,luhu,"{""type"":""MultiPoint"",""coordinates"":[]}"
67,1990-08-01T00:00:00,0.0,luhu,"{""type"":""MultiPoint"",""coordinates"":[]}"
68,1990-09-01T00:00:00,41.395731900644314,luhu,"{""type"":""MultiPoint"",""coordinates"":[]}"
69,1990-10-01T00:00:00,0.0,luhu,"{""type"":""MultiPoint"",""coordinates"":[]}"
70,1990-11-01T00:00:00,0.0,luhu,"{""type"":""MultiPoint"",""coordinates"":[]}"
71,1990-12-01T00:00:00,0.0,luhu,"{""type"":""MultiPoint"",""coordinates"":[]}"
72,1991-01-01T00:00:00,0.0,luhu,"{""type"":""MultiPoint"",""coordinates"":[]}"
73,1991-02-01T00:00:00,0.0,luhu,"{""type"":""MultiPoint"",""coordinates"":[]}"
74,1991-03-01T00:00:00,0.0,luhu,"{""type"":""MultiPoint"",""coordinates"":[]}"
75,1991-04-01T00:00:00,0.0,luhu,"{""type"":""MultiPoint"",""coordinates"":[]}"
76,1991-05-01T00:00:00,0.0,luhu,"{""type"":""MultiPoint"",""coordinates"":[]}"
77,1991-06-01T00:00:00,0.026354343139648437,luhu,"{""type"":""MultiPoint"",""coordinates"":[]}"
78,1991-07-01T00:00:00,42.14672460651904,luhu,"{""type"":""MultiPoint"",""coordinates"":[]}"
79,1991-08-01T00:00:00,0.0,luhu,"{""type"":""MultiPoint"",""coordinates"":[]}"
80,1991-09-01T00:00:00,0.0,luhu,"{""type"":""MultiPoint"",""coordinates"":[]}"
81,1991-10-01T00:00:00,0.0,luhu,"{""type"":""MultiPoint"",""coordinates"":[]}"
82,1991-11-01T00:00:00,0.0,luhu,"{""type"":""MultiPoint"",""coordinates"":[]}"
83,1991-12-01T00:00:00,0.0,luhu,"{""type"":""MultiPoint"",""coordinates"":[]}"
84,1992-01-01T00:00:00,43.910862099817386,luhu,"{""type"":""MultiPoint"",""coordinates"":[]}"
85,1992-02-01T00:00:00,24.23453049344099,luhu,"{""type"":""MultiPoint"",""coordinates"":[]}"
86,1992-03-01T00:00:00,0.0,luhu,"{""type"":""MultiPoint"",""coordinates"":[]}"
87,1992-04-01T00:00:00,0.0,luhu,"{""type"":""MultiPoint"",""coordinates"":[]}"
88,1992-05-01T00:00:00,0.0,luhu,"{""type"":""MultiPoint"",""coordinates"":[]}"
89,1992-06-01T00:00:00,0.0,luhu,"{""type"":""MultiPoint"",""coordinates"":[]}"
90,1992-07-01T00:00:00,0.0,luhu,"{""type"":""MultiPoint"",""coordinates"":[]}"
91,1992-08-01T00:00:00,0.0,luhu,"{""type"":""MultiPoint"",""coordinates"":[]}"
92,1992-09-01T00:00:00,0.0,luhu,"{""type"":""MultiPoint"",""coordinates"":[]}"
93,1992-10-01T00:00:00,0.0,luhu,"{""type"":""MultiPoint"",""coordinates"":[]}"
94,1992-11-01T00:00:00,0.0,luhu,"{""type"":""MultiPoint"",""coordinates"":[]}"
95,1992-12-01T00:00:00,0.0,luhu,"{""type"":""MultiPoint"",""coordinates"":[]}"
96,1993-01-01T00:00:00,0.0,luhu,"{""type"":""MultiPoint"",""coordinates"":[]}"
97,1993-02-01T00:00:00,0.0,luhu,"{""type"":""MultiPoint"",""coordinates"":[]}"
98,1993-03-01T00:00:00,0.0,luhu,"{""type"":""MultiPoint"",""coordinates"":[]}"
99,1993-04-01T00:00:00,0.0,luhu,"{""type"":""MultiPoint"",""coordinates"":[]}"
100,1993-05-01T00:00:00,0.0,luhu,"{""type"":""MultiPoint"",""coordinates"":[]}"
101,1993-06-01T00:00:00,0.0,luhu,"{""type"":""MultiPoint"",""coordinates"":[]}"
102,1993-07-01T00:00:00,0.0,luhu,"{""type"":""MultiPoint"",""coordinates"":[]}"
103,1993-08-01T00:00:00,0.0,luhu,"{""type"":""MultiPoint"",""coordinates"":[]}"
104,1993-09-01T00:00:00,0.0751765224609375,luhu,"{""type"":""MultiPoint"",""coordinates"":[]}"
105,1993-10-01T00:00:00,39.656762451776984,luhu,"{""type"":""MultiPoint"",""coordinates"":[]}"
106,1993-11-01T00:00:00,0.0,luhu,"{""type"":""MultiPoint"",""coordinates"":[]}"
107,1993-12-01T00:00:00,0.0,luhu,"{""type"":""MultiPoint"",""coordinates"":[]}"
108,1994-01-01T00:00:00,0.0,luhu,"{""type"":""MultiPoint"",""coordinates"":[]}"
109,1994-02-01T00:00:00,0.0,luhu,"{""type"":""MultiPoint"",""coordinates"":[]}"
110,1994-03-01T00:00:00,0.0,luhu,"{""type"":""MultiPoint"",""coordinates"":[]}"
111,1994-04-01T00:00:00,0.0,luhu,"{""type"":""MultiPoint"",""coordinates"":[]}"
112,1994-05-01T00:00:00,0.0,luhu,"{""type"":""MultiPoint"",""coordinates"":[]}"
113,1994-06-01T00:00:00,0.0,luhu,"{""type"":""MultiPoint"",""coordinates"":[]}"
114,1994-07-01T00:00:00,0.0,luhu,"{""type"":""MultiPoint"",""coordinates"":[]}"
115,1994-08-01T00:00:00,29.99939501347919,luhu,"{""type"":""MultiPoint"",""coordinates"":[]}"
116,1994-09-01T00:00:00,27.540673369817753,luhu,"{""type"":""MultiPoint"",""coordinates"":[]}"
117,1994-10-01T00:00:00,0.0,luhu,"{""type"":""MultiPoint"",""coordinates"":[]}"
118,1994-11-01T00:00:00,0.0,luhu,"{""type"":""MultiPoint"",""coordinates"":[]}"
119,1994-12-01T00:00:00,0.0,luhu,"{""type"":""MultiPoint"",""coordinates"":[]}"
120,1995-01-01T00:00:00,0.0,luhu,"{""type"":""MultiPoint"",""coordinates"":[]}"
121,1995-02-01T00:00:00,0.0,luhu,"{""type"":""MultiPoint"",""coordinates"":[]}"
122,1995-03-01T00:00:00,0.0,luhu,"{""type"":""MultiPoint"",""coordinates"":[]}"
123,1995-04-01T00:00:00,38.335885879301664,luhu,"{""type"":""MultiPoint"",""coordinates"":[]}"
124,1995-05-01T00:00:00,0.8918130236821193,luhu,"{""type"":""MultiPoint"",""coordinates"":[]}"
125,1995-06-01T00:00:00,0.0,luhu,"{""type"":""MultiPoint"",""coordinates"":[]}"
126,1995-07-01T00:00:00,0.0,luhu,"{""type"":""MultiPoint"",""coordinates"":[]}"
127,1995-08-01T00:00:00,0.0,luhu,"{""type"":""MultiPoint"",""coordinates"":[]}"
128,1995-09-01T00:00:00,0.0,luhu,"{""type"":""MultiPoint"",""coordinates"":[]}"
129,1995-10-01T00:00:00,38.75230567826739,luhu,"{""type"":""MultiPoint"",""coordinates"":[]}"
130,1995-11-01T00:00:00,0.0,luhu,"{""type"":""MultiPoint"",""coordinates"":[]}"
131,1995-12-01T00:00:00,0.0,luhu,"{""type"":""MultiPoint"",""coordinates"":[]}"
132,1996-01-01T00:00:00,0.0,luhu,"{""type"":""MultiPoint"",""coordinates"":[]}"
133,1996-02-01T00:00:00,19.564382196347463,luhu,"{""type"":""MultiPoint"",""coordinates"":[]}"
134,1996-03-01T00:00:00,0.0,luhu,"{""type"":""MultiPoint"",""coordinates"":[]}"
135,1996-04-01T00:00:00,0.0,luhu,"{""type"":""MultiPoint"",""coordinates"":[]}"
136,1996-05-01T00:00:00,2.2545793600676887,luhu,"{""type"":""MultiPoint"",""coordinates"":[]}"
137,1996-06-01T00:00:00,32.41373462800485,luhu,"{""type"":""MultiPoint"",""coordinates"":[]}"
138,1996-07-01T00:00:00,0.0,luhu,"{""type"":""MultiPoint"",""coordinates"":[]}"
139,1996-08-01T00:00:00,24.73428295461856,luhu,"{""type"":""MultiPoint"",""coordinates"":[]}"
140,1996-09-01T00:00:00,26.432386338245827,luhu,"{""type"":""MultiPoint"",""coordinates"":[]}"
141,1996-10-01T00:00:00,36.871914835163906,luhu,"{""type"":""MultiPoint"",""coordinates"":[]}"
142,1996-11-01T00:00:00,0.0,luhu,"{""type"":""MultiPoint"",""coordinates"":[]}"
143,1996-12-01T00:00:00,0.0,luhu,"{""type"":""MultiPoint"",""coordinates"":[]}"
144,1997-01-01T00:00:00,0.0,luhu,"{""type"":""MultiPoint"",""coordinates"":[]}"
145,1997-02-01T00:00:00,0.0,luhu,"{""type"":""MultiPoint"",""coordinates"":[]}"
146,1997-03-01T00:00:00,0.0,luhu,"{""type"":""MultiPoint"",""coordinates"":[]}"
147,1997-04-01T00:00:00,0.0,luhu,"{""type"":""MultiPoint"",""coordinates"":[]}"
148,1997-05-01T00:00:00,0.0,luhu,"{""type"":""MultiPoint"",""coordinates"":[]}"
149,1997-06-01T00:00:00,0.0,luhu,"{""type"":""MultiPoint"",""coordinates"":[]}"
150,1997-07-01T00:00:00,0.0,luhu,"{""type"":""MultiPoint"",""coordinates"":[]}"
151,1997-08-01T00:00:00,0.0,luhu,"{""type"":""MultiPoint"",""coordinates"":[]}"
152,1997-09-01T00:00:00,0.0,luhu,"{""type"":""MultiPoint"",""coordinates"":[]}"
153,1997-10-01T00:00:00,0.0,luhu,"{""type"":""MultiPoint"",""coordinates"":[]}"
154,1997-11-01T00:00:00,0.0,luhu,"{""type"":""MultiPoint"",""coordinates"":[]}"
155,1997-12-01T00:00:00,0.0,luhu,"{""type"":""MultiPoint"",""coordinates"":[]}"
156,1998-01-01T00:00:00,0.0,luhu,"{""type"":""MultiPoint"",""coordinates"":[]}"
157,1998-02-01T00:00:00,0.0,luhu,"{""type"":""MultiPoint"",""coordinates"":[]}"
158,1998-03-01T00:00:00,0.0,luhu,"{""type"":""MultiPoint"",""coordinates"":[]}"
159,1998-04-01T00:00:00,0.0,luhu,"{""type"":""MultiPoint"",""coordinates"":[]}"
160,1998-05-01T00:00:00,0.0,luhu,"{""type"":""MultiPoint"",""coordinates"":[]}"
161,1998-06-01T00:00:00,0.0,luhu,"{""type"":""MultiPoint"",""coordinates"":[]}"
162,1998-07-01T00:00:00,0.0,luhu,"{""type"":""MultiPoint"",""coordinates"":[]}"
163,1998-08-01T00:00:00,0.0,luhu,"{""type"":""MultiPoint"",""coordinates"":[]}"
164,1998-09-01T00:00:00,0.0,luhu,"{""type"":""MultiPoint"",""coordinates"":[]}"
165,1998-10-01T00:00:00,0.0,luhu,"{""type"":""MultiPoint"",""coordinates"":[]}"
166,1998-11-01T00:00:00,0.0,luhu,"{""type"":""MultiPoint"",""coordinates"":[]}"
167,1998-12-01T00:00:00,0.0,luhu,"{""type"":""MultiPoint"",""coordinates"":[]}"
168,1999-01-01T00:00:00,0.0,luhu,"{""type"":""MultiPoint"",""coordinates"":[]}"
169,1999-02-01T00:00:00,0.0,luhu,"{""type"":""MultiPoint"",""coordinates"":[]}"
170,1999-03-01T00:00:00,0.0,luhu,"{""type"":""MultiPoint"",""coordinates"":[]}"
171,1999-04-01T00:00:00,0.0,luhu,"{""type"":""MultiPoint"",""coordinates"":[]}"
172,1999-05-01T00:00:00,0.0,luhu,"{""type"":""MultiPoint"",""coordinates"":[]}"
173,1999-06-01T00:00:00,0.0,luhu,"{""type"":""MultiPoint"",""coordinates"":[]}"
174,1999-07-01T00:00:00,0.0,luhu,"{""type"":""MultiPoint"",""coordinates"":[]}"
175,1999-08-01T00:00:00,0.0,luhu,"{""type"":""MultiPoint"",""coordinates"":[]}"
176,1999-09-01T00:00:00,37.48322298408273,luhu,"{""type"":""MultiPoint"",""coordinates"":[]}"
177,1999-10-01T00:00:00,0.0,luhu,"{""type"":""MultiPoint"",""coordinates"":[]}"
178,1999-11-01T00:00:00,28.337440430694457,luhu,"{""type"":""MultiPoint"",""coordinates"":[]}"
179,1999-12-01T00:00:00,0.0,luhu,"{""type"":""MultiPoint"",""coordinates"":[]}"
180,2000-01-01T00:00:00,3.492675837188843,luhu,"{""type"":""MultiPoint"",""coordinates"":[]}"
181,2000-02-01T00:00:00,41.629201886420056,luhu,"{""type"":""MultiPoint"",""coordinates"":[]}"
182,2000-03-01T00:00:00,0.0,luhu,"{""type"":""MultiPoint"",""coordinates"":[]}"
183,2000-04-01T00:00:00,0.0,luhu,"{""type"":""MultiPoint"",""coordinates"":[]}"
184,2000-05-01T00:00:00,0.0,luhu,"{""type"":""MultiPoint"",""coordinates"":[]}"
185,2000-06-01T00:00:00,5.939677480529785,luhu,"{""type"":""MultiPoint"",""coordinates"":[]}"
186,2000-07-01T00:00:00,14.912630757300525,luhu,"{""type"":""MultiPoint"",""coordinates"":[]}"
187,2000-08-01T00:00:00,8.860793807838109,luhu,"{""type"":""MultiPoint"",""coordinates"":[]}"
188,2000-09-01T00:00:00,14.487352231024047,luhu,"{""type"":""MultiPoint"",""coordinates"":[]}"
189,2000-10-01T00:00:00,40.612849914501275,luhu,"{""type"":""MultiPoint"",""coordinates"":[]}"
190,2000-11-01T00:00:00,0.016273826904296875,luhu,"{""type"":""MultiPoint"",""coordinates"":[]}"
191,2000-12-01T00:00:00,0.0,luhu,"{""type"":""MultiPoint"",""coordinates"":[]}"
192,2001-01-01T00:00:00,41.83029109027485,luhu,"{""type"":""MultiPoint"",""coordinates"":[]}"
193,2001-02-01T00:00:00,0.7191509942212869,luhu,"{""type"":""MultiPoint"",""coordinates"":[]}"
194,2001-03-01T00:00:00,39.417246800031585,luhu,"{""type"":""MultiPoint"",""coordinates"":[]}"
195,2001-04-01T00:00:00,20.512548885532503,luhu,"{""type"":""MultiPoint"",""coordinates"":[]}"
196,2001-05-01T00:00:00,23.022435137233593,luhu,"{""type"":""MultiPoint"",""coordinates"":[]}"
197,2001-06-01T00:00:00,9.410676611631148,luhu,"{""type"":""MultiPoint"",""coordinates"":[]}"
198,2001-07-01T00:00:00,21.502768555251407,luhu,"{""type"":""MultiPoint"",""coordinates"":[]}"
199,2001-08-01T00:00:00,7.518424244117168,luhu,"{""type"":""MultiPoint"",""coordinates"":[]}"
200,2001-09-01T00:00:00,27.542908441753536,luhu,"{""type"":""MultiPoint"",""coordinates"":[]}"
201,2001-10-01T00:00:00,1.796327416360294,luhu,"{""type"":""MultiPoint"",""coordinates"":[]}"
202,2001-11-01T00:00:00,38.96596840755089,luhu,"{""type"":""MultiPoint"",""coordinates"":[]}"
203,2001-12-01T00:00:00,0.0,luhu,"{""type"":""MultiPoint"",""coordinates"":[]}"
204,2002-01-01T00:00:00,30.094832875212774,luhu,"{""type"":""MultiPoint"",""coordinates"":[]}"
205,2002-02-01T00:00:00,36.65088267582123,luhu,"{""type"":""MultiPoint"",""coordinates"":[]}"
206,2002-03-01T00:00:00,34.44589205333156,luhu,"{""type"":""MultiPoint"",""coordinates"":[]}"
207,2002-04-01T00:00:00,0.017865019842170267,luhu,"{""type"":""MultiPoint"",""coordinates"":[]}"
208,2002-05-01T00:00:00,0.0,luhu,"{""type"":""MultiPoint"",""coordinates"":[]}"
209,2002-06-01T00:00:00,24.246725934968588,luhu,"{""type"":""MultiPoint"",""coordinates"":[]}"
210,2002-07-01T00:00:00,37.19704413101424,luhu,"{""type"":""MultiPoint"",""coordinates"":[]}"
211,2002-08-01T00:00:00,37.09236716460486,luhu,"{""type"":""MultiPoint"",""coordinates"":[]}"
212,2002-09-01T00:00:00,37.095835004297825,luhu,"{""type"":""MultiPoint"",""coordinates"":[]}"
213,2002-10-01T00:00:00,41.24972144230529,luhu,"{""type"":""MultiPoint"",""coordinates"":[]}"
214,2002-11-01T00:00:00,6.064560782404643,luhu,"{""type"":""MultiPoint"",""coordinates"":[]}"
215,2002-12-01T00:00:00,0.0,luhu,"{""type"":""MultiPoint"",""coordinates"":[]}"
216,2003-01-01T00:00:00,43.12796490266644,luhu,"{""type"":""MultiPoint"",""coordinates"":[]}"
217,2003-02-01T00:00:00,42.18270570724166,luhu,"{""type"":""MultiPoint"",""coordinates"":[]}"
218,2003-03-01T00:00:00,39.225991620712946,luhu,"{""type"":""MultiPoint"",""coordinates"":[]}"
219,2003-04-01T00:00:00,41.96838149488027,luhu,"{""type"":""MultiPoint"",""coordinates"":[]}"
220,2003-05-01T00:00:00,41.553324625490454,luhu,"{""type"":""MultiPoint"",""coordinates"":[]}"
221,2003-06-01T00:00:00,16.67604416440382,luhu,"{""type"":""MultiPoint"",""coordinates"":[]}"
222,2003-07-01T00:00:00,17.160324514887314,luhu,"{""type"":""MultiPoint"",""coordinates"":[]}"
223,2003-08-01T00:00:00,16.43043877616828,luhu,"{""type"":""MultiPoint"",""coordinates"":[]}"
224,2003-09-01T00:00:00,31.2503395272193,luhu,"{""type"":""MultiPoint"",""coordinates"":[]}"
225,2003-10-01T00:00:00,42.65253805501662,luhu,"{""type"":""MultiPoint"",""coordinates"":[]}"
226,2003-11-01T00:00:00,43.13900520129758,luhu,"{""type"":""MultiPoint"",""coordinates"":[]}"
227,2003-12-01T00:00:00,0.0,luhu,"{""type"":""MultiPoint"",""coordinates"":[]}"
228,2004-01-01T00:00:00,43.439517689293034,luhu,"{""type"":""MultiPoint"",""coordinates"":[]}"
229,2004-02-01T00:00:00,41.35991964657776,luhu,"{""type"":""MultiPoint"",""coordinates"":[]}"
230,2004-03-01T00:00:00,37.40768484755596,luhu,"{""type"":""MultiPoint"",""coordinates"":[]}"
231,2004-04-01T00:00:00,28.150338425365252,luhu,"{""type"":""MultiPoint"",""coordinates"":[]}"
232,2004-05-01T00:00:00,22.34223234861055,luhu,"{""type"":""MultiPoint"",""coordinates"":[]}"
233,2004-06-01T00:00:00,0.001550874267578125,luhu,"{""type"":""MultiPoint"",""coordinates"":[]}"
234,2004-07-01T00:00:00,38.78438830747069,luhu,"{""type"":""MultiPoint"",""coordinates"":[]}"
235,2004-08-01T00:00:00,26.03842017298272,luhu,"{""type"":""MultiPoint"",""coordinates"":[]}"
236,2004-09-01T00:00:00,40.93333883703781,luhu,"{""type"":""MultiPoint"",""coordinates"":[]}"
237,2004-10-01T00:00:00,44.871596784012404,luhu,"{""type"":""MultiPoint"",""coordinates"":[]}"
238,2004-11-01T00:00:00,43.324669892423515,luhu,"{""type"":""MultiPoint"",""coordinates"":[]}"
239,2004-12-01T00:00:00,0.0,luhu,"{""type"":""MultiPoint"",""coordinates"":[]}"
240,2005-01-01T00:00:00,37.948330850720936,luhu,"{""type"":""MultiPoint"",""coordinates"":[]}"
241,2005-02-01T00:00:00,32.442429123591154,luhu,"{""type"":""MultiPoint"",""coordinates"":[]}"
242,2005-03-01T00:00:00,38.99039417488366,luhu,"{""type"":""MultiPoint"",""coordinates"":[]}"
243,2005-04-01T00:00:00,36.892918806742124,luhu,"{""type"":""MultiPoint"",""coordinates"":[]}"
244,2005-05-01T00:00:00,23.60392189608202,luhu,"{""type"":""MultiPoint"",""coordinates"":[]}"
245,2005-06-01T00:00:00,3.971557829711914,luhu,"{""type"":""MultiPoint"",""coordinates"":[]}"
246,2005-07-01T00:00:00,7.498354015237007,luhu,"{""type"":""MultiPoint"",""coordinates"":[]}"
247,2005-08-01T00:00:00,5.824144045004931,luhu,"{""type"":""MultiPoint"",""coordinates"":[]}"
248,2005-09-01T00:00:00,25.80180934877642,luhu,"{""type"":""MultiPoint"",""coordinates"":[]}"
249,2005-10-01T00:00:00,2.5327499010723042,luhu,"{""type"":""MultiPoint"",""coordinates"":[]}"
250,2005-11-01T00:00:00,33.33482710694747,luhu,"{""type"":""MultiPoint"",""coordinates"":[]}"
251,2005-12-01T00:00:00,0.0,luhu,"{""type"":""MultiPoint"",""coordinates"":[]}"
252,2006-01-01T00:00:00,43.00213407150336,luhu,"{""type"":""MultiPoint"",""coordinates"":[]}"
253,2006-02-01T00:00:00,31.616538769689683,luhu,"{""type"":""MultiPoint"",""coordinates"":[]}"
254,2006-03-01T00:00:00,41.9502826563216,luhu,"{""type"":""MultiPoint"",""coordinates"":[]}"
255,2006-04-01T00:00:00,30.981741005419437,luhu,"{""type"":""MultiPoint"",""coordinates"":[]}"
256,2006-05-01T00:00:00,0.96899490234375,luhu,"{""type"":""MultiPoint"",""coordinates"":[]}"
257,2006-06-01T00:00:00,33.638177471928834,luhu,"{""type"":""MultiPoint"",""coordinates"":[]}"
258,2006-07-01T00:00:00,29.048174067761703,luhu,"{""type"":""MultiPoint"",""coordinates"":[]}"
259,2006-08-01T00:00:00,28.5703506654888,luhu,"{""type"":""MultiPoint"",""coordinates"":[]}"
260,2006-09-01T00:00:00,31.70118598327276,luhu,"{""type"":""MultiPoint"",""coordinates"":[]}"
261,2006-10-01T00:00:00,38.71172465419799,luhu,"{""type"":""MultiPoint"",""coordinates"":[]}"
262,2006-11-01T00:00:00,41.22490330215106,luhu,"{""type"":""MultiPoint"",""coordinates"":[]}"
263,2006-12-01T00:00:00,0.0,luhu,"{""type"":""MultiPoint"",""coordinates"":[]}"
264,2007-01-01T00:00:00,33.77124672102982,luhu,"{""type"":""MultiPoint"",""coordinates"":[]}"
265,2007-02-01T00:00:00,40.768126940290884,luhu,"{""type"":""MultiPoint"",""coordinates"":[]}"
266,2007-03-01T00:00:00,41.93226867737344,luhu,"{""type"":""MultiPoint"",""coordinates"":[]}"
267,2007-04-01T00:00:00,31.783734739993086,luhu,"{""type"":""MultiPoint"",""coordinates"":[]}"
268,2007-05-01T00:00:00,21.61586658118442,luhu,"{""type"":""MultiPoint"",""coordinates"":[]}"
269,2007-06-01T00:00:00,27.578190179442636,luhu,"{""type"":""MultiPoint"",""coordinates"":[]}"
270,2007-07-01T00:00:00,28.254120275248688,luhu,"{""type"":""MultiPoint"",""coordinates"":[]}"
271,2007-08-01T00:00:00,23.825928002551983,luhu,"{""type"":""MultiPoint"",""coordinates"":[]}"
272,2007-09-01T00:00:00,34.55214307868269,luhu,"{""type"":""MultiPoint"",""coordinates"":[]}"
273,2007-10-01T00:00:00,28.458735008480055,luhu,"{""type"":""MultiPoint"",""coordinates"":[]}"
274,2007-11-01T00:00:00,32.00154101450266,luhu,"{""type"":""MultiPoint"",""coordinates"":[]}"
275,2007-12-01T00:00:00,0.0,luhu,"{""type"":""MultiPoint"",""coordinates"":[]}"
276,2008-01-01T00:00:00,0.0,luhu,"{""type"":""MultiPoint"",""coordinates"":[]}"
277,2008-02-01T00:00:00,33.902762504928035,luhu,"{""type"":""MultiPoint"",""coordinates"":[]}"
278,2008-03-01T00:00:00,41.165957994084394,luhu,"{""type"":""MultiPoint"",""coordinates"":[]}"
279,2008-04-01T00:00:00,21.938371718663596,luhu,"{""type"":""MultiPoint"",""coordinates"":[]}"
280,2008-05-01T00:00:00,14.14644943854119,luhu,"{""type"":""MultiPoint"",""coordinates"":[]}"
281,2008-06-01T00:00:00,7.0109435298167515,luhu,"{""type"":""MultiPoint"",""coordinates"":[]}"
282,2008-07-01T00:00:00,12.333121645751953,luhu,"{""type"":""MultiPoint"",""coordinates"":[]}"
283,2008-08-01T00:00:00,12.163590777709961,luhu,"{""type"":""MultiPoint"",""coordinates"":[]}"
284,2008-09-01T00:00:00,13.289031954433307,luhu,"{""type"":""MultiPoint"",""coordinates"":[]}"
285,2008-10-01T00:00:00,35.32373653861777,luhu,"{""type"":""MultiPoint"",""coordinates"":[]}"
286,2008-11-01T00:00:00,42.93756073798036,luhu,"{""type"":""MultiPoint"",""coordinates"":[]}"
287,2008-12-01T00:00:00,0.0,luhu,"{""type"":""MultiPoint"",""coordinates"":[]}"
288,2009-01-01T00:00:00,41.155485799375796,luhu,"{""type"":""MultiPoint"",""coordinates"":[]}"
289,2009-02-01T00:00:00,31.450007321312768,luhu,"{""type"":""MultiPoint"",""coordinates"":[]}"
290,2009-03-01T00:00:00,42.38937957140109,luhu,"{""type"":""MultiPoint"",""coordinates"":[]}"
291,2009-04-01T00:00:00,34.04054976339229,luhu,"{""type"":""MultiPoint"",""coordinates"":[]}"
292,2009-05-01T00:00:00,29.725448778496702,luhu,"{""type"":""MultiPoint"",""coordinates"":[]}"
293,2009-06-01T00:00:00,21.495894505661187,luhu,"{""type"":""MultiPoint"",""coordinates"":[]}"
294,2009-07-01T00:00:00,31.944485831280158,luhu,"{""type"":""MultiPoint"",""coordinates"":[]}"
295,2009-08-01T00:00:00,33.82865243807087,luhu,"{""type"":""MultiPoint"",""coordinates"":[]}"
296,2009-09-01T00:00:00,36.78879239372033,luhu,"{""type"":""MultiPoint"",""coordinates"":[]}"
297,2009-10-01T00:00:00,39.258907027817905,luhu,"{""type"":""MultiPoint"",""coordinates"":[]}"
298,2009-11-01T00:00:00,43.08698659522778,luhu,"{""type"":""MultiPoint"",""coordinates"":[]}"
299,2009-12-01T00:00:00,0.0,luhu,"{""type"":""MultiPoint"",""coordinates"":[]}"
300,2010-01-01T00:00:00,9.452371917013496,luhu,"{""type"":""MultiPoint"",""coordinates"":[]}"
301,2010-02-01T00:00:00,31.124179748012402,luhu,"{""type"":""MultiPoint"",""coordinates"":[]}"
302,2010-03-01T00:00:00,41.843172324865975,luhu,"{""type"":""MultiPoint"",""coordinates"":[]}"
303,2010-04-01T00:00:00,0.0,luhu,"{""type"":""MultiPoint"",""coordinates"":[]}"
304,2010-05-01T00:00:00,0.0,luhu,"{""type"":""MultiPoint"",""coordinates"":[]}"
305,2010-06-01T00:00:00,0.46564536474609375,luhu,"{""type"":""MultiPoint"",""coordinates"":[]}"
306,2010-07-01T00:00:00,26.986608055137246,luhu,"{""type"":""MultiPoint"",""coordinates"":[]}"
307,2010-08-01T00:00:00,10.035516786598834,luhu,"{""type"":""MultiPoint"",""coordinates"":[]}"
308,2010-09-01T00:00:00,31.203052645142293,luhu,"{""type"":""MultiPoint"",""coordinates"":[]}"
309,2010-10-01T00:00:00,40.43431362649981,luhu,"{""type"":""MultiPoint"",""coordinates"":[]}"
310,2010-11-01T00:00:00,31.660051743293316,luhu,"{""type"":""MultiPoint"",""coordinates"":[]}"
311,2010-12-01T00:00:00,0.0,luhu,"{""type"":""MultiPoint"",""coordinates"":[]}"
312,2011-01-01T00:00:00,43.43002592046357,luhu,"{""type"":""MultiPoint"",""coordinates"":[]}"
313,2011-02-01T00:00:00,42.83019136903726,luhu,"{""type"":""MultiPoint"",""coordinates"":[]}"
314,2011-03-01T00:00:00,41.15149404780253,luhu,"{""type"":""MultiPoint"",""coordinates"":[]}"
315,2011-04-01T00:00:00,0.0,luhu,"{""type"":""MultiPoint"",""coordinates"":[]}"
316,2011-05-01T00:00:00,0.003100087951660156,luhu,"{""type"":""MultiPoint"",""coordinates"":[]}"
317,2011-06-01T00:00:00,24.048359825536384,luhu,"{""type"":""MultiPoint"",""coordinates"":[]}"
318,2011-07-01T00:00:00,2.8432659348632816,luhu,"{""type"":""MultiPoint"",""coordinates"":[]}"
319,2011-08-01T00:00:00,0.6280122230708103,luhu,"{""type"":""MultiPoint"",""coordinates"":[]}"
320,2011-09-01T00:00:00,25.932182643074775,luhu,"{""type"":""MultiPoint"",""coordinates"":[]}"
321,2011-10-01T00:00:00,32.232832472434836,luhu,"{""type"":""MultiPoint"",""coordinates"":[]}"
322,2011-11-01T00:00:00,32.44742823784226,luhu,"{""type"":""MultiPoint"",""coordinates"":[]}"
323,2011-12-01T00:00:00,0.0,luhu,"{""type"":""MultiPoint"",""coordinates"":[]}"
324,2012-01-01T00:00:00,41.63968551433759,luhu,"{""type"":""MultiPoint"",""coordinates"":[]}"
325,2012-02-01T00:00:00,33.16791966796896,luhu,"{""type"":""MultiPoint"",""coordinates"":[]}"
326,2012-03-01T00:00:00,34.13443689538668,luhu,"{""type"":""MultiPoint"",""coordinates"":[]}"
327,2012-04-01T00:00:00,0.0,luhu,"{""type"":""MultiPoint"",""coordinates"":[]}"
328,2012-05-01T00:00:00,37.06232770291964,luhu,"{""type"":""MultiPoint"",""coordinates"":[]}"
329,2012-06-01T00:00:00,10.555303332154283,luhu,"{""type"":""MultiPoint"",""coordinates"":[]}"
330,2012-07-01T00:00:00,19.461507818477376,luhu,"{""type"":""MultiPoint"",""coordinates"":[]}"
331,2012-08-01T00:00:00,0.0,luhu,"{""type"":""MultiPoint"",""coordinates"":[]}"
332,2012-09-01T00:00:00,0.7654828738616344,luhu,"{""type"":""MultiPoint"",""coordinates"":[]}"
333,2012-10-01T00:00:00,0.0,luhu,"{""type"":""MultiPoint"",""coordinates"":[]}"
334,2012-11-01T00:00:00,0.0,luhu,"{""type"":""MultiPoint"",""coordinates"":[]}"
335,2012-12-01T00:00:00,0.0,luhu,"{""type"":""MultiPoint"",""coordinates"":[]}"
336,2013-01-01T00:00:00,42.04981946006079,luhu,"{""type"":""MultiPoint"",""coordinates"":[]}"
337,2013-02-01T00:00:00,0.0,luhu,"{""type"":""MultiPoint"",""coordinates"":[]}"
338,2013-03-01T00:00:00,0.0,luhu,"{""type"":""MultiPoint"",""coordinates"":[]}"
339,2013-04-01T00:00:00,38.85125835541156,luhu,"{""type"":""MultiPoint"",""coordinates"":[]}"
340,2013-05-01T00:00:00,38.10292767182164,luhu,"{""type"":""MultiPoint"",""coordinates"":[]}"
341,2013-06-01T00:00:00,33.47957379796262,luhu,"{""type"":""MultiPoint"",""coordinates"":[]}"
342,2013-07-01T00:00:00,39.528412925072985,luhu,"{""type"":""MultiPoint"",""coordinates"":[]}"
343,2013-08-01T00:00:00,39.640715651146266,luhu,"{""type"":""MultiPoint"",""coordinates"":[]}"
344,2013-09-01T00:00:00,39.616757292269824,luhu,"{""type"":""MultiPoint"",""coordinates"":[]}"
345,2013-10-01T00:00:00,41.94362408049174,luhu,"{""type"":""MultiPoint"",""coordinates"":[]}"
346,2013-11-01T00:00:00,42.47091498574458,luhu,"{""type"":""MultiPoint"",""coordinates"":[]}"
347,2013-12-01T00:00:00,0.0,luhu,"{""type"":""MultiPoint"",""coordinates"":[]}"
348,2014-01-01T00:00:00,41.804448770367806,luhu,"{""type"":""MultiPoint"",""coordinates"":[]}"
349,2014-02-01T00:00:00,0.0,luhu,"{""type"":""MultiPoint"",""coordinates"":[]}"
350,2014-03-01T00:00:00,6.3427222260297,luhu,"{""type"":""MultiPoint"",""coordinates"":[]}"
351,2014-04-01T00:00:00,32.736182822023856,luhu,"{""type"":""MultiPoint"",""coordinates"":[]}"
352,2014-05-01T00:00:00,36.53434437230776,luhu,"{""type"":""MultiPoint"",""coordinates"":[]}"
353,2014-06-01T00:00:00,0.0,luhu,"{""type"":""MultiPoint"",""coordinates"":[]}"
354,2014-07-01T00:00:00,18.754102771767524,luhu,"{""type"":""MultiPoint"",""coordinates"":[]}"
355,2014-08-01T00:00:00,27.72680152604979,luhu,"{""type"":""MultiPoint"",""coordinates"":[]}"
356,2014-09-01T00:00:00,21.963691650347762,luhu,"{""type"":""MultiPoint"",""coordinates"":[]}"
357,2014-10-01T00:00:00,40.46995105009121,luhu,"{""type"":""MultiPoint"",""coordinates"":[]}"
358,2014-11-01T00:00:00,0.0,luhu,"{""type"":""MultiPoint"",""coordinates"":[]}"
359,2014-12-01T00:00:00,0.0,luhu,"{""type"":""MultiPoint"",""coordinates"":[]}"
360,2015-01-01T00:00:00,0.0,luhu,"{""type"":""MultiPoint"",""coordinates"":[]}"
361,2015-02-01T00:00:00,0.0,luhu,"{""type"":""MultiPoint"",""coordinates"":[]}"
362,2015-03-01T00:00:00,42.51104277642226,luhu,"{""type"":""MultiPoint"",""coordinates"":[]}"
363,2015-04-01T00:00:00,40.08393606062445,luhu,"{""type"":""MultiPoint"",""coordinates"":[]}"
364,2015-05-01T00:00:00,18.628391180133416,luhu,"{""type"":""MultiPoint"",""coordinates"":[]}"
365,2015-06-01T00:00:00,24.672753454859592,luhu,"{""type"":""MultiPoint"",""coordinates"":[]}"
366,2015-07-01T00:00:00,37.0979120475172,luhu,"{""type"":""MultiPoint"",""coordinates"":[]}"
367,2015-08-01T00:00:00,37.88169662463308,luhu,"{""type"":""MultiPoint"",""coordinates"":[]}"
368,2015-09-01T00:00:00,32.218163483330684,luhu,"{""type"":""MultiPoint"",""coordinates"":[]}"
369,2015-10-01T00:00:00,40.09590393218299,luhu,"{""type"":""MultiPoint"",""coordinates"":[]}"
370,2015-11-01T00:00:00,42.5166155592733,luhu,"{""type"":""MultiPoint"",""coordinates"":[]}"
371,2015-12-01T00:00:00,0.0,luhu,"{""type"":""MultiPoint"",""coordinates"":[]}"
372,2016-01-01T00:00:00,0.0,luhu,"{""type"":""MultiPoint"",""coordinates"":[]}"
373,2016-02-01T00:00:00,32.46681016474966,luhu,"{""type"":""MultiPoint"",""coordinates"":[]}"
374,2016-03-01T00:00:00,40.71288665689869,luhu,"{""type"":""MultiPoint"",""coordinates"":[]}"
375,2016-04-01T00:00:00,37.434915500559384,luhu,"{""type"":""MultiPoint"",""coordinates"":[]}"
376,2016-05-01T00:00:00,30.979353162235757,luhu,"{""type"":""MultiPoint"",""coordinates"":[]}"
377,2016-06-01T00:00:00,38.315891065942154,luhu,"{""type"":""MultiPoint"",""coordinates"":[]}"
378,2016-07-01T00:00:00,45.547521644675115,luhu,"{""type"":""MultiPoint"",""coordinates"":[]}"
379,2016-08-01T00:00:00,40.27309637906064,luhu,"{""type"":""MultiPoint"",""coordinates"":[]}"
380,2016-09-01T00:00:00,43.72963130779695,luhu,"{""type"":""MultiPoint"",""coordinates"":[]}"
381,2016-10-01T00:00:00,3.7222331875648647,luhu,"{""type"":""MultiPoint"",""coordinates"":[]}"
382,2016-11-01T00:00:00,44.2632352705557,luhu,"{""type"":""MultiPoint"",""coordinates"":[]}"
383,2016-12-01T00:00:00,0.0,luhu,"{""type"":""MultiPoint"",""coordinates"":[]}"
384,2017-01-01T00:00:00,0.0,luhu,"{""type"":""MultiPoint"",""coordinates"":[]}"
385,2017-02-01T00:00:00,42.699723801757834,luhu,"{""type"":""MultiPoint"",""coordinates"":[]}"
386,2017-03-01T00:00:00,6.298722396310845,luhu,"{""type"":""MultiPoint"",""coordinates"":[]}"
387,2017-04-01T00:00:00,35.23935960488065,luhu,"{""type"":""MultiPoint"",""coordinates"":[]}"
388,2017-05-01T00:00:00,0.0,luhu,"{""type"":""MultiPoint"",""coordinates"":[]}"
389,2017-06-01T00:00:00,28.54739844754517,luhu,"{""type"":""MultiPoint"",""coordinates"":[]}"
390,2017-07-01T00:00:00,40.77321392889,luhu,"{""type"":""MultiPoint"",""coordinates"":[]}"
391,2017-08-01T00:00:00,40.601446848604354,luhu,"{""type"":""MultiPoint"",""coordinates"":[]}"
392,2017-09-01T00:00:00,32.18481970785797,luhu,"{""type"":""MultiPoint"",""coordinates"":[]}"
393,2017-10-01T00:00:00,41.606487529466364,luhu,"{""type"":""MultiPoint"",""coordinates"":[]}"
394,2017-11-01T00:00:00,42.928066396258664,luhu,"{""type"":""MultiPoint"",""coordinates"":[]}"
395,2017-12-01T00:00:00,0.0,luhu,"{""type"":""MultiPoint"",""coordinates"":[]}"
396,2018-01-01T00:00:00,0.0,luhu,"{""type"":""MultiPoint"",""coordinates"":[]}"
397,2018-02-01T00:00:00,42.93816202234941,luhu,"{""type"":""MultiPoint"",""coordinates"":[]}"
398,2018-03-01T00:00:00,41.95975866965671,luhu,"{""type"":""MultiPoint"",""coordinates"":[]}"
399,2018-04-01T00:00:00,39.49097347556103,luhu,"{""type"":""MultiPoint"",""coordinates"":[]}"
400,2018-05-01T00:00:00,7.747003173828125E-4,luhu,"{""type"":""MultiPoint"",""coordinates"":[]}"
401,2018-06-01T00:00:00,27.79845399715505,luhu,"{""type"":""MultiPoint"",""coordinates"":[]}"
402,2018-07-01T00:00:00,34.55563408728723,luhu,"{""type"":""MultiPoint"",""coordinates"":[]}"
403,2018-08-01T00:00:00,32.87839463726446,luhu,"{""type"":""MultiPoint"",""coordinates"":[]}"
404,2018-09-01T00:00:00,36.07546013869583,luhu,"{""type"":""MultiPoint"",""coordinates"":[]}"
405,2018-10-01T00:00:00,29.822198808459234,luhu,"{""type"":""MultiPoint"",""coordinates"":[]}"
406,2018-11-01T00:00:00,40.06997985529113,luhu,"{""type"":""MultiPoint"",""coordinates"":[]}"
407,2018-12-01T00:00:00,0.0,luhu,"{""type"":""MultiPoint"",""coordinates"":[]}"
408,2019-01-01T00:00:00,0.0,luhu,"{""type"":""MultiPoint"",""coordinates"":[]}"
409,2019-02-01T00:00:00,36.77199988878869,luhu,"{""type"":""MultiPoint"",""coordinates"":[]}"
410,2019-03-01T00:00:00,40.89884911131208,luhu,"{""type"":""MultiPoint"",""coordinates"":[]}"
411,2019-04-01T00:00:00,22.844094412317357,luhu,"{""type"":""MultiPoint"",""coordinates"":[]}"
412,2019-05-01T00:00:00,4.460787833392214,luhu,"{""type"":""MultiPoint"",""coordinates"":[]}"
413,2019-06-01T00:00:00,40.58851611945419,luhu,"{""type"":""MultiPoint"",""coordinates"":[]}"
414,2019-07-01T00:00:00,39.331805155722705,luhu,"{""type"":""MultiPoint"",""coordinates"":[]}"
415,2019-08-01T00:00:00,40.335589351715456,luhu,"{""type"":""MultiPoint"",""coordinates"":[]}"
416,2019-09-01T00:00:00,27.56501237389441,luhu,"{""type"":""MultiPoint"",""coordinates"":[]}"
417,2019-10-01T00:00:00,41.08912997101812,luhu,"{""type"":""MultiPoint"",""coordinates"":[]}"
418,2019-11-01T00:00:00,40.94520718676782,luhu,"{""type"":""MultiPoint"",""coordinates"":[]}"
419,2019-12-01T00:00:00,0.0,luhu,"{""type"":""MultiPoint"",""coordinates"":[]}"
420,2020-01-01T00:00:00,0.0,luhu,"{""type"":""MultiPoint"",""coordinates"":[]}"
421,2020-02-01T00:00:00,42.83411988800459,luhu,"{""type"":""MultiPoint"",""coordinates"":[]}"
422,2020-03-01T00:00:00,41.207375603770814,luhu,"{""type"":""MultiPoint"",""coordinates"":[]}"
423,2020-04-01T00:00:00,41.34062837165985,luhu,"{""type"":""MultiPoint"",""coordinates"":[]}"
424,2020-05-01T00:00:00,29.22468211229462,luhu,"{""type"":""MultiPoint"",""coordinates"":[]}"
425,2020-06-01T00:00:00,29.61206556484183,luhu,"{""type"":""MultiPoint"",""coordinates"":[]}"
426,2020-07-01T00:00:00,25.222773896504716,luhu,"{""type"":""MultiPoint"",""coordinates"":[]}"
427,2020-08-01T00:00:00,45.02371355268581,luhu,"{""type"":""MultiPoint"",""coordinates"":[]}"
428,2020-09-01T00:00:00,3.527167843482642,luhu,"{""type"":""MultiPoint"",""coordinates"":[]}"
429,2020-10-01T00:00:00,43.235903230561874,luhu,"{""type"":""MultiPoint"",""coordinates"":[]}"
430,2020-11-01T00:00:00,9.214080594601384,luhu,"{""type"":""MultiPoint"",""coordinates"":[]}"
431,2020-12-01T00:00:00,0.0,luhu,"{""type"":""MultiPoint"",""coordinates"":[]}"
