system:index,Date,area_km2,lake,.geo
0,1985-01-01T00:00:00,0.0,shahu,"{""type"":""MultiPoint"",""coordinates"":[]}"
1,1985-02-01T00:00:00,0.0,shahu,"{""type"":""MultiPoint"",""coordinates"":[]}"
2,1985-03-01T00:00:00,0.0,shahu,"{""type"":""MultiPoint"",""coordinates"":[]}"
3,1985-04-01T00:00:00,0.0,shahu,"{""type"":""MultiPoint"",""coordinates"":[]}"
4,1985-05-01T00:00:00,0.0,shahu,"{""type"":""MultiPoint"",""coordinates"":[]}"
5,1985-06-01T00:00:00,0.0,shahu,"{""type"":""MultiPoint"",""coordinates"":[]}"
6,1985-07-01T00:00:00,0.0,shahu,"{""type"":""MultiPoint"",""coordinates"":[]}"
7,1985-08-01T00:00:00,0.0,shahu,"{""type"":""MultiPoint"",""coordinates"":[]}"
8,1985-09-01T00:00:00,0.0,shahu,"{""type"":""MultiPoint"",""coordinates"":[]}"
9,1985-10-01T00:00:00,0.0,shahu,"{""type"":""MultiPoint"",""coordinates"":[]}"
10,1985-11-01T00:00:00,0.0,shahu,"{""type"":""MultiPoint"",""coordinates"":[]}"
11,1985-12-01T00:00:00,0.0,shahu,"{""type"":""MultiPoint"",""coordinates"":[]}"
12,1986-01-01T00:00:00,0.0,shahu,"{""type"":""MultiPoint"",""coordinates"":[]}"
13,1986-02-01T00:00:00,0.0,shahu,"{""type"":""MultiPoint"",""coordinates"":[]}"
14,1986-03-01T00:00:00,0.0,shahu,"{""type"":""MultiPoint"",""coordinates"":[]}"
15,1986-04-01T00:00:00,0.0,shahu,"{""type"":""MultiPoint"",""coordinates"":[]}"
16,1986-05-01T00:00:00,0.0,shahu,"{""type"":""MultiPoint"",""coordinates"":[]}"
17,1986-06-01T00:00:00,0.0,shahu,"{""type"":""MultiPoint"",""coordinates"":[]}"
18,1986-07-01T00:00:00,0.0,shahu,"{""type"":""MultiPoint"",""coordinates"":[]}"
19,1986-08-01T00:00:00,0.0,shahu,"{""type"":""MultiPoint"",""coordinates"":[]}"
20,1986-09-01T00:00:00,0.0,shahu,"{""type"":""MultiPoint"",""coordinates"":[]}"
21,1986-10-01T00:00:00,0.0,shahu,"{""type"":""MultiPoint"",""coordinates"":[]}"
22,1986-11-01T00:00:00,0.0,shahu,"{""type"":""MultiPoint"",""coordinates"":[]}"
23,1986-12-01T00:00:00,0.0,shahu,"{""type"":""MultiPoint"",""coordinates"":[]}"
24,1987-01-01T00:00:00,0.0,shahu,"{""type"":""MultiPoint"",""coordinates"":[]}"
25,1987-02-01T00:00:00,0.0,shahu,"{""type"":""MultiPoint"",""coordinates"":[]}"
26,1987-03-01T00:00:00,0.0,shahu,"{""type"":""MultiPoint"",""coordinates"":[]}"
27,1987-04-01T00:00:00,0.0,shahu,"{""type"":""MultiPoint"",""coordinates"":[]}"
28,1987-05-01T00:00:00,0.0,shahu,"{""type"":""MultiPoint"",""coordinates"":[]}"
29,1987-06-01T00:00:00,0.0,shahu,"{""type"":""MultiPoint"",""coordinates"":[]}"
30,1987-07-01T00:00:00,0.0,shahu,"{""type"":""MultiPoint"",""coordinates"":[]}"
31,1987-08-01T00:00:00,0.0,shahu,"{""type"":""MultiPoint"",""coordinates"":[]}"
32,1987-09-01T00:00:00,3.1419604864377484,shahu,"{""type"":""MultiPoint"",""coordinates"":[]}"
33,1987-10-01T00:00:00,0.0,shahu,"{""type"":""MultiPoint"",""coordinates"":[]}"
34,1987-11-01T00:00:00,0.0,shahu,"{""type"":""MultiPoint"",""coordinates"":[]}"
35,1987-12-01T00:00:00,0.0,shahu,"{""type"":""MultiPoint"",""coordinates"":[]}"
36,1988-01-01T00:00:00,0.0,shahu,"{""type"":""MultiPoint"",""coordinates"":[]}"
37,1988-02-01T00:00:00,0.0,shahu,"{""type"":""MultiPoint"",""coordinates"":[]}"
38,1988-03-01T00:00:00,0.0,shahu,"{""type"":""MultiPoint"",""coordinates"":[]}"
39,1988-04-01T00:00:00,0.0,shahu,"{""type"":""MultiPoint"",""coordinates"":[]}"
40,1988-05-01T00:00:00,0.0,shahu,"{""type"":""MultiPoint"",""coordinates"":[]}"
41,1988-06-01T00:00:00,0.0,shahu,"{""type"":""MultiPoint"",""coordinates"":[]}"
42,1988-07-01T00:00:00,0.0,shahu,"{""type"":""MultiPoint"",""coordinates"":[]}"
43,1988-08-01T00:00:00,0.0,shahu,"{""type"":""MultiPoint"",""coordinates"":[]}"
44,1988-09-01T00:00:00,0.0,shahu,"{""type"":""MultiPoint"",""coordinates"":[]}"
45,1988-10-01T00:00:00,0.0,shahu,"{""type"":""MultiPoint"",""coordinates"":[]}"
46,1988-11-01T00:00:00,0.0,shahu,"{""type"":""MultiPoint"",""coordinates"":[]}"
47,1988-12-01T00:00:00,0.0,shahu,"{""type"":""MultiPoint"",""coordinates"":[]}"
48,1989-01-01T00:00:00,0.0,shahu,"{""type"":""MultiPoint"",""coordinates"":[]}"
49,1989-02-01T00:00:00,0.0,shahu,"{""type"":""MultiPoint"",""coordinates"":[]}"
50,1989-03-01T00:00:00,0.0,shahu,"{""type"":""MultiPoint"",""coordinates"":[]}"
51,1989-04-01T00:00:00,0.0,shahu,"{""type"":""MultiPoint"",""coordinates"":[]}"
52,1989-05-01T00:00:00,0.0,shahu,"{""type"":""MultiPoint"",""coordinates"":[]}"
53,1989-06-01T00:00:00,0.0,shahu,"{""type"":""MultiPoint"",""coordinates"":[]}"
54,1989-07-01T00:00:00,0.0,shahu,"{""type"":""MultiPoint"",""coordinates"":[]}"
55,1989-08-01T00:00:00,0.0,shahu,"{""type"":""MultiPoint"",""coordinates"":[]}"
56,1989-09-01T00:00:00,0.0,shahu,"{""type"":""MultiPoint"",""coordinates"":[]}"
57,1989-10-01T00:00:00,0.0,shahu,"{""type"":""MultiPoint"",""coordinates"":[]}"
58,1989-11-01T00:00:00,0.0,shahu,"{""type"":""MultiPoint"",""coordinates"":[]}"
59,1989-12-01T00:00:00,0.0,shahu,"{""type"":""MultiPoint"",""coordinates"":[]}"
60,1990-01-01T00:00:00,0.0,shahu,"{""type"":""MultiPoint"",""coordinates"":[]}"
61,1990-02-01T00:00:00,0.0,shahu,"{""type"":""MultiPoint"",""coordinates"":[]}"
62,1990-03-01T00:00:00,0.0,shahu,"{""type"":""MultiPoint"",""coordinates"":[]}"
63,1990-04-01T00:00:00,0.0,shahu,"{""type"":""MultiPoint"",""coordinates"":[]}"
64,1990-05-01T00:00:00,0.0,shahu,"{""type"":""MultiPoint"",""coordinates"":[]}"
65,1990-06-01T00:00:00,0.0,shahu,"{""type"":""MultiPoint"",""coordinates"":[]}"
66,1990-07-01T00:00:00,0.0,shahu,"{""type"":""MultiPoint"",""coordinates"":[]}"
67,1990-08-01T00:00:00,0.0,shahu,"{""type"":""MultiPoint"",""coordinates"":[]}"
68,1990-09-01T00:00:00,3.1180517121598768,shahu,"{""type"":""MultiPoint"",""coordinates"":[]}"
69,1990-10-01T00:00:00,0.0,shahu,"{""type"":""MultiPoint"",""coordinates"":[]}"
70,1990-11-01T00:00:00,0.0,shahu,"{""type"":""MultiPoint"",""coordinates"":[]}"
71,1990-12-01T00:00:00,0.0,shahu,"{""type"":""MultiPoint"",""coordinates"":[]}"
72,1991-01-01T00:00:00,0.0,shahu,"{""type"":""MultiPoint"",""coordinates"":[]}"
73,1991-02-01T00:00:00,0.0,shahu,"{""type"":""MultiPoint"",""coordinates"":[]}"
74,1991-03-01T00:00:00,0.0,shahu,"{""type"":""MultiPoint"",""coordinates"":[]}"
75,1991-04-01T00:00:00,0.0,shahu,"{""type"":""MultiPoint"",""coordinates"":[]}"
76,1991-05-01T00:00:00,0.0,shahu,"{""type"":""MultiPoint"",""coordinates"":[]}"
77,1991-06-01T00:00:00,0.2417664119873047,shahu,"{""type"":""MultiPoint"",""coordinates"":[]}"
78,1991-07-01T00:00:00,3.196854146811092,shahu,"{""type"":""MultiPoint"",""coordinates"":[]}"
79,1991-08-01T00:00:00,0.0,shahu,"{""type"":""MultiPoint"",""coordinates"":[]}"
80,1991-09-01T00:00:00,0.0,shahu,"{""type"":""MultiPoint"",""coordinates"":[]}"
81,1991-10-01T00:00:00,0.0,shahu,"{""type"":""MultiPoint"",""coordinates"":[]}"
82,1991-11-01T00:00:00,0.0,shahu,"{""type"":""MultiPoint"",""coordinates"":[]}"
83,1991-12-01T00:00:00,0.0,shahu,"{""type"":""MultiPoint"",""coordinates"":[]}"
84,1992-01-01T00:00:00,3.2862960292849066,shahu,"{""type"":""MultiPoint"",""coordinates"":[]}"
85,1992-02-01T00:00:00,0.4994888518437405,shahu,"{""type"":""MultiPoint"",""coordinates"":[]}"
86,1992-03-01T00:00:00,0.0,shahu,"{""type"":""MultiPoint"",""coordinates"":[]}"
87,1992-04-01T00:00:00,0.0,shahu,"{""type"":""MultiPoint"",""coordinates"":[]}"
88,1992-05-01T00:00:00,0.0,shahu,"{""type"":""MultiPoint"",""coordinates"":[]}"
89,1992-06-01T00:00:00,0.0,shahu,"{""type"":""MultiPoint"",""coordinates"":[]}"
90,1992-07-01T00:00:00,0.0,shahu,"{""type"":""MultiPoint"",""coordinates"":[]}"
91,1992-08-01T00:00:00,0.0,shahu,"{""type"":""MultiPoint"",""coordinates"":[]}"
92,1992-09-01T00:00:00,0.0,shahu,"{""type"":""MultiPoint"",""coordinates"":[]}"
93,1992-10-01T00:00:00,0.0,shahu,"{""type"":""MultiPoint"",""coordinates"":[]}"
94,1992-11-01T00:00:00,0.0,shahu,"{""type"":""MultiPoint"",""coordinates"":[]}"
95,1992-12-01T00:00:00,0.0,shahu,"{""type"":""MultiPoint"",""coordinates"":[]}"
96,1993-01-01T00:00:00,0.0,shahu,"{""type"":""MultiPoint"",""coordinates"":[]}"
97,1993-02-01T00:00:00,0.0,shahu,"{""type"":""MultiPoint"",""coordinates"":[]}"
98,1993-03-01T00:00:00,0.0,shahu,"{""type"":""MultiPoint"",""coordinates"":[]}"
99,1993-04-01T00:00:00,0.0,shahu,"{""type"":""MultiPoint"",""coordinates"":[]}"
100,1993-05-01T00:00:00,0.0,shahu,"{""type"":""MultiPoint"",""coordinates"":[]}"
101,1993-06-01T00:00:00,0.0,shahu,"{""type"":""MultiPoint"",""coordinates"":[]}"
102,1993-07-01T00:00:00,0.0,shahu,"{""type"":""MultiPoint"",""coordinates"":[]}"
103,1993-08-01T00:00:00,0.0,shahu,"{""type"":""MultiPoint"",""coordinates"":[]}"
104,1993-09-01T00:00:00,0.0,shahu,"{""type"":""MultiPoint"",""coordinates"":[]}"
105,1993-10-01T00:00:00,3.173029242365339,shahu,"{""type"":""MultiPoint"",""coordinates"":[]}"
106,1993-11-01T00:00:00,0.0,shahu,"{""type"":""MultiPoint"",""coordinates"":[]}"
107,1993-12-01T00:00:00,0.0,shahu,"{""type"":""MultiPoint"",""coordinates"":[]}"
108,1994-01-01T00:00:00,0.0,shahu,"{""type"":""MultiPoint"",""coordinates"":[]}"
109,1994-02-01T00:00:00,0.0,shahu,"{""type"":""MultiPoint"",""coordinates"":[]}"
110,1994-03-01T00:00:00,0.0,shahu,"{""type"":""MultiPoint"",""coordinates"":[]}"
111,1994-04-01T00:00:00,0.0,shahu,"{""type"":""MultiPoint"",""coordinates"":[]}"
112,1994-05-01T00:00:00,0.0,shahu,"{""type"":""MultiPoint"",""coordinates"":[]}"
113,1994-06-01T00:00:00,0.0,shahu,"{""type"":""MultiPoint"",""coordinates"":[]}"
114,1994-07-01T00:00:00,0.0,shahu,"{""type"":""MultiPoint"",""coordinates"":[]}"
115,1994-08-01T00:00:00,3.0635363053976605,shahu,"{""type"":""MultiPoint"",""coordinates"":[]}"
116,1994-09-01T00:00:00,3.0982691677765475,shahu,"{""type"":""MultiPoint"",""coordinates"":[]}"
117,1994-10-01T00:00:00,0.0,shahu,"{""type"":""MultiPoint"",""coordinates"":[]}"
118,1994-11-01T00:00:00,0.0,shahu,"{""type"":""MultiPoint"",""coordinates"":[]}"
119,1994-12-01T00:00:00,0.0,shahu,"{""type"":""MultiPoint"",""coordinates"":[]}"
120,1995-01-01T00:00:00,0.0,shahu,"{""type"":""MultiPoint"",""coordinates"":[]}"
121,1995-02-01T00:00:00,0.0,shahu,"{""type"":""MultiPoint"",""coordinates"":[]}"
122,1995-03-01T00:00:00,0.0,shahu,"{""type"":""MultiPoint"",""coordinates"":[]}"
123,1995-04-01T00:00:00,3.0543163876804713,shahu,"{""type"":""MultiPoint"",""coordinates"":[]}"
124,1995-05-01T00:00:00,1.8356051358668914,shahu,"{""type"":""MultiPoint"",""coordinates"":[]}"
125,1995-06-01T00:00:00,0.0,shahu,"{""type"":""MultiPoint"",""coordinates"":[]}"
126,1995-07-01T00:00:00,0.0,shahu,"{""type"":""MultiPoint"",""coordinates"":[]}"
127,1995-08-01T00:00:00,0.0,shahu,"{""type"":""MultiPoint"",""coordinates"":[]}"
128,1995-09-01T00:00:00,0.0,shahu,"{""type"":""MultiPoint"",""coordinates"":[]}"
129,1995-10-01T00:00:00,3.0707060442593432,shahu,"{""type"":""MultiPoint"",""coordinates"":[]}"
130,1995-11-01T00:00:00,0.0,shahu,"{""type"":""MultiPoint"",""coordinates"":[]}"
131,1995-12-01T00:00:00,0.0,shahu,"{""type"":""MultiPoint"",""coordinates"":[]}"
132,1996-01-01T00:00:00,0.0,shahu,"{""type"":""MultiPoint"",""coordinates"":[]}"
133,1996-02-01T00:00:00,3.287386511638566,shahu,"{""type"":""MultiPoint"",""coordinates"":[]}"
134,1996-03-01T00:00:00,0.0,shahu,"{""type"":""MultiPoint"",""coordinates"":[]}"
135,1996-04-01T00:00:00,0.0,shahu,"{""type"":""MultiPoint"",""coordinates"":[]}"
136,1996-05-01T00:00:00,0.0,shahu,"{""type"":""MultiPoint"",""coordinates"":[]}"
137,1996-06-01T00:00:00,3.0249588335353463,shahu,"{""type"":""MultiPoint"",""coordinates"":[]}"
138,1996-07-01T00:00:00,0.0,shahu,"{""type"":""MultiPoint"",""coordinates"":[]}"
139,1996-08-01T00:00:00,2.2999969252711874,shahu,"{""type"":""MultiPoint"",""coordinates"":[]}"
140,1996-09-01T00:00:00,3.099678688879633,shahu,"{""type"":""MultiPoint"",""coordinates"":[]}"
141,1996-10-01T00:00:00,3.16264106379538,shahu,"{""type"":""MultiPoint"",""coordinates"":[]}"
142,1996-11-01T00:00:00,0.0,shahu,"{""type"":""MultiPoint"",""coordinates"":[]}"
143,1996-12-01T00:00:00,0.0,shahu,"{""type"":""MultiPoint"",""coordinates"":[]}"
144,1997-01-01T00:00:00,0.0,shahu,"{""type"":""MultiPoint"",""coordinates"":[]}"
145,1997-02-01T00:00:00,0.0,shahu,"{""type"":""MultiPoint"",""coordinates"":[]}"
146,1997-03-01T00:00:00,0.0,shahu,"{""type"":""MultiPoint"",""coordinates"":[]}"
147,1997-04-01T00:00:00,0.0,shahu,"{""type"":""MultiPoint"",""coordinates"":[]}"
148,1997-05-01T00:00:00,0.0,shahu,"{""type"":""MultiPoint"",""coordinates"":[]}"
149,1997-06-01T00:00:00,0.0,shahu,"{""type"":""MultiPoint"",""coordinates"":[]}"
150,1997-07-01T00:00:00,0.0,shahu,"{""type"":""MultiPoint"",""coordinates"":[]}"
151,1997-08-01T00:00:00,0.0,shahu,"{""type"":""MultiPoint"",""coordinates"":[]}"
152,1997-09-01T00:00:00,0.0,shahu,"{""type"":""MultiPoint"",""coordinates"":[]}"
153,1997-10-01T00:00:00,0.0,shahu,"{""type"":""MultiPoint"",""coordinates"":[]}"
154,1997-11-01T00:00:00,0.0,shahu,"{""type"":""MultiPoint"",""coordinates"":[]}"
155,1997-12-01T00:00:00,0.0,shahu,"{""type"":""MultiPoint"",""coordinates"":[]}"
156,1998-01-01T00:00:00,0.0,shahu,"{""type"":""MultiPoint"",""coordinates"":[]}"
157,1998-02-01T00:00:00,0.0,shahu,"{""type"":""MultiPoint"",""coordinates"":[]}"
158,1998-03-01T00:00:00,0.0,shahu,"{""type"":""MultiPoint"",""coordinates"":[]}"
159,1998-04-01T00:00:00,0.0,shahu,"{""type"":""MultiPoint"",""coordinates"":[]}"
160,1998-05-01T00:00:00,0.0,shahu,"{""type"":""MultiPoint"",""coordinates"":[]}"
161,1998-06-01T00:00:00,0.0,shahu,"{""type"":""MultiPoint"",""coordinates"":[]}"
162,1998-07-01T00:00:00,0.0,shahu,"{""type"":""MultiPoint"",""coordinates"":[]}"
163,1998-08-01T00:00:00,0.0,shahu,"{""type"":""MultiPoint"",""coordinates"":[]}"
164,1998-09-01T00:00:00,0.0,shahu,"{""type"":""MultiPoint"",""coordinates"":[]}"
165,1998-10-01T00:00:00,0.0,shahu,"{""type"":""MultiPoint"",""coordinates"":[]}"
166,1998-11-01T00:00:00,0.0,shahu,"{""type"":""MultiPoint"",""coordinates"":[]}"
167,1998-12-01T00:00:00,0.0,shahu,"{""type"":""MultiPoint"",""coordinates"":[]}"
168,1999-01-01T00:00:00,0.0,shahu,"{""type"":""MultiPoint"",""coordinates"":[]}"
169,1999-02-01T00:00:00,0.0,shahu,"{""type"":""MultiPoint"",""coordinates"":[]}"
170,1999-03-01T00:00:00,0.0,shahu,"{""type"":""MultiPoint"",""coordinates"":[]}"
171,1999-04-01T00:00:00,0.0,shahu,"{""type"":""MultiPoint"",""coordinates"":[]}"
172,1999-05-01T00:00:00,0.0,shahu,"{""type"":""MultiPoint"",""coordinates"":[]}"
173,1999-06-01T00:00:00,0.0,shahu,"{""type"":""MultiPoint"",""coordinates"":[]}"
174,1999-07-01T00:00:00,0.0,shahu,"{""type"":""MultiPoint"",""coordinates"":[]}"
175,1999-08-01T00:00:00,0.0,shahu,"{""type"":""MultiPoint"",""coordinates"":[]}"
176,1999-09-01T00:00:00,2.1368935498717057,shahu,"{""type"":""MultiPoint"",""coordinates"":[]}"
177,1999-10-01T00:00:00,0.0,shahu,"{""type"":""MultiPoint"",""coordinates"":[]}"
178,1999-11-01T00:00:00,3.277153471253637,shahu,"{""type"":""MultiPoint"",""coordinates"":[]}"
179,1999-12-01T00:00:00,0.0,shahu,"{""type"":""MultiPoint"",""coordinates"":[]}"
180,2000-01-01T00:00:00,1.761347372166294,shahu,"{""type"":""MultiPoint"",""coordinates"":[]}"
181,2000-02-01T00:00:00,3.1804473313550754,shahu,"{""type"":""MultiPoint"",""coordinates"":[]}"
182,2000-03-01T00:00:00,0.0,shahu,"{""type"":""MultiPoint"",""coordinates"":[]}"
183,2000-04-01T00:00:00,0.0,shahu,"{""type"":""MultiPoint"",""coordinates"":[]}"
184,2000-05-01T00:00:00,0.0,shahu,"{""type"":""MultiPoint"",""coordinates"":[]}"
185,2000-06-01T00:00:00,1.2777337400318818,shahu,"{""type"":""MultiPoint"",""coordinates"":[]}"
186,2000-07-01T00:00:00,3.021715863408106,shahu,"{""type"":""MultiPoint"",""coordinates"":[]}"
187,2000-08-01T00:00:00,2.9957751579422274,shahu,"{""type"":""MultiPoint"",""coordinates"":[]}"
188,2000-09-01T00:00:00,3.1367318101337487,shahu,"{""type"":""MultiPoint"",""coordinates"":[]}"
189,2000-10-01T00:00:00,3.1675119235217513,shahu,"{""type"":""MultiPoint"",""coordinates"":[]}"
190,2000-11-01T00:00:00,1.2844687128573549,shahu,"{""type"":""MultiPoint"",""coordinates"":[]}"
191,2000-12-01T00:00:00,0.0,shahu,"{""type"":""MultiPoint"",""coordinates"":[]}"
192,2001-01-01T00:00:00,3.2447775928287275,shahu,"{""type"":""MultiPoint"",""coordinates"":[]}"
193,2001-02-01T00:00:00,0.005306962283863741,shahu,"{""type"":""MultiPoint"",""coordinates"":[]}"
194,2001-03-01T00:00:00,3.0953475068847642,shahu,"{""type"":""MultiPoint"",""coordinates"":[]}"
195,2001-04-01T00:00:00,2.9812184290742745,shahu,"{""type"":""MultiPoint"",""coordinates"":[]}"
196,2001-05-01T00:00:00,3.0004995709829276,shahu,"{""type"":""MultiPoint"",""coordinates"":[]}"
197,2001-06-01T00:00:00,2.3845195491495765,shahu,"{""type"":""MultiPoint"",""coordinates"":[]}"
198,2001-07-01T00:00:00,3.0707455789945692,shahu,"{""type"":""MultiPoint"",""coordinates"":[]}"
199,2001-08-01T00:00:00,2.9110040877958396,shahu,"{""type"":""MultiPoint"",""coordinates"":[]}"
200,2001-09-01T00:00:00,3.118064583900121,shahu,"{""type"":""MultiPoint"",""coordinates"":[]}"
201,2001-10-01T00:00:00,0.003089632385253906,shahu,"{""type"":""MultiPoint"",""coordinates"":[]}"
202,2001-11-01T00:00:00,3.1704015447124383,shahu,"{""type"":""MultiPoint"",""coordinates"":[]}"
203,2001-12-01T00:00:00,0.0,shahu,"{""type"":""MultiPoint"",""coordinates"":[]}"
204,2002-01-01T00:00:00,0.6273177052234126,shahu,"{""type"":""MultiPoint"",""coordinates"":[]}"
205,2002-02-01T00:00:00,3.2328942550814754,shahu,"{""type"":""MultiPoint"",""coordinates"":[]}"
206,2002-03-01T00:00:00,3.0331291208807243,shahu,"{""type"":""MultiPoint"",""coordinates"":[]}"
207,2002-04-01T00:00:00,0.0,shahu,"{""type"":""MultiPoint"",""coordinates"":[]}"
208,2002-05-01T00:00:00,0.0,shahu,"{""type"":""MultiPoint"",""coordinates"":[]}"
209,2002-06-01T00:00:00,0.0015448488159179687,shahu,"{""type"":""MultiPoint"",""coordinates"":[]}"
210,2002-07-01T00:00:00,2.9929427346464252,shahu,"{""type"":""MultiPoint"",""coordinates"":[]}"
211,2002-08-01T00:00:00,3.0129218992481888,shahu,"{""type"":""MultiPoint"",""coordinates"":[]}"
212,2002-09-01T00:00:00,3.0434624758231346,shahu,"{""type"":""MultiPoint"",""coordinates"":[]}"
213,2002-10-01T00:00:00,3.1107395112003084,shahu,"{""type"":""MultiPoint"",""coordinates"":[]}"
214,2002-11-01T00:00:00,0.03862309540752336,shahu,"{""type"":""MultiPoint"",""coordinates"":[]}"
215,2002-12-01T00:00:00,0.0,shahu,"{""type"":""MultiPoint"",""coordinates"":[]}"
216,2003-01-01T00:00:00,3.253709650624473,shahu,"{""type"":""MultiPoint"",""coordinates"":[]}"
217,2003-02-01T00:00:00,3.2378943568790195,shahu,"{""type"":""MultiPoint"",""coordinates"":[]}"
218,2003-03-01T00:00:00,3.134426254937623,shahu,"{""type"":""MultiPoint"",""coordinates"":[]}"
219,2003-04-01T00:00:00,3.094950086569632,shahu,"{""type"":""MultiPoint"",""coordinates"":[]}"
220,2003-05-01T00:00:00,3.087433912056716,shahu,"{""type"":""MultiPoint"",""coordinates"":[]}"
221,2003-06-01T00:00:00,3.0446031475272366,shahu,"{""type"":""MultiPoint"",""coordinates"":[]}"
222,2003-07-01T00:00:00,2.996711788870537,shahu,"{""type"":""MultiPoint"",""coordinates"":[]}"
223,2003-08-01T00:00:00,2.9279068337005003,shahu,"{""type"":""MultiPoint"",""coordinates"":[]}"
224,2003-09-01T00:00:00,3.0839534573687377,shahu,"{""type"":""MultiPoint"",""coordinates"":[]}"
225,2003-10-01T00:00:00,3.0622785746366605,shahu,"{""type"":""MultiPoint"",""coordinates"":[]}"
226,2003-11-01T00:00:00,3.154570892505122,shahu,"{""type"":""MultiPoint"",""coordinates"":[]}"
227,2003-12-01T00:00:00,0.0,shahu,"{""type"":""MultiPoint"",""coordinates"":[]}"
228,2004-01-01T00:00:00,3.222451686961214,shahu,"{""type"":""MultiPoint"",""coordinates"":[]}"
229,2004-02-01T00:00:00,3.0807096342043403,shahu,"{""type"":""MultiPoint"",""coordinates"":[]}"
230,2004-03-01T00:00:00,3.0813431803122127,shahu,"{""type"":""MultiPoint"",""coordinates"":[]}"
231,2004-04-01T00:00:00,2.910629420707193,shahu,"{""type"":""MultiPoint"",""coordinates"":[]}"
232,2004-05-01T00:00:00,2.349015013856416,shahu,"{""type"":""MultiPoint"",""coordinates"":[]}"
233,2004-06-01T00:00:00,0.0,shahu,"{""type"":""MultiPoint"",""coordinates"":[]}"
234,2004-07-01T00:00:00,2.9195047692844764,shahu,"{""type"":""MultiPoint"",""coordinates"":[]}"
235,2004-08-01T00:00:00,1.1995384409344843,shahu,"{""type"":""MultiPoint"",""coordinates"":[]}"
236,2004-09-01T00:00:00,2.8749705279033586,shahu,"{""type"":""MultiPoint"",""coordinates"":[]}"
237,2004-10-01T00:00:00,2.977063260569852,shahu,"{""type"":""MultiPoint"",""coordinates"":[]}"
238,2004-11-01T00:00:00,2.9638233085415706,shahu,"{""type"":""MultiPoint"",""coordinates"":[]}"
239,2004-12-01T00:00:00,0.0,shahu,"{""type"":""MultiPoint"",""coordinates"":[]}"
240,2005-01-01T00:00:00,3.1113133037564142,shahu,"{""type"":""MultiPoint"",""coordinates"":[]}"
241,2005-02-01T00:00:00,2.3604822389753743,shahu,"{""type"":""MultiPoint"",""coordinates"":[]}"
242,2005-03-01T00:00:00,2.9921832859116484,shahu,"{""type"":""MultiPoint"",""coordinates"":[]}"
243,2005-04-01T00:00:00,2.8809036955123606,shahu,"{""type"":""MultiPoint"",""coordinates"":[]}"
244,2005-05-01T00:00:00,2.8804674513257793,shahu,"{""type"":""MultiPoint"",""coordinates"":[]}"
245,2005-06-01T00:00:00,2.6444716065963445,shahu,"{""type"":""MultiPoint"",""coordinates"":[]}"
246,2005-07-01T00:00:00,2.218000970984844,shahu,"{""type"":""MultiPoint"",""coordinates"":[]}"
247,2005-08-01T00:00:00,2.066132630855306,shahu,"{""type"":""MultiPoint"",""coordinates"":[]}"
248,2005-09-01T00:00:00,2.8229182709869978,shahu,"{""type"":""MultiPoint"",""coordinates"":[]}"
249,2005-10-01T00:00:00,2.8556480135014546,shahu,"{""type"":""MultiPoint"",""coordinates"":[]}"
250,2005-11-01T00:00:00,2.243289557657638,shahu,"{""type"":""MultiPoint"",""coordinates"":[]}"
251,2005-12-01T00:00:00,0.0,shahu,"{""type"":""MultiPoint"",""coordinates"":[]}"
252,2006-01-01T00:00:00,2.2956691263063913,shahu,"{""type"":""MultiPoint"",""coordinates"":[]}"
253,2006-02-01T00:00:00,7.723843994140625E-4,shahu,"{""type"":""MultiPoint"",""coordinates"":[]}"
254,2006-03-01T00:00:00,2.9980153316087894,shahu,"{""type"":""MultiPoint"",""coordinates"":[]}"
255,2006-04-01T00:00:00,2.9098857139552696,shahu,"{""type"":""MultiPoint"",""coordinates"":[]}"
256,2006-05-01T00:00:00,2.114078607299805,shahu,"{""type"":""MultiPoint"",""coordinates"":[]}"
257,2006-06-01T00:00:00,2.553674533270144,shahu,"{""type"":""MultiPoint"",""coordinates"":[]}"
258,2006-07-01T00:00:00,1.6200637002278646,shahu,"{""type"":""MultiPoint"",""coordinates"":[]}"
259,2006-08-01T00:00:00,2.6661692435075346,shahu,"{""type"":""MultiPoint"",""coordinates"":[]}"
260,2006-09-01T00:00:00,2.6274711718429264,shahu,"{""type"":""MultiPoint"",""coordinates"":[]}"
261,2006-10-01T00:00:00,2.8602251708859914,shahu,"{""type"":""MultiPoint"",""coordinates"":[]}"
262,2006-11-01T00:00:00,2.8791503201396864,shahu,"{""type"":""MultiPoint"",""coordinates"":[]}"
263,2006-12-01T00:00:00,0.0,shahu,"{""type"":""MultiPoint"",""coordinates"":[]}"
264,2007-01-01T00:00:00,2.9551343783521467,shahu,"{""type"":""MultiPoint"",""coordinates"":[]}"
265,2007-02-01T00:00:00,3.1990263869705493,shahu,"{""type"":""MultiPoint"",""coordinates"":[]}"
266,2007-03-01T00:00:00,2.9181549589108937,shahu,"{""type"":""MultiPoint"",""coordinates"":[]}"
267,2007-04-01T00:00:00,2.878639713211359,shahu,"{""type"":""MultiPoint"",""coordinates"":[]}"
268,2007-05-01T00:00:00,2.8206455720561907,shahu,"{""type"":""MultiPoint"",""coordinates"":[]}"
269,2007-06-01T00:00:00,1.8176587838388483,shahu,"{""type"":""MultiPoint"",""coordinates"":[]}"
270,2007-07-01T00:00:00,2.662431029170736,shahu,"{""type"":""MultiPoint"",""coordinates"":[]}"
271,2007-08-01T00:00:00,2.097100011291504,shahu,"{""type"":""MultiPoint"",""coordinates"":[]}"
272,2007-09-01T00:00:00,2.8113776643396715,shahu,"{""type"":""MultiPoint"",""coordinates"":[]}"
273,2007-10-01T00:00:00,1.9912993711784808,shahu,"{""type"":""MultiPoint"",""coordinates"":[]}"
274,2007-11-01T00:00:00,2.126795591851448,shahu,"{""type"":""MultiPoint"",""coordinates"":[]}"
275,2007-12-01T00:00:00,0.0,shahu,"{""type"":""MultiPoint"",""coordinates"":[]}"
276,2008-01-01T00:00:00,0.0,shahu,"{""type"":""MultiPoint"",""coordinates"":[]}"
277,2008-02-01T00:00:00,3.0378930052822932,shahu,"{""type"":""MultiPoint"",""coordinates"":[]}"
278,2008-03-01T00:00:00,3.0021683944860125,shahu,"{""type"":""MultiPoint"",""coordinates"":[]}"
279,2008-04-01T00:00:00,2.794382218111644,shahu,"{""type"":""MultiPoint"",""coordinates"":[]}"
280,2008-05-01T00:00:00,2.581398834289551,shahu,"{""type"":""MultiPoint"",""coordinates"":[]}"
281,2008-06-01T00:00:00,0.5422313737792969,shahu,"{""type"":""MultiPoint"",""coordinates"":[]}"
282,2008-07-01T00:00:00,2.366468524447093,shahu,"{""type"":""MultiPoint"",""coordinates"":[]}"
283,2008-08-01T00:00:00,1.8065810395888384,shahu,"{""type"":""MultiPoint"",""coordinates"":[]}"
284,2008-09-01T00:00:00,2.0934288993941963,shahu,"{""type"":""MultiPoint"",""coordinates"":[]}"
285,2008-10-01T00:00:00,2.762438737613932,shahu,"{""type"":""MultiPoint"",""coordinates"":[]}"
286,2008-11-01T00:00:00,2.84967414485701,shahu,"{""type"":""MultiPoint"",""coordinates"":[]}"
287,2008-12-01T00:00:00,0.0,shahu,"{""type"":""MultiPoint"",""coordinates"":[]}"
288,2009-01-01T00:00:00,2.9745161178210684,shahu,"{""type"":""MultiPoint"",""coordinates"":[]}"
289,2009-02-01T00:00:00,2.8920698272042062,shahu,"{""type"":""MultiPoint"",""coordinates"":[]}"
290,2009-03-01T00:00:00,2.8746814915481873,shahu,"{""type"":""MultiPoint"",""coordinates"":[]}"
291,2009-04-01T00:00:00,2.820643237764964,shahu,"{""type"":""MultiPoint"",""coordinates"":[]}"
292,2009-05-01T00:00:00,2.6329455804163318,shahu,"{""type"":""MultiPoint"",""coordinates"":[]}"
293,2009-06-01T00:00:00,1.629757686340332,shahu,"{""type"":""MultiPoint"",""coordinates"":[]}"
294,2009-07-01T00:00:00,0.5575019397302964,shahu,"{""type"":""MultiPoint"",""coordinates"":[]}"
295,2009-08-01T00:00:00,1.6444673744506837,shahu,"{""type"":""MultiPoint"",""coordinates"":[]}"
296,2009-09-01T00:00:00,1.7950796459960938,shahu,"{""type"":""MultiPoint"",""coordinates"":[]}"
297,2009-10-01T00:00:00,1.148396114596019,shahu,"{""type"":""MultiPoint"",""coordinates"":[]}"
298,2009-11-01T00:00:00,2.484390821047076,shahu,"{""type"":""MultiPoint"",""coordinates"":[]}"
299,2009-12-01T00:00:00,0.0,shahu,"{""type"":""MultiPoint"",""coordinates"":[]}"
300,2010-01-01T00:00:00,2.227606526458381,shahu,"{""type"":""MultiPoint"",""coordinates"":[]}"
301,2010-02-01T00:00:00,2.08987433667806,shahu,"{""type"":""MultiPoint"",""coordinates"":[]}"
302,2010-03-01T00:00:00,2.740711573635445,shahu,"{""type"":""MultiPoint"",""coordinates"":[]}"
303,2010-04-01T00:00:00,0.13594226776123047,shahu,"{""type"":""MultiPoint"",""coordinates"":[]}"
304,2010-05-01T00:00:00,2.140667721085851,shahu,"{""type"":""MultiPoint"",""coordinates"":[]}"
305,2010-06-01T00:00:00,2.596838639831543,shahu,"{""type"":""MultiPoint"",""coordinates"":[]}"
306,2010-07-01T00:00:00,2.1423258963467466,shahu,"{""type"":""MultiPoint"",""coordinates"":[]}"
307,2010-08-01T00:00:00,0.4281751527623794,shahu,"{""type"":""MultiPoint"",""coordinates"":[]}"
308,2010-09-01T00:00:00,2.5728916061401366,shahu,"{""type"":""MultiPoint"",""coordinates"":[]}"
309,2010-10-01T00:00:00,2.3939723201231713,shahu,"{""type"":""MultiPoint"",""coordinates"":[]}"
310,2010-11-01T00:00:00,2.030946997358973,shahu,"{""type"":""MultiPoint"",""coordinates"":[]}"
311,2010-12-01T00:00:00,0.0,shahu,"{""type"":""MultiPoint"",""coordinates"":[]}"
312,2011-01-01T00:00:00,3.0511514254547714,shahu,"{""type"":""MultiPoint"",""coordinates"":[]}"
313,2011-02-01T00:00:00,3.2138495278504617,shahu,"{""type"":""MultiPoint"",""coordinates"":[]}"
314,2011-03-01T00:00:00,2.805502756945801,shahu,"{""type"":""MultiPoint"",""coordinates"":[]}"
315,2011-04-01T00:00:00,0.0,shahu,"{""type"":""MultiPoint"",""coordinates"":[]}"
316,2011-05-01T00:00:00,0.0,shahu,"{""type"":""MultiPoint"",""coordinates"":[]}"
317,2011-06-01T00:00:00,2.343292543123851,shahu,"{""type"":""MultiPoint"",""coordinates"":[]}"
318,2011-07-01T00:00:00,2.330157852083812,shahu,"{""type"":""MultiPoint"",""coordinates"":[]}"
319,2011-08-01T00:00:00,1.7016155811767577,shahu,"{""type"":""MultiPoint"",""coordinates"":[]}"
320,2011-09-01T00:00:00,2.076067251902621,shahu,"{""type"":""MultiPoint"",""coordinates"":[]}"
321,2011-10-01T00:00:00,0.054068015625,shahu,"{""type"":""MultiPoint"",""coordinates"":[]}"
322,2011-11-01T00:00:00,2.064224870965217,shahu,"{""type"":""MultiPoint"",""coordinates"":[]}"
323,2011-12-01T00:00:00,0.0,shahu,"{""type"":""MultiPoint"",""coordinates"":[]}"
324,2012-01-01T00:00:00,2.6982546427372944,shahu,"{""type"":""MultiPoint"",""coordinates"":[]}"
325,2012-02-01T00:00:00,1.981375376068235,shahu,"{""type"":""MultiPoint"",""coordinates"":[]}"
326,2012-03-01T00:00:00,2.1350377096713196,shahu,"{""type"":""MultiPoint"",""coordinates"":[]}"
327,2012-04-01T00:00:00,0.0,shahu,"{""type"":""MultiPoint"",""coordinates"":[]}"
328,2012-05-01T00:00:00,2.4159912589171166,shahu,"{""type"":""MultiPoint"",""coordinates"":[]}"
329,2012-06-01T00:00:00,1.6822311428581689,shahu,"{""type"":""MultiPoint"",""coordinates"":[]}"
330,2012-07-01T00:00:00,0.0,shahu,"{""type"":""MultiPoint"",""coordinates"":[]}"
331,2012-08-01T00:00:00,0.0,shahu,"{""type"":""MultiPoint"",""coordinates"":[]}"
332,2012-09-01T00:00:00,1.9634645502929688,shahu,"{""type"":""MultiPoint"",""coordinates"":[]}"
333,2012-10-01T00:00:00,0.0,shahu,"{""type"":""MultiPoint"",""coordinates"":[]}"
334,2012-11-01T00:00:00,0.0,shahu,"{""type"":""MultiPoint"",""coordinates"":[]}"
335,2012-12-01T00:00:00,0.0,shahu,"{""type"":""MultiPoint"",""coordinates"":[]}"
336,2013-01-01T00:00:00,2.65950454043232,shahu,"{""type"":""MultiPoint"",""coordinates"":[]}"
337,2013-02-01T00:00:00,0.0,shahu,"{""type"":""MultiPoint"",""coordinates"":[]}"
338,2013-03-01T00:00:00,0.0,shahu,"{""type"":""MultiPoint"",""coordinates"":[]}"
339,2013-04-01T00:00:00,2.451523179876589,shahu,"{""type"":""MultiPoint"",""coordinates"":[]}"
340,2013-05-01T00:00:00,2.470060407842898,shahu,"{""type"":""MultiPoint"",""coordinates"":[]}"
341,2013-06-01T00:00:00,2.3682032446289063,shahu,"{""type"":""MultiPoint"",""coordinates"":[]}"
342,2013-07-01T00:00:00,2.4236210315882065,shahu,"{""type"":""MultiPoint"",""coordinates"":[]}"
343,2013-08-01T00:00:00,2.427255654412483,shahu,"{""type"":""MultiPoint"",""coordinates"":[]}"
344,2013-09-01T00:00:00,2.445353874199123,shahu,"{""type"":""MultiPoint"",""coordinates"":[]}"
345,2013-10-01T00:00:00,2.503896456781604,shahu,"{""type"":""MultiPoint"",""coordinates"":[]}"
346,2013-11-01T00:00:00,2.5423352516352637,shahu,"{""type"":""MultiPoint"",""coordinates"":[]}"
347,2013-12-01T00:00:00,0.0,shahu,"{""type"":""MultiPoint"",""coordinates"":[]}"
348,2014-01-01T00:00:00,2.624801461613195,shahu,"{""type"":""MultiPoint"",""coordinates"":[]}"
349,2014-02-01T00:00:00,0.0,shahu,"{""type"":""MultiPoint"",""coordinates"":[]}"
350,2014-03-01T00:00:00,0.0,shahu,"{""type"":""MultiPoint"",""coordinates"":[]}"
351,2014-04-01T00:00:00,2.3911791508509017,shahu,"{""type"":""MultiPoint"",""coordinates"":[]}"
352,2014-05-01T00:00:00,1.4266548075561523,shahu,"{""type"":""MultiPoint"",""coordinates"":[]}"
353,2014-06-01T00:00:00,0.0,shahu,"{""type"":""MultiPoint"",""coordinates"":[]}"
354,2014-07-01T00:00:00,2.033751582397461,shahu,"{""type"":""MultiPoint"",""coordinates"":[]}"
355,2014-08-01T00:00:00,2.041311572770661,shahu,"{""type"":""MultiPoint"",""coordinates"":[]}"
356,2014-09-01T00:00:00,2.3010395922798907,shahu,"{""type"":""MultiPoint"",""coordinates"":[]}"
357,2014-10-01T00:00:00,2.386245562556966,shahu,"{""type"":""MultiPoint"",""coordinates"":[]}"
358,2014-11-01T00:00:00,0.0,shahu,"{""type"":""MultiPoint"",""coordinates"":[]}"
359,2014-12-01T00:00:00,0.0,shahu,"{""type"":""MultiPoint"",""coordinates"":[]}"
360,2015-01-01T00:00:00,0.0,shahu,"{""type"":""MultiPoint"",""coordinates"":[]}"
361,2015-02-01T00:00:00,0.0,shahu,"{""type"":""MultiPoint"",""coordinates"":[]}"
362,2015-03-01T00:00:00,2.548930842378983,shahu,"{""type"":""MultiPoint"",""coordinates"":[]}"
363,2015-04-01T00:00:00,2.381329851361682,shahu,"{""type"":""MultiPoint"",""coordinates"":[]}"
364,2015-05-01T00:00:00,1.415052434326172,shahu,"{""type"":""MultiPoint"",""coordinates"":[]}"
365,2015-06-01T00:00:00,0.012358821655273437,shahu,"{""type"":""MultiPoint"",""coordinates"":[]}"
366,2015-07-01T00:00:00,2.233607595492015,shahu,"{""type"":""MultiPoint"",""coordinates"":[]}"
367,2015-08-01T00:00:00,2.288994401726936,shahu,"{""type"":""MultiPoint"",""coordinates"":[]}"
368,2015-09-01T00:00:00,2.1673961189376536,shahu,"{""type"":""MultiPoint"",""coordinates"":[]}"
369,2015-10-01T00:00:00,2.3056453739528284,shahu,"{""type"":""MultiPoint"",""coordinates"":[]}"
370,2015-11-01T00:00:00,2.448769048717304,shahu,"{""type"":""MultiPoint"",""coordinates"":[]}"
371,2015-12-01T00:00:00,0.0,shahu,"{""type"":""MultiPoint"",""coordinates"":[]}"
372,2016-01-01T00:00:00,0.0,shahu,"{""type"":""MultiPoint"",""coordinates"":[]}"
373,2016-02-01T00:00:00,1.9289190400835823,shahu,"{""type"":""MultiPoint"",""coordinates"":[]}"
374,2016-03-01T00:00:00,2.545082711460966,shahu,"{""type"":""MultiPoint"",""coordinates"":[]}"
375,2016-04-01T00:00:00,2.46648018607082,shahu,"{""type"":""MultiPoint"",""coordinates"":[]}"
376,2016-05-01T00:00:00,1.479159797241211,shahu,"{""type"":""MultiPoint"",""coordinates"":[]}"
377,2016-06-01T00:00:00,1.5498348334616268,shahu,"{""type"":""MultiPoint"",""coordinates"":[]}"
378,2016-07-01T00:00:00,2.3124511808093504,shahu,"{""type"":""MultiPoint"",""coordinates"":[]}"
379,2016-08-01T00:00:00,1.5888294630737305,shahu,"{""type"":""MultiPoint"",""coordinates"":[]}"
380,2016-09-01T00:00:00,2.1712351541137695,shahu,"{""type"":""MultiPoint"",""coordinates"":[]}"
381,2016-10-01T00:00:00,0.17070168634033203,shahu,"{""type"":""MultiPoint"",""coordinates"":[]}"
382,2016-11-01T00:00:00,2.4584355606486,shahu,"{""type"":""MultiPoint"",""coordinates"":[]}"
383,2016-12-01T00:00:00,0.0,shahu,"{""type"":""MultiPoint"",""coordinates"":[]}"
384,2017-01-01T00:00:00,1.0929421579917757,shahu,"{""type"":""MultiPoint"",""coordinates"":[]}"
385,2017-02-01T00:00:00,2.6183811443704044,shahu,"{""type"":""MultiPoint"",""coordinates"":[]}"
386,2017-03-01T00:00:00,0.3908449670410156,shahu,"{""type"":""MultiPoint"",""coordinates"":[]}"
387,2017-04-01T00:00:00,2.0836145380696616,shahu,"{""type"":""MultiPoint"",""coordinates"":[]}"
388,2017-05-01T00:00:00,0.0,shahu,"{""type"":""MultiPoint"",""coordinates"":[]}"
389,2017-06-01T00:00:00,1.7618634994506837,shahu,"{""type"":""MultiPoint"",""coordinates"":[]}"
390,2017-07-01T00:00:00,2.0101569888241038,shahu,"{""type"":""MultiPoint"",""coordinates"":[]}"
391,2017-08-01T00:00:00,2.152983794524309,shahu,"{""type"":""MultiPoint"",""coordinates"":[]}"
392,2017-09-01T00:00:00,1.8838987018432618,shahu,"{""type"":""MultiPoint"",""coordinates"":[]}"
393,2017-10-01T00:00:00,2.2751409827545763,shahu,"{""type"":""MultiPoint"",""coordinates"":[]}"
394,2017-11-01T00:00:00,2.3575088706519036,shahu,"{""type"":""MultiPoint"",""coordinates"":[]}"
395,2017-12-01T00:00:00,0.0,shahu,"{""type"":""MultiPoint"",""coordinates"":[]}"
396,2018-01-01T00:00:00,0.0,shahu,"{""type"":""MultiPoint"",""coordinates"":[]}"
397,2018-02-01T00:00:00,2.5041484736574664,shahu,"{""type"":""MultiPoint"",""coordinates"":[]}"
398,2018-03-01T00:00:00,2.5957574972287643,shahu,"{""type"":""MultiPoint"",""coordinates"":[]}"
399,2018-04-01T00:00:00,2.46992110110342,shahu,"{""type"":""MultiPoint"",""coordinates"":[]}"
400,2018-05-01T00:00:00,0.6241242789916992,shahu,"{""type"":""MultiPoint"",""coordinates"":[]}"
401,2018-06-01T00:00:00,2.157184347683536,shahu,"{""type"":""MultiPoint"",""coordinates"":[]}"
402,2018-07-01T00:00:00,2.1201084631010167,shahu,"{""type"":""MultiPoint"",""coordinates"":[]}"
403,2018-08-01T00:00:00,1.816578840086933,shahu,"{""type"":""MultiPoint"",""coordinates"":[]}"
404,2018-09-01T00:00:00,1.9525261727412206,shahu,"{""type"":""MultiPoint"",""coordinates"":[]}"
405,2018-10-01T00:00:00,1.9433817565917968,shahu,"{""type"":""MultiPoint"",""coordinates"":[]}"
406,2018-11-01T00:00:00,2.0989049932538197,shahu,"{""type"":""MultiPoint"",""coordinates"":[]}"
407,2018-12-01T00:00:00,0.0,shahu,"{""type"":""MultiPoint"",""coordinates"":[]}"
408,2019-01-01T00:00:00,0.0,shahu,"{""type"":""MultiPoint"",""coordinates"":[]}"
409,2019-02-01T00:00:00,0.20140686172736671,shahu,"{""type"":""MultiPoint"",""coordinates"":[]}"
410,2019-03-01T00:00:00,2.5292880813438265,shahu,"{""type"":""MultiPoint"",""coordinates"":[]}"
411,2019-04-01T00:00:00,2.6174420414713544,shahu,"{""type"":""MultiPoint"",""coordinates"":[]}"
412,2019-05-01T00:00:00,0.0,shahu,"{""type"":""MultiPoint"",""coordinates"":[]}"
413,2019-06-01T00:00:00,1.8151658103637696,shahu,"{""type"":""MultiPoint"",""coordinates"":[]}"
414,2019-07-01T00:00:00,1.4444588613223805,shahu,"{""type"":""MultiPoint"",""coordinates"":[]}"
415,2019-08-01T00:00:00,1.0280988204147041,shahu,"{""type"":""MultiPoint"",""coordinates"":[]}"
416,2019-09-01T00:00:00,0.5545880574951172,shahu,"{""type"":""MultiPoint"",""coordinates"":[]}"
417,2019-10-01T00:00:00,1.5359351198117723,shahu,"{""type"":""MultiPoint"",""coordinates"":[]}"
418,2019-11-01T00:00:00,1.6628081169763902,shahu,"{""type"":""MultiPoint"",""coordinates"":[]}"
419,2019-12-01T00:00:00,0.0,shahu,"{""type"":""MultiPoint"",""coordinates"":[]}"
420,2020-01-01T00:00:00,0.0,shahu,"{""type"":""MultiPoint"",""coordinates"":[]}"
421,2020-02-01T00:00:00,2.450588937502872,shahu,"{""type"":""MultiPoint"",""coordinates"":[]}"
422,2020-03-01T00:00:00,2.3855647209937003,shahu,"{""type"":""MultiPoint"",""coordinates"":[]}"
423,2020-04-01T00:00:00,2.3756946551224054,shahu,"{""type"":""MultiPoint"",""coordinates"":[]}"
424,2020-05-01T00:00:00,1.080651488397576,shahu,"{""type"":""MultiPoint"",""coordinates"":[]}"
425,2020-06-01T00:00:00,1.1038197102603688,shahu,"{""type"":""MultiPoint"",""coordinates"":[]}"
426,2020-07-01T00:00:00,0.0,shahu,"{""type"":""MultiPoint"",""coordinates"":[]}"
427,2020-08-01T00:00:00,2.1584884751460054,shahu,"{""type"":""MultiPoint"",""coordinates"":[]}"
428,2020-09-01T00:00:00,1.6537295811157227,shahu,"{""type"":""MultiPoint"",""coordinates"":[]}"
429,2020-10-01T00:00:00,2.4680506460513847,shahu,"{""type"":""MultiPoint"",""coordinates"":[]}"
430,2020-11-01T00:00:00,1.2225903514315737,shahu,"{""type"":""MultiPoint"",""coordinates"":[]}"
431,2020-12-01T00:00:00,0.0,shahu,"{""type"":""MultiPoint"",""coordinates"":[]}"
