system:index,Date,area_km2,lake,.geo
0,1985-01-01T00:00:00,0.0,sanjiaohu,"{""type"":""MultiPoint"",""coordinates"":[]}"
1,1985-02-01T00:00:00,0.0,sanjiaohu,"{""type"":""MultiPoint"",""coordinates"":[]}"
2,1985-03-01T00:00:00,0.0,sanjiaohu,"{""type"":""MultiPoint"",""coordinates"":[]}"
3,1985-04-01T00:00:00,0.0,sanjiaohu,"{""type"":""MultiPoint"",""coordinates"":[]}"
4,1985-05-01T00:00:00,0.0,sanjiaohu,"{""type"":""MultiPoint"",""coordinates"":[]}"
5,1985-06-01T00:00:00,0.0,sanjiaohu,"{""type"":""MultiPoint"",""coordinates"":[]}"
6,1985-07-01T00:00:00,0.0,sanjiaohu,"{""type"":""MultiPoint"",""coordinates"":[]}"
7,1985-08-01T00:00:00,0.0,sanjiaohu,"{""type"":""MultiPoint"",""coordinates"":[]}"
8,1985-09-01T00:00:00,0.0,sanjiaohu,"{""type"":""MultiPoint"",""coordinates"":[]}"
9,1985-10-01T00:00:00,0.0,sanjiaohu,"{""type"":""MultiPoint"",""coordinates"":[]}"
10,1985-11-01T00:00:00,0.0,sanjiaohu,"{""type"":""MultiPoint"",""coordinates"":[]}"
11,1985-12-01T00:00:00,0.0,sanjiaohu,"{""type"":""MultiPoint"",""coordinates"":[]}"
12,1986-01-01T00:00:00,0.0,sanjiaohu,"{""type"":""MultiPoint"",""coordinates"":[]}"
13,1986-02-01T00:00:00,0.0,sanjiaohu,"{""type"":""MultiPoint"",""coordinates"":[]}"
14,1986-03-01T00:00:00,0.0,sanjiaohu,"{""type"":""MultiPoint"",""coordinates"":[]}"
15,1986-04-01T00:00:00,0.0,sanjiaohu,"{""type"":""MultiPoint"",""coordinates"":[]}"
16,1986-05-01T00:00:00,0.0,sanjiaohu,"{""type"":""MultiPoint"",""coordinates"":[]}"
17,1986-06-01T00:00:00,0.0,sanjiaohu,"{""type"":""MultiPoint"",""coordinates"":[]}"
18,1986-07-01T00:00:00,0.0,sanjiaohu,"{""type"":""MultiPoint"",""coordinates"":[]}"
19,1986-08-01T00:00:00,0.0,sanjiaohu,"{""type"":""MultiPoint"",""coordinates"":[]}"
20,1986-09-01T00:00:00,0.0,sanjiaohu,"{""type"":""MultiPoint"",""coordinates"":[]}"
21,1986-10-01T00:00:00,0.0,sanjiaohu,"{""type"":""MultiPoint"",""coordinates"":[]}"
22,1986-11-01T00:00:00,0.0,sanjiaohu,"{""type"":""MultiPoint"",""coordinates"":[]}"
23,1986-12-01T00:00:00,0.0,sanjiaohu,"{""type"":""MultiPoint"",""coordinates"":[]}"
24,1987-01-01T00:00:00,0.0,sanjiaohu,"{""type"":""MultiPoint"",""coordinates"":[]}"
25,1987-02-01T00:00:00,0.0,sanjiaohu,"{""type"":""MultiPoint"",""coordinates"":[]}"
26,1987-03-01T00:00:00,0.0,sanjiaohu,"{""type"":""MultiPoint"",""coordinates"":[]}"
27,1987-04-01T00:00:00,0.0,sanjiaohu,"{""type"":""MultiPoint"",""coordinates"":[]}"
28,1987-05-01T00:00:00,0.0,sanjiaohu,"{""type"":""MultiPoint"",""coordinates"":[]}"
29,1987-06-01T00:00:00,0.0,sanjiaohu,"{""type"":""MultiPoint"",""coordinates"":[]}"
30,1987-07-01T00:00:00,0.0,sanjiaohu,"{""type"":""MultiPoint"",""coordinates"":[]}"
31,1987-08-01T00:00:00,0.0,sanjiaohu,"{""type"":""MultiPoint"",""coordinates"":[]}"
32,1987-09-01T00:00:00,1.5455786414770987,sanjiaohu,"{""type"":""MultiPoint"",""coordinates"":[]}"
33,1987-10-01T00:00:00,0.0,sanjiaohu,"{""type"":""MultiPoint"",""coordinates"":[]}"
34,1987-11-01T00:00:00,0.0,sanjiaohu,"{""type"":""MultiPoint"",""coordinates"":[]}"
35,1987-12-01T00:00:00,0.0,sanjiaohu,"{""type"":""MultiPoint"",""coordinates"":[]}"
36,1988-01-01T00:00:00,0.0,sanjiaohu,"{""type"":""MultiPoint"",""coordinates"":[]}"
37,1988-02-01T00:00:00,0.0,sanjiaohu,"{""type"":""MultiPoint"",""coordinates"":[]}"
38,1988-03-01T00:00:00,0.0,sanjiaohu,"{""type"":""MultiPoint"",""coordinates"":[]}"
39,1988-04-01T00:00:00,0.0,sanjiaohu,"{""type"":""MultiPoint"",""coordinates"":[]}"
40,1988-05-01T00:00:00,0.0,sanjiaohu,"{""type"":""MultiPoint"",""coordinates"":[]}"
41,1988-06-01T00:00:00,0.0,sanjiaohu,"{""type"":""MultiPoint"",""coordinates"":[]}"
42,1988-07-01T00:00:00,0.0,sanjiaohu,"{""type"":""MultiPoint"",""coordinates"":[]}"
43,1988-08-01T00:00:00,0.0,sanjiaohu,"{""type"":""MultiPoint"",""coordinates"":[]}"
44,1988-09-01T00:00:00,0.0,sanjiaohu,"{""type"":""MultiPoint"",""coordinates"":[]}"
45,1988-10-01T00:00:00,0.0,sanjiaohu,"{""type"":""MultiPoint"",""coordinates"":[]}"
46,1988-11-01T00:00:00,0.0,sanjiaohu,"{""type"":""MultiPoint"",""coordinates"":[]}"
47,1988-12-01T00:00:00,0.0,sanjiaohu,"{""type"":""MultiPoint"",""coordinates"":[]}"
48,1989-01-01T00:00:00,0.0,sanjiaohu,"{""type"":""MultiPoint"",""coordinates"":[]}"
49,1989-02-01T00:00:00,0.0,sanjiaohu,"{""type"":""MultiPoint"",""coordinates"":[]}"
50,1989-03-01T00:00:00,0.0,sanjiaohu,"{""type"":""MultiPoint"",""coordinates"":[]}"
51,1989-04-01T00:00:00,0.0,sanjiaohu,"{""type"":""MultiPoint"",""coordinates"":[]}"
52,1989-05-01T00:00:00,0.0,sanjiaohu,"{""type"":""MultiPoint"",""coordinates"":[]}"
53,1989-06-01T00:00:00,0.0,sanjiaohu,"{""type"":""MultiPoint"",""coordinates"":[]}"
54,1989-07-01T00:00:00,0.0,sanjiaohu,"{""type"":""MultiPoint"",""coordinates"":[]}"
55,1989-08-01T00:00:00,0.0,sanjiaohu,"{""type"":""MultiPoint"",""coordinates"":[]}"
56,1989-09-01T00:00:00,0.0,sanjiaohu,"{""type"":""MultiPoint"",""coordinates"":[]}"
57,1989-10-01T00:00:00,0.0,sanjiaohu,"{""type"":""MultiPoint"",""coordinates"":[]}"
58,1989-11-01T00:00:00,0.0,sanjiaohu,"{""type"":""MultiPoint"",""coordinates"":[]}"
59,1989-12-01T00:00:00,0.0,sanjiaohu,"{""type"":""MultiPoint"",""coordinates"":[]}"
60,1990-01-01T00:00:00,0.0,sanjiaohu,"{""type"":""MultiPoint"",""coordinates"":[]}"
61,1990-02-01T00:00:00,0.0,sanjiaohu,"{""type"":""MultiPoint"",""coordinates"":[]}"
62,1990-03-01T00:00:00,0.0,sanjiaohu,"{""type"":""MultiPoint"",""coordinates"":[]}"
63,1990-04-01T00:00:00,0.0,sanjiaohu,"{""type"":""MultiPoint"",""coordinates"":[]}"
64,1990-05-01T00:00:00,0.0,sanjiaohu,"{""type"":""MultiPoint"",""coordinates"":[]}"
65,1990-06-01T00:00:00,0.0,sanjiaohu,"{""type"":""MultiPoint"",""coordinates"":[]}"
66,1990-07-01T00:00:00,0.0,sanjiaohu,"{""type"":""MultiPoint"",""coordinates"":[]}"
67,1990-08-01T00:00:00,0.0,sanjiaohu,"{""type"":""MultiPoint"",""coordinates"":[]}"
68,1990-09-01T00:00:00,1.783092799881999,sanjiaohu,"{""type"":""MultiPoint"",""coordinates"":[]}"
69,1990-10-01T00:00:00,0.0,sanjiaohu,"{""type"":""MultiPoint"",""coordinates"":[]}"
70,1990-11-01T00:00:00,0.0,sanjiaohu,"{""type"":""MultiPoint"",""coordinates"":[]}"
71,1990-12-01T00:00:00,0.0,sanjiaohu,"{""type"":""MultiPoint"",""coordinates"":[]}"
72,1991-01-01T00:00:00,0.0,sanjiaohu,"{""type"":""MultiPoint"",""coordinates"":[]}"
73,1991-02-01T00:00:00,0.0,sanjiaohu,"{""type"":""MultiPoint"",""coordinates"":[]}"
74,1991-03-01T00:00:00,0.0,sanjiaohu,"{""type"":""MultiPoint"",""coordinates"":[]}"
75,1991-04-01T00:00:00,0.0,sanjiaohu,"{""type"":""MultiPoint"",""coordinates"":[]}"
76,1991-05-01T00:00:00,0.0,sanjiaohu,"{""type"":""MultiPoint"",""coordinates"":[]}"
77,1991-06-01T00:00:00,0.0,sanjiaohu,"{""type"":""MultiPoint"",""coordinates"":[]}"
78,1991-07-01T00:00:00,2.4397085118515913,sanjiaohu,"{""type"":""MultiPoint"",""coordinates"":[]}"
79,1991-08-01T00:00:00,0.0,sanjiaohu,"{""type"":""MultiPoint"",""coordinates"":[]}"
80,1991-09-01T00:00:00,0.0,sanjiaohu,"{""type"":""MultiPoint"",""coordinates"":[]}"
81,1991-10-01T00:00:00,0.0,sanjiaohu,"{""type"":""MultiPoint"",""coordinates"":[]}"
82,1991-11-01T00:00:00,0.0,sanjiaohu,"{""type"":""MultiPoint"",""coordinates"":[]}"
83,1991-12-01T00:00:00,0.0,sanjiaohu,"{""type"":""MultiPoint"",""coordinates"":[]}"
84,1992-01-01T00:00:00,2.325378943981217,sanjiaohu,"{""type"":""MultiPoint"",""coordinates"":[]}"
85,1992-02-01T00:00:00,1.1344327012453566,sanjiaohu,"{""type"":""MultiPoint"",""coordinates"":[]}"
86,1992-03-01T00:00:00,0.0,sanjiaohu,"{""type"":""MultiPoint"",""coordinates"":[]}"
87,1992-04-01T00:00:00,0.0,sanjiaohu,"{""type"":""MultiPoint"",""coordinates"":[]}"
88,1992-05-01T00:00:00,0.0,sanjiaohu,"{""type"":""MultiPoint"",""coordinates"":[]}"
89,1992-06-01T00:00:00,0.0,sanjiaohu,"{""type"":""MultiPoint"",""coordinates"":[]}"
90,1992-07-01T00:00:00,0.0,sanjiaohu,"{""type"":""MultiPoint"",""coordinates"":[]}"
91,1992-08-01T00:00:00,0.0,sanjiaohu,"{""type"":""MultiPoint"",""coordinates"":[]}"
92,1992-09-01T00:00:00,0.0,sanjiaohu,"{""type"":""MultiPoint"",""coordinates"":[]}"
93,1992-10-01T00:00:00,0.0,sanjiaohu,"{""type"":""MultiPoint"",""coordinates"":[]}"
94,1992-11-01T00:00:00,0.0,sanjiaohu,"{""type"":""MultiPoint"",""coordinates"":[]}"
95,1992-12-01T00:00:00,0.0,sanjiaohu,"{""type"":""MultiPoint"",""coordinates"":[]}"
96,1993-01-01T00:00:00,0.0,sanjiaohu,"{""type"":""MultiPoint"",""coordinates"":[]}"
97,1993-02-01T00:00:00,0.0,sanjiaohu,"{""type"":""MultiPoint"",""coordinates"":[]}"
98,1993-03-01T00:00:00,0.0,sanjiaohu,"{""type"":""MultiPoint"",""coordinates"":[]}"
99,1993-04-01T00:00:00,0.0,sanjiaohu,"{""type"":""MultiPoint"",""coordinates"":[]}"
100,1993-05-01T00:00:00,0.0,sanjiaohu,"{""type"":""MultiPoint"",""coordinates"":[]}"
101,1993-06-01T00:00:00,0.0,sanjiaohu,"{""type"":""MultiPoint"",""coordinates"":[]}"
102,1993-07-01T00:00:00,0.0,sanjiaohu,"{""type"":""MultiPoint"",""coordinates"":[]}"
103,1993-08-01T00:00:00,0.0,sanjiaohu,"{""type"":""MultiPoint"",""coordinates"":[]}"
104,1993-09-01T00:00:00,0.0,sanjiaohu,"{""type"":""MultiPoint"",""coordinates"":[]}"
105,1993-10-01T00:00:00,1.8572891091456991,sanjiaohu,"{""type"":""MultiPoint"",""coordinates"":[]}"
106,1993-11-01T00:00:00,0.0,sanjiaohu,"{""type"":""MultiPoint"",""coordinates"":[]}"
107,1993-12-01T00:00:00,0.0,sanjiaohu,"{""type"":""MultiPoint"",""coordinates"":[]}"
108,1994-01-01T00:00:00,0.0,sanjiaohu,"{""type"":""MultiPoint"",""coordinates"":[]}"
109,1994-02-01T00:00:00,0.0,sanjiaohu,"{""type"":""MultiPoint"",""coordinates"":[]}"
110,1994-03-01T00:00:00,0.0,sanjiaohu,"{""type"":""MultiPoint"",""coordinates"":[]}"
111,1994-04-01T00:00:00,0.0,sanjiaohu,"{""type"":""MultiPoint"",""coordinates"":[]}"
112,1994-05-01T00:00:00,0.0,sanjiaohu,"{""type"":""MultiPoint"",""coordinates"":[]}"
113,1994-06-01T00:00:00,0.0,sanjiaohu,"{""type"":""MultiPoint"",""coordinates"":[]}"
114,1994-07-01T00:00:00,0.0,sanjiaohu,"{""type"":""MultiPoint"",""coordinates"":[]}"
115,1994-08-01T00:00:00,0.7178747307128907,sanjiaohu,"{""type"":""MultiPoint"",""coordinates"":[]}"
116,1994-09-01T00:00:00,1.4614609411549289,sanjiaohu,"{""type"":""MultiPoint"",""coordinates"":[]}"
117,1994-10-01T00:00:00,0.0,sanjiaohu,"{""type"":""MultiPoint"",""coordinates"":[]}"
118,1994-11-01T00:00:00,0.0,sanjiaohu,"{""type"":""MultiPoint"",""coordinates"":[]}"
119,1994-12-01T00:00:00,0.0,sanjiaohu,"{""type"":""MultiPoint"",""coordinates"":[]}"
120,1995-01-01T00:00:00,0.0,sanjiaohu,"{""type"":""MultiPoint"",""coordinates"":[]}"
121,1995-02-01T00:00:00,0.0,sanjiaohu,"{""type"":""MultiPoint"",""coordinates"":[]}"
122,1995-03-01T00:00:00,0.0,sanjiaohu,"{""type"":""MultiPoint"",""coordinates"":[]}"
123,1995-04-01T00:00:00,1.1335077152975643,sanjiaohu,"{""type"":""MultiPoint"",""coordinates"":[]}"
124,1995-05-01T00:00:00,0.027046570434570313,sanjiaohu,"{""type"":""MultiPoint"",""coordinates"":[]}"
125,1995-06-01T00:00:00,0.0,sanjiaohu,"{""type"":""MultiPoint"",""coordinates"":[]}"
126,1995-07-01T00:00:00,0.0,sanjiaohu,"{""type"":""MultiPoint"",""coordinates"":[]}"
127,1995-08-01T00:00:00,0.0,sanjiaohu,"{""type"":""MultiPoint"",""coordinates"":[]}"
128,1995-09-01T00:00:00,0.0,sanjiaohu,"{""type"":""MultiPoint"",""coordinates"":[]}"
129,1995-10-01T00:00:00,1.8398845605339498,sanjiaohu,"{""type"":""MultiPoint"",""coordinates"":[]}"
130,1995-11-01T00:00:00,0.0,sanjiaohu,"{""type"":""MultiPoint"",""coordinates"":[]}"
131,1995-12-01T00:00:00,0.0,sanjiaohu,"{""type"":""MultiPoint"",""coordinates"":[]}"
132,1996-01-01T00:00:00,0.0,sanjiaohu,"{""type"":""MultiPoint"",""coordinates"":[]}"
133,1996-02-01T00:00:00,1.6707474834561218,sanjiaohu,"{""type"":""MultiPoint"",""coordinates"":[]}"
134,1996-03-01T00:00:00,0.0,sanjiaohu,"{""type"":""MultiPoint"",""coordinates"":[]}"
135,1996-04-01T00:00:00,0.0,sanjiaohu,"{""type"":""MultiPoint"",""coordinates"":[]}"
136,1996-05-01T00:00:00,0.0,sanjiaohu,"{""type"":""MultiPoint"",""coordinates"":[]}"
137,1996-06-01T00:00:00,0.8535471301757812,sanjiaohu,"{""type"":""MultiPoint"",""coordinates"":[]}"
138,1996-07-01T00:00:00,0.0,sanjiaohu,"{""type"":""MultiPoint"",""coordinates"":[]}"
139,1996-08-01T00:00:00,1.6225688377860275,sanjiaohu,"{""type"":""MultiPoint"",""coordinates"":[]}"
140,1996-09-01T00:00:00,0.09350198870849609,sanjiaohu,"{""type"":""MultiPoint"",""coordinates"":[]}"
141,1996-10-01T00:00:00,2.2730859669754326,sanjiaohu,"{""type"":""MultiPoint"",""coordinates"":[]}"
142,1996-11-01T00:00:00,0.0,sanjiaohu,"{""type"":""MultiPoint"",""coordinates"":[]}"
143,1996-12-01T00:00:00,0.0,sanjiaohu,"{""type"":""MultiPoint"",""coordinates"":[]}"
144,1997-01-01T00:00:00,0.0,sanjiaohu,"{""type"":""MultiPoint"",""coordinates"":[]}"
145,1997-02-01T00:00:00,0.0,sanjiaohu,"{""type"":""MultiPoint"",""coordinates"":[]}"
146,1997-03-01T00:00:00,0.0,sanjiaohu,"{""type"":""MultiPoint"",""coordinates"":[]}"
147,1997-04-01T00:00:00,0.0,sanjiaohu,"{""type"":""MultiPoint"",""coordinates"":[]}"
148,1997-05-01T00:00:00,0.0,sanjiaohu,"{""type"":""MultiPoint"",""coordinates"":[]}"
149,1997-06-01T00:00:00,0.0,sanjiaohu,"{""type"":""MultiPoint"",""coordinates"":[]}"
150,1997-07-01T00:00:00,0.0,sanjiaohu,"{""type"":""MultiPoint"",""coordinates"":[]}"
151,1997-08-01T00:00:00,0.0,sanjiaohu,"{""type"":""MultiPoint"",""coordinates"":[]}"
152,1997-09-01T00:00:00,0.0,sanjiaohu,"{""type"":""MultiPoint"",""coordinates"":[]}"
153,1997-10-01T00:00:00,0.0,sanjiaohu,"{""type"":""MultiPoint"",""coordinates"":[]}"
154,1997-11-01T00:00:00,0.0,sanjiaohu,"{""type"":""MultiPoint"",""coordinates"":[]}"
155,1997-12-01T00:00:00,0.0,sanjiaohu,"{""type"":""MultiPoint"",""coordinates"":[]}"
156,1998-01-01T00:00:00,0.0,sanjiaohu,"{""type"":""MultiPoint"",""coordinates"":[]}"
157,1998-02-01T00:00:00,0.0,sanjiaohu,"{""type"":""MultiPoint"",""coordinates"":[]}"
158,1998-03-01T00:00:00,0.0,sanjiaohu,"{""type"":""MultiPoint"",""coordinates"":[]}"
159,1998-04-01T00:00:00,0.0,sanjiaohu,"{""type"":""MultiPoint"",""coordinates"":[]}"
160,1998-05-01T00:00:00,0.0,sanjiaohu,"{""type"":""MultiPoint"",""coordinates"":[]}"
161,1998-06-01T00:00:00,0.0,sanjiaohu,"{""type"":""MultiPoint"",""coordinates"":[]}"
162,1998-07-01T00:00:00,0.0,sanjiaohu,"{""type"":""MultiPoint"",""coordinates"":[]}"
163,1998-08-01T00:00:00,0.0,sanjiaohu,"{""type"":""MultiPoint"",""coordinates"":[]}"
164,1998-09-01T00:00:00,0.0,sanjiaohu,"{""type"":""MultiPoint"",""coordinates"":[]}"
165,1998-10-01T00:00:00,0.0,sanjiaohu,"{""type"":""MultiPoint"",""coordinates"":[]}"
166,1998-11-01T00:00:00,0.0,sanjiaohu,"{""type"":""MultiPoint"",""coordinates"":[]}"
167,1998-12-01T00:00:00,0.0,sanjiaohu,"{""type"":""MultiPoint"",""coordinates"":[]}"
168,1999-01-01T00:00:00,0.0,sanjiaohu,"{""type"":""MultiPoint"",""coordinates"":[]}"
169,1999-02-01T00:00:00,0.0,sanjiaohu,"{""type"":""MultiPoint"",""coordinates"":[]}"
170,1999-03-01T00:00:00,0.0,sanjiaohu,"{""type"":""MultiPoint"",""coordinates"":[]}"
171,1999-04-01T00:00:00,0.0,sanjiaohu,"{""type"":""MultiPoint"",""coordinates"":[]}"
172,1999-05-01T00:00:00,0.0,sanjiaohu,"{""type"":""MultiPoint"",""coordinates"":[]}"
173,1999-06-01T00:00:00,0.0,sanjiaohu,"{""type"":""MultiPoint"",""coordinates"":[]}"
174,1999-07-01T00:00:00,0.0,sanjiaohu,"{""type"":""MultiPoint"",""coordinates"":[]}"
175,1999-08-01T00:00:00,0.0,sanjiaohu,"{""type"":""MultiPoint"",""coordinates"":[]}"
176,1999-09-01T00:00:00,0.3168355178222656,sanjiaohu,"{""type"":""MultiPoint"",""coordinates"":[]}"
177,1999-10-01T00:00:00,0.0,sanjiaohu,"{""type"":""MultiPoint"",""coordinates"":[]}"
178,1999-11-01T00:00:00,1.0751759570903705,sanjiaohu,"{""type"":""MultiPoint"",""coordinates"":[]}"
179,1999-12-01T00:00:00,0.0,sanjiaohu,"{""type"":""MultiPoint"",""coordinates"":[]}"
180,2000-01-01T00:00:00,0.0,sanjiaohu,"{""type"":""MultiPoint"",""coordinates"":[]}"
181,2000-02-01T00:00:00,1.6489999158947517,sanjiaohu,"{""type"":""MultiPoint"",""coordinates"":[]}"
182,2000-03-01T00:00:00,0.0,sanjiaohu,"{""type"":""MultiPoint"",""coordinates"":[]}"
183,2000-04-01T00:00:00,0.0,sanjiaohu,"{""type"":""MultiPoint"",""coordinates"":[]}"
184,2000-05-01T00:00:00,0.0,sanjiaohu,"{""type"":""MultiPoint"",""coordinates"":[]}"
185,2000-06-01T00:00:00,0.10664255053710937,sanjiaohu,"{""type"":""MultiPoint"",""coordinates"":[]}"
186,2000-07-01T00:00:00,0.28128640631103513,sanjiaohu,"{""type"":""MultiPoint"",""coordinates"":[]}"
187,2000-08-01T00:00:00,1.1452289238891602,sanjiaohu,"{""type"":""MultiPoint"",""coordinates"":[]}"
188,2000-09-01T00:00:00,1.9862675129566865,sanjiaohu,"{""type"":""MultiPoint"",""coordinates"":[]}"
189,2000-10-01T00:00:00,2.1772453467014694,sanjiaohu,"{""type"":""MultiPoint"",""coordinates"":[]}"
190,2000-11-01T00:00:00,0.03786535565185547,sanjiaohu,"{""type"":""MultiPoint"",""coordinates"":[]}"
191,2000-12-01T00:00:00,0.0,sanjiaohu,"{""type"":""MultiPoint"",""coordinates"":[]}"
192,2001-01-01T00:00:00,2.381476287651273,sanjiaohu,"{""type"":""MultiPoint"",""coordinates"":[]}"
193,2001-02-01T00:00:00,0.040388098898734306,sanjiaohu,"{""type"":""MultiPoint"",""coordinates"":[]}"
194,2001-03-01T00:00:00,2.1452576952416513,sanjiaohu,"{""type"":""MultiPoint"",""coordinates"":[]}"
195,2001-04-01T00:00:00,0.29097913458706726,sanjiaohu,"{""type"":""MultiPoint"",""coordinates"":[]}"
196,2001-05-01T00:00:00,0.10463958999478208,sanjiaohu,"{""type"":""MultiPoint"",""coordinates"":[]}"
197,2001-06-01T00:00:00,0.0,sanjiaohu,"{""type"":""MultiPoint"",""coordinates"":[]}"
198,2001-07-01T00:00:00,1.944589779016113,sanjiaohu,"{""type"":""MultiPoint"",""coordinates"":[]}"
199,2001-08-01T00:00:00,0.007727875427246094,sanjiaohu,"{""type"":""MultiPoint"",""coordinates"":[]}"
200,2001-09-01T00:00:00,1.9104614194666245,sanjiaohu,"{""type"":""MultiPoint"",""coordinates"":[]}"
201,2001-10-01T00:00:00,0.5375894197122012,sanjiaohu,"{""type"":""MultiPoint"",""coordinates"":[]}"
202,2001-11-01T00:00:00,2.1412693213106047,sanjiaohu,"{""type"":""MultiPoint"",""coordinates"":[]}"
203,2001-12-01T00:00:00,0.0,sanjiaohu,"{""type"":""MultiPoint"",""coordinates"":[]}"
204,2002-01-01T00:00:00,0.41206715559728285,sanjiaohu,"{""type"":""MultiPoint"",""coordinates"":[]}"
205,2002-02-01T00:00:00,2.1784673464357867,sanjiaohu,"{""type"":""MultiPoint"",""coordinates"":[]}"
206,2002-03-01T00:00:00,1.4864834305027383,sanjiaohu,"{""type"":""MultiPoint"",""coordinates"":[]}"
207,2002-04-01T00:00:00,0.012363765075683594,sanjiaohu,"{""type"":""MultiPoint"",""coordinates"":[]}"
208,2002-05-01T00:00:00,0.0,sanjiaohu,"{""type"":""MultiPoint"",""coordinates"":[]}"
209,2002-06-01T00:00:00,0.07727888946533203,sanjiaohu,"{""type"":""MultiPoint"",""coordinates"":[]}"
210,2002-07-01T00:00:00,1.86053156941277,sanjiaohu,"{""type"":""MultiPoint"",""coordinates"":[]}"
211,2002-08-01T00:00:00,2.0297957491771026,sanjiaohu,"{""type"":""MultiPoint"",""coordinates"":[]}"
212,2002-09-01T00:00:00,2.0177158427112056,sanjiaohu,"{""type"":""MultiPoint"",""coordinates"":[]}"
213,2002-10-01T00:00:00,2.1988319303533816,sanjiaohu,"{""type"":""MultiPoint"",""coordinates"":[]}"
214,2002-11-01T00:00:00,0.0,sanjiaohu,"{""type"":""MultiPoint"",""coordinates"":[]}"
215,2002-12-01T00:00:00,0.0,sanjiaohu,"{""type"":""MultiPoint"",""coordinates"":[]}"
216,2003-01-01T00:00:00,2.405448488154394,sanjiaohu,"{""type"":""MultiPoint"",""coordinates"":[]}"
217,2003-02-01T00:00:00,2.335883040050552,sanjiaohu,"{""type"":""MultiPoint"",""coordinates"":[]}"
218,2003-03-01T00:00:00,1.6375981181884764,sanjiaohu,"{""type"":""MultiPoint"",""coordinates"":[]}"
219,2003-04-01T00:00:00,2.175130854134593,sanjiaohu,"{""type"":""MultiPoint"",""coordinates"":[]}"
220,2003-05-01T00:00:00,2.1597754369250732,sanjiaohu,"{""type"":""MultiPoint"",""coordinates"":[]}"
221,2003-06-01T00:00:00,1.2936425264713063,sanjiaohu,"{""type"":""MultiPoint"",""coordinates"":[]}"
222,2003-07-01T00:00:00,2.080637513376034,sanjiaohu,"{""type"":""MultiPoint"",""coordinates"":[]}"
223,2003-08-01T00:00:00,0.6722977319335938,sanjiaohu,"{""type"":""MultiPoint"",""coordinates"":[]}"
224,2003-09-01T00:00:00,2.0819438798246495,sanjiaohu,"{""type"":""MultiPoint"",""coordinates"":[]}"
225,2003-10-01T00:00:00,2.2112166836330043,sanjiaohu,"{""type"":""MultiPoint"",""coordinates"":[]}"
226,2003-11-01T00:00:00,2.3028533281501327,sanjiaohu,"{""type"":""MultiPoint"",""coordinates"":[]}"
227,2003-12-01T00:00:00,0.0,sanjiaohu,"{""type"":""MultiPoint"",""coordinates"":[]}"
228,2004-01-01T00:00:00,2.3618040352785608,sanjiaohu,"{""type"":""MultiPoint"",""coordinates"":[]}"
229,2004-02-01T00:00:00,2.2136717516907938,sanjiaohu,"{""type"":""MultiPoint"",""coordinates"":[]}"
230,2004-03-01T00:00:00,2.127317478186514,sanjiaohu,"{""type"":""MultiPoint"",""coordinates"":[]}"
231,2004-04-01T00:00:00,1.9538159837663238,sanjiaohu,"{""type"":""MultiPoint"",""coordinates"":[]}"
232,2004-05-01T00:00:00,0.0,sanjiaohu,"{""type"":""MultiPoint"",""coordinates"":[]}"
233,2004-06-01T00:00:00,0.0,sanjiaohu,"{""type"":""MultiPoint"",""coordinates"":[]}"
234,2004-07-01T00:00:00,2.16607235789771,sanjiaohu,"{""type"":""MultiPoint"",""coordinates"":[]}"
235,2004-08-01T00:00:00,1.1552682713012696,sanjiaohu,"{""type"":""MultiPoint"",""coordinates"":[]}"
236,2004-09-01T00:00:00,2.132504080927112,sanjiaohu,"{""type"":""MultiPoint"",""coordinates"":[]}"
237,2004-10-01T00:00:00,2.268065935738837,sanjiaohu,"{""type"":""MultiPoint"",""coordinates"":[]}"
238,2004-11-01T00:00:00,2.2640254045185166,sanjiaohu,"{""type"":""MultiPoint"",""coordinates"":[]}"
239,2004-12-01T00:00:00,0.0,sanjiaohu,"{""type"":""MultiPoint"",""coordinates"":[]}"
240,2005-01-01T00:00:00,2.3350451991864376,sanjiaohu,"{""type"":""MultiPoint"",""coordinates"":[]}"
241,2005-02-01T00:00:00,1.9410855982275872,sanjiaohu,"{""type"":""MultiPoint"",""coordinates"":[]}"
242,2005-03-01T00:00:00,2.23684468019852,sanjiaohu,"{""type"":""MultiPoint"",""coordinates"":[]}"
243,2005-04-01T00:00:00,2.0566319404751647,sanjiaohu,"{""type"":""MultiPoint"",""coordinates"":[]}"
244,2005-05-01T00:00:00,2.0296988175764494,sanjiaohu,"{""type"":""MultiPoint"",""coordinates"":[]}"
245,2005-06-01T00:00:00,1.42342724609375,sanjiaohu,"{""type"":""MultiPoint"",""coordinates"":[]}"
246,2005-07-01T00:00:00,1.5542218679187252,sanjiaohu,"{""type"":""MultiPoint"",""coordinates"":[]}"
247,2005-08-01T00:00:00,1.5070186362637388,sanjiaohu,"{""type"":""MultiPoint"",""coordinates"":[]}"
248,2005-09-01T00:00:00,2.0268549405728207,sanjiaohu,"{""type"":""MultiPoint"",""coordinates"":[]}"
249,2005-10-01T00:00:00,0.8801805391235351,sanjiaohu,"{""type"":""MultiPoint"",""coordinates"":[]}"
250,2005-11-01T00:00:00,1.8167444893183693,sanjiaohu,"{""type"":""MultiPoint"",""coordinates"":[]}"
251,2005-12-01T00:00:00,0.0,sanjiaohu,"{""type"":""MultiPoint"",""coordinates"":[]}"
252,2006-01-01T00:00:00,1.9640569546305342,sanjiaohu,"{""type"":""MultiPoint"",""coordinates"":[]}"
253,2006-02-01T00:00:00,0.6878297697493011,sanjiaohu,"{""type"":""MultiPoint"",""coordinates"":[]}"
254,2006-03-01T00:00:00,2.294674647795793,sanjiaohu,"{""type"":""MultiPoint"",""coordinates"":[]}"
255,2006-04-01T00:00:00,2.042643134168438,sanjiaohu,"{""type"":""MultiPoint"",""coordinates"":[]}"
256,2006-05-01T00:00:00,1.6366940299316408,sanjiaohu,"{""type"":""MultiPoint"",""coordinates"":[]}"
257,2006-06-01T00:00:00,1.9873112120698817,sanjiaohu,"{""type"":""MultiPoint"",""coordinates"":[]}"
258,2006-07-01T00:00:00,1.5530069969424978,sanjiaohu,"{""type"":""MultiPoint"",""coordinates"":[]}"
259,2006-08-01T00:00:00,1.532152863458611,sanjiaohu,"{""type"":""MultiPoint"",""coordinates"":[]}"
260,2006-09-01T00:00:00,1.8530665228271483,sanjiaohu,"{""type"":""MultiPoint"",""coordinates"":[]}"
261,2006-10-01T00:00:00,2.0568477995548027,sanjiaohu,"{""type"":""MultiPoint"",""coordinates"":[]}"
262,2006-11-01T00:00:00,2.0829046585351083,sanjiaohu,"{""type"":""MultiPoint"",""coordinates"":[]}"
263,2006-12-01T00:00:00,0.0,sanjiaohu,"{""type"":""MultiPoint"",""coordinates"":[]}"
264,2007-01-01T00:00:00,2.0483176550336055,sanjiaohu,"{""type"":""MultiPoint"",""coordinates"":[]}"
265,2007-02-01T00:00:00,2.2714394104257627,sanjiaohu,"{""type"":""MultiPoint"",""coordinates"":[]}"
266,2007-03-01T00:00:00,2.1706846948665848,sanjiaohu,"{""type"":""MultiPoint"",""coordinates"":[]}"
267,2007-04-01T00:00:00,2.0331617386240044,sanjiaohu,"{""type"":""MultiPoint"",""coordinates"":[]}"
268,2007-05-01T00:00:00,1.461061629449822,sanjiaohu,"{""type"":""MultiPoint"",""coordinates"":[]}"
269,2007-06-01T00:00:00,1.2153397269840016,sanjiaohu,"{""type"":""MultiPoint"",""coordinates"":[]}"
270,2007-07-01T00:00:00,1.401784674621582,sanjiaohu,"{""type"":""MultiPoint"",""coordinates"":[]}"
271,2007-08-01T00:00:00,0.906450196105957,sanjiaohu,"{""type"":""MultiPoint"",""coordinates"":[]}"
272,2007-09-01T00:00:00,1.8281159830264821,sanjiaohu,"{""type"":""MultiPoint"",""coordinates"":[]}"
273,2007-10-01T00:00:00,1.811883258356072,sanjiaohu,"{""type"":""MultiPoint"",""coordinates"":[]}"
274,2007-11-01T00:00:00,1.691576337273093,sanjiaohu,"{""type"":""MultiPoint"",""coordinates"":[]}"
275,2007-12-01T00:00:00,0.0,sanjiaohu,"{""type"":""MultiPoint"",""coordinates"":[]}"
276,2008-01-01T00:00:00,0.0,sanjiaohu,"{""type"":""MultiPoint"",""coordinates"":[]}"
277,2008-02-01T00:00:00,2.184303647182809,sanjiaohu,"{""type"":""MultiPoint"",""coordinates"":[]}"
278,2008-03-01T00:00:00,2.1763573672396794,sanjiaohu,"{""type"":""MultiPoint"",""coordinates"":[]}"
279,2008-04-01T00:00:00,1.8652047534122242,sanjiaohu,"{""type"":""MultiPoint"",""coordinates"":[]}"
280,2008-05-01T00:00:00,1.426496175048828,sanjiaohu,"{""type"":""MultiPoint"",""coordinates"":[]}"
281,2008-06-01T00:00:00,0.0,sanjiaohu,"{""type"":""MultiPoint"",""coordinates"":[]}"
282,2008-07-01T00:00:00,1.3451372855777517,sanjiaohu,"{""type"":""MultiPoint"",""coordinates"":[]}"
283,2008-08-01T00:00:00,1.1645427333984375,sanjiaohu,"{""type"":""MultiPoint"",""coordinates"":[]}"
284,2008-09-01T00:00:00,0.7209873421020507,sanjiaohu,"{""type"":""MultiPoint"",""coordinates"":[]}"
285,2008-10-01T00:00:00,1.9852156720114316,sanjiaohu,"{""type"":""MultiPoint"",""coordinates"":[]}"
286,2008-11-01T00:00:00,2.102579195103545,sanjiaohu,"{""type"":""MultiPoint"",""coordinates"":[]}"
287,2008-12-01T00:00:00,0.0,sanjiaohu,"{""type"":""MultiPoint"",""coordinates"":[]}"
288,2009-01-01T00:00:00,2.195658177053175,sanjiaohu,"{""type"":""MultiPoint"",""coordinates"":[]}"
289,2009-02-01T00:00:00,1.8130228964544557,sanjiaohu,"{""type"":""MultiPoint"",""coordinates"":[]}"
290,2009-03-01T00:00:00,2.1570484329585056,sanjiaohu,"{""type"":""MultiPoint"",""coordinates"":[]}"
291,2009-04-01T00:00:00,1.3215469034122242,sanjiaohu,"{""type"":""MultiPoint"",""coordinates"":[]}"
292,2009-05-01T00:00:00,1.6735692105655446,sanjiaohu,"{""type"":""MultiPoint"",""coordinates"":[]}"
293,2009-06-01T00:00:00,0.22718833953857423,sanjiaohu,"{""type"":""MultiPoint"",""coordinates"":[]}"
294,2009-07-01T00:00:00,1.815751783746697,sanjiaohu,"{""type"":""MultiPoint"",""coordinates"":[]}"
295,2009-08-01T00:00:00,0.2921078960571289,sanjiaohu,"{""type"":""MultiPoint"",""coordinates"":[]}"
296,2009-09-01T00:00:00,1.7539335213565603,sanjiaohu,"{""type"":""MultiPoint"",""coordinates"":[]}"
297,2009-10-01T00:00:00,0.754737968927361,sanjiaohu,"{""type"":""MultiPoint"",""coordinates"":[]}"
298,2009-11-01T00:00:00,2.1886060286913103,sanjiaohu,"{""type"":""MultiPoint"",""coordinates"":[]}"
299,2009-12-01T00:00:00,0.0,sanjiaohu,"{""type"":""MultiPoint"",""coordinates"":[]}"
300,2010-01-01T00:00:00,1.8065131634669884,sanjiaohu,"{""type"":""MultiPoint"",""coordinates"":[]}"
301,2010-02-01T00:00:00,1.8026653921276614,sanjiaohu,"{""type"":""MultiPoint"",""coordinates"":[]}"
302,2010-03-01T00:00:00,1.6085932125229778,sanjiaohu,"{""type"":""MultiPoint"",""coordinates"":[]}"
303,2010-04-01T00:00:00,0.0,sanjiaohu,"{""type"":""MultiPoint"",""coordinates"":[]}"
304,2010-05-01T00:00:00,0.040957271911621095,sanjiaohu,"{""type"":""MultiPoint"",""coordinates"":[]}"
305,2010-06-01T00:00:00,0.7542169971313477,sanjiaohu,"{""type"":""MultiPoint"",""coordinates"":[]}"
306,2010-07-01T00:00:00,1.6770212455681295,sanjiaohu,"{""type"":""MultiPoint"",""coordinates"":[]}"
307,2010-08-01T00:00:00,0.08422774060058594,sanjiaohu,"{""type"":""MultiPoint"",""coordinates"":[]}"
308,2010-09-01T00:00:00,1.7701640294132008,sanjiaohu,"{""type"":""MultiPoint"",""coordinates"":[]}"
309,2010-10-01T00:00:00,1.8035293892355526,sanjiaohu,"{""type"":""MultiPoint"",""coordinates"":[]}"
310,2010-11-01T00:00:00,1.8273527683842679,sanjiaohu,"{""type"":""MultiPoint"",""coordinates"":[]}"
311,2010-12-01T00:00:00,0.0,sanjiaohu,"{""type"":""MultiPoint"",""coordinates"":[]}"
312,2011-01-01T00:00:00,2.3236759327430883,sanjiaohu,"{""type"":""MultiPoint"",""coordinates"":[]}"
313,2011-02-01T00:00:00,2.343140742048197,sanjiaohu,"{""type"":""MultiPoint"",""coordinates"":[]}"
314,2011-03-01T00:00:00,2.2535382114580944,sanjiaohu,"{""type"":""MultiPoint"",""coordinates"":[]}"
315,2011-04-01T00:00:00,0.0,sanjiaohu,"{""type"":""MultiPoint"",""coordinates"":[]}"
316,2011-05-01T00:00:00,0.0,sanjiaohu,"{""type"":""MultiPoint"",""coordinates"":[]}"
317,2011-06-01T00:00:00,0.3946587520694508,sanjiaohu,"{""type"":""MultiPoint"",""coordinates"":[]}"
318,2011-07-01T00:00:00,0.12055264611816406,sanjiaohu,"{""type"":""MultiPoint"",""coordinates"":[]}"
319,2011-08-01T00:00:00,1.5220992230167165,sanjiaohu,"{""type"":""MultiPoint"",""coordinates"":[]}"
320,2011-09-01T00:00:00,1.2284697002506033,sanjiaohu,"{""type"":""MultiPoint"",""coordinates"":[]}"
321,2011-10-01T00:00:00,1.5143801906680838,sanjiaohu,"{""type"":""MultiPoint"",""coordinates"":[]}"
322,2011-11-01T00:00:00,1.7674246082892922,sanjiaohu,"{""type"":""MultiPoint"",""coordinates"":[]}"
323,2011-12-01T00:00:00,0.0,sanjiaohu,"{""type"":""MultiPoint"",""coordinates"":[]}"
324,2012-01-01T00:00:00,2.2249254308852255,sanjiaohu,"{""type"":""MultiPoint"",""coordinates"":[]}"
325,2012-02-01T00:00:00,1.8222338642286113,sanjiaohu,"{""type"":""MultiPoint"",""coordinates"":[]}"
326,2012-03-01T00:00:00,1.8653598377697513,sanjiaohu,"{""type"":""MultiPoint"",""coordinates"":[]}"
327,2012-04-01T00:00:00,0.0,sanjiaohu,"{""type"":""MultiPoint"",""coordinates"":[]}"
328,2012-05-01T00:00:00,1.3945968862857596,sanjiaohu,"{""type"":""MultiPoint"",""coordinates"":[]}"
329,2012-06-01T00:00:00,0.37478341876220705,sanjiaohu,"{""type"":""MultiPoint"",""coordinates"":[]}"
330,2012-07-01T00:00:00,1.4023227752628102,sanjiaohu,"{""type"":""MultiPoint"",""coordinates"":[]}"
331,2012-08-01T00:00:00,0.0,sanjiaohu,"{""type"":""MultiPoint"",""coordinates"":[]}"
332,2012-09-01T00:00:00,0.7032001491699219,sanjiaohu,"{""type"":""MultiPoint"",""coordinates"":[]}"
333,2012-10-01T00:00:00,0.0,sanjiaohu,"{""type"":""MultiPoint"",""coordinates"":[]}"
334,2012-11-01T00:00:00,0.0,sanjiaohu,"{""type"":""MultiPoint"",""coordinates"":[]}"
335,2012-12-01T00:00:00,0.0,sanjiaohu,"{""type"":""MultiPoint"",""coordinates"":[]}"
336,2013-01-01T00:00:00,2.2909327673957383,sanjiaohu,"{""type"":""MultiPoint"",""coordinates"":[]}"
337,2013-02-01T00:00:00,0.0,sanjiaohu,"{""type"":""MultiPoint"",""coordinates"":[]}"
338,2013-03-01T00:00:00,0.0,sanjiaohu,"{""type"":""MultiPoint"",""coordinates"":[]}"
339,2013-04-01T00:00:00,1.8368330821533203,sanjiaohu,"{""type"":""MultiPoint"",""coordinates"":[]}"
340,2013-05-01T00:00:00,2.0003642729753084,sanjiaohu,"{""type"":""MultiPoint"",""coordinates"":[]}"
341,2013-06-01T00:00:00,1.840980346999464,sanjiaohu,"{""type"":""MultiPoint"",""coordinates"":[]}"
342,2013-07-01T00:00:00,2.011942237104588,sanjiaohu,"{""type"":""MultiPoint"",""coordinates"":[]}"
343,2013-08-01T00:00:00,2.035911619500613,sanjiaohu,"{""type"":""MultiPoint"",""coordinates"":[]}"
344,2013-09-01T00:00:00,2.011168042036229,sanjiaohu,"{""type"":""MultiPoint"",""coordinates"":[]}"
345,2013-10-01T00:00:00,2.105586532429056,sanjiaohu,"{""type"":""MultiPoint"",""coordinates"":[]}"
346,2013-11-01T00:00:00,2.1548250426602245,sanjiaohu,"{""type"":""MultiPoint"",""coordinates"":[]}"
347,2013-12-01T00:00:00,0.0,sanjiaohu,"{""type"":""MultiPoint"",""coordinates"":[]}"
348,2014-01-01T00:00:00,2.2547620696736663,sanjiaohu,"{""type"":""MultiPoint"",""coordinates"":[]}"
349,2014-02-01T00:00:00,0.0,sanjiaohu,"{""type"":""MultiPoint"",""coordinates"":[]}"
350,2014-03-01T00:00:00,0.0,sanjiaohu,"{""type"":""MultiPoint"",""coordinates"":[]}"
351,2014-04-01T00:00:00,1.966077764237228,sanjiaohu,"{""type"":""MultiPoint"",""coordinates"":[]}"
352,2014-05-01T00:00:00,1.9882647145488666,sanjiaohu,"{""type"":""MultiPoint"",""coordinates"":[]}"
353,2014-06-01T00:00:00,0.0,sanjiaohu,"{""type"":""MultiPoint"",""coordinates"":[]}"
354,2014-07-01T00:00:00,1.2276844132632985,sanjiaohu,"{""type"":""MultiPoint"",""coordinates"":[]}"
355,2014-08-01T00:00:00,1.3894504548662971,sanjiaohu,"{""type"":""MultiPoint"",""coordinates"":[]}"
356,2014-09-01T00:00:00,1.8761082344166475,sanjiaohu,"{""type"":""MultiPoint"",""coordinates"":[]}"
357,2014-10-01T00:00:00,2.0056173753820086,sanjiaohu,"{""type"":""MultiPoint"",""coordinates"":[]}"
358,2014-11-01T00:00:00,0.0,sanjiaohu,"{""type"":""MultiPoint"",""coordinates"":[]}"
359,2014-12-01T00:00:00,0.0,sanjiaohu,"{""type"":""MultiPoint"",""coordinates"":[]}"
360,2015-01-01T00:00:00,0.0,sanjiaohu,"{""type"":""MultiPoint"",""coordinates"":[]}"
361,2015-02-01T00:00:00,0.0,sanjiaohu,"{""type"":""MultiPoint"",""coordinates"":[]}"
362,2015-03-01T00:00:00,2.1751728126795156,sanjiaohu,"{""type"":""MultiPoint"",""coordinates"":[]}"
363,2015-04-01T00:00:00,1.1818715105236577,sanjiaohu,"{""type"":""MultiPoint"",""coordinates"":[]}"
364,2015-05-01T00:00:00,0.0,sanjiaohu,"{""type"":""MultiPoint"",""coordinates"":[]}"
365,2015-06-01T00:00:00,0.6521943072509766,sanjiaohu,"{""type"":""MultiPoint"",""coordinates"":[]}"
366,2015-07-01T00:00:00,1.815458292863195,sanjiaohu,"{""type"":""MultiPoint"",""coordinates"":[]}"
367,2015-08-01T00:00:00,1.9937546584037036,sanjiaohu,"{""type"":""MultiPoint"",""coordinates"":[]}"
368,2015-09-01T00:00:00,1.7272405901798025,sanjiaohu,"{""type"":""MultiPoint"",""coordinates"":[]}"
369,2015-10-01T00:00:00,2.0131711742319145,sanjiaohu,"{""type"":""MultiPoint"",""coordinates"":[]}"
370,2015-11-01T00:00:00,2.1787846843390977,sanjiaohu,"{""type"":""MultiPoint"",""coordinates"":[]}"
371,2015-12-01T00:00:00,0.0,sanjiaohu,"{""type"":""MultiPoint"",""coordinates"":[]}"
372,2016-01-01T00:00:00,0.0,sanjiaohu,"{""type"":""MultiPoint"",""coordinates"":[]}"
373,2016-02-01T00:00:00,1.8357529557195924,sanjiaohu,"{""type"":""MultiPoint"",""coordinates"":[]}"
374,2016-03-01T00:00:00,2.1930201482713882,sanjiaohu,"{""type"":""MultiPoint"",""coordinates"":[]}"
375,2016-04-01T00:00:00,1.9343068214319568,sanjiaohu,"{""type"":""MultiPoint"",""coordinates"":[]}"
376,2016-05-01T00:00:00,1.3043985331420898,sanjiaohu,"{""type"":""MultiPoint"",""coordinates"":[]}"
377,2016-06-01T00:00:00,1.5957210581054688,sanjiaohu,"{""type"":""MultiPoint"",""coordinates"":[]}"
378,2016-07-01T00:00:00,2.166170147498755,sanjiaohu,"{""type"":""MultiPoint"",""coordinates"":[]}"
379,2016-08-01T00:00:00,1.8082057857232785,sanjiaohu,"{""type"":""MultiPoint"",""coordinates"":[]}"
380,2016-09-01T00:00:00,2.0851691783729702,sanjiaohu,"{""type"":""MultiPoint"",""coordinates"":[]}"
381,2016-10-01T00:00:00,0.0,sanjiaohu,"{""type"":""MultiPoint"",""coordinates"":[]}"
382,2016-11-01T00:00:00,2.1919044825398766,sanjiaohu,"{""type"":""MultiPoint"",""coordinates"":[]}"
383,2016-12-01T00:00:00,0.0,sanjiaohu,"{""type"":""MultiPoint"",""coordinates"":[]}"
384,2017-01-01T00:00:00,0.0,sanjiaohu,"{""type"":""MultiPoint"",""coordinates"":[]}"
385,2017-02-01T00:00:00,2.3026169278653015,sanjiaohu,"{""type"":""MultiPoint"",""coordinates"":[]}"
386,2017-03-01T00:00:00,0.008499818969726562,sanjiaohu,"{""type"":""MultiPoint"",""coordinates"":[]}"
387,2017-04-01T00:00:00,1.901794968881644,sanjiaohu,"{""type"":""MultiPoint"",""coordinates"":[]}"
388,2017-05-01T00:00:00,0.0,sanjiaohu,"{""type"":""MultiPoint"",""coordinates"":[]}"
389,2017-06-01T00:00:00,1.4960498586425781,sanjiaohu,"{""type"":""MultiPoint"",""coordinates"":[]}"
390,2017-07-01T00:00:00,1.9710730096378102,sanjiaohu,"{""type"":""MultiPoint"",""coordinates"":[]}"
391,2017-08-01T00:00:00,2.0382985427799003,sanjiaohu,"{""type"":""MultiPoint"",""coordinates"":[]}"
392,2017-09-01T00:00:00,1.160712729067335,sanjiaohu,"{""type"":""MultiPoint"",""coordinates"":[]}"
393,2017-10-01T00:00:00,2.138411922874301,sanjiaohu,"{""type"":""MultiPoint"",""coordinates"":[]}"
394,2017-11-01T00:00:00,2.145163230208573,sanjiaohu,"{""type"":""MultiPoint"",""coordinates"":[]}"
395,2017-12-01T00:00:00,0.0,sanjiaohu,"{""type"":""MultiPoint"",""coordinates"":[]}"
396,2018-01-01T00:00:00,0.0,sanjiaohu,"{""type"":""MultiPoint"",""coordinates"":[]}"
397,2018-02-01T00:00:00,2.2556964728192495,sanjiaohu,"{""type"":""MultiPoint"",""coordinates"":[]}"
398,2018-03-01T00:00:00,2.209209118186083,sanjiaohu,"{""type"":""MultiPoint"",""coordinates"":[]}"
399,2018-04-01T00:00:00,1.9788422923306335,sanjiaohu,"{""type"":""MultiPoint"",""coordinates"":[]}"
400,2018-05-01T00:00:00,1.248778289851888,sanjiaohu,"{""type"":""MultiPoint"",""coordinates"":[]}"
401,2018-06-01T00:00:00,2.008932619741163,sanjiaohu,"{""type"":""MultiPoint"",""coordinates"":[]}"
402,2018-07-01T00:00:00,1.9896168460635915,sanjiaohu,"{""type"":""MultiPoint"",""coordinates"":[]}"
403,2018-08-01T00:00:00,1.2673236126098633,sanjiaohu,"{""type"":""MultiPoint"",""coordinates"":[]}"
404,2018-09-01T00:00:00,1.9332031284122244,sanjiaohu,"{""type"":""MultiPoint"",""coordinates"":[]}"
405,2018-10-01T00:00:00,1.937067538446404,sanjiaohu,"{""type"":""MultiPoint"",""coordinates"":[]}"
406,2018-11-01T00:00:00,2.015600804919194,sanjiaohu,"{""type"":""MultiPoint"",""coordinates"":[]}"
407,2018-12-01T00:00:00,0.0,sanjiaohu,"{""type"":""MultiPoint"",""coordinates"":[]}"
408,2019-01-01T00:00:00,0.0,sanjiaohu,"{""type"":""MultiPoint"",""coordinates"":[]}"
409,2019-02-01T00:00:00,0.4195989380493164,sanjiaohu,"{""type"":""MultiPoint"",""coordinates"":[]}"
410,2019-03-01T00:00:00,2.262123578479004,sanjiaohu,"{""type"":""MultiPoint"",""coordinates"":[]}"
411,2019-04-01T00:00:00,2.0332618323845355,sanjiaohu,"{""type"":""MultiPoint"",""coordinates"":[]}"
412,2019-05-01T00:00:00,0.0,sanjiaohu,"{""type"":""MultiPoint"",""coordinates"":[]}"
413,2019-06-01T00:00:00,1.9679778429467296,sanjiaohu,"{""type"":""MultiPoint"",""coordinates"":[]}"
414,2019-07-01T00:00:00,1.6933233825073242,sanjiaohu,"{""type"":""MultiPoint"",""coordinates"":[]}"
415,2019-08-01T00:00:00,1.9162059688052908,sanjiaohu,"{""type"":""MultiPoint"",""coordinates"":[]}"
416,2019-09-01T00:00:00,1.4102734775390624,sanjiaohu,"{""type"":""MultiPoint"",""coordinates"":[]}"
417,2019-10-01T00:00:00,1.8829742269188976,sanjiaohu,"{""type"":""MultiPoint"",""coordinates"":[]}"
418,2019-11-01T00:00:00,1.874477247003533,sanjiaohu,"{""type"":""MultiPoint"",""coordinates"":[]}"
419,2019-12-01T00:00:00,0.0,sanjiaohu,"{""type"":""MultiPoint"",""coordinates"":[]}"
420,2020-01-01T00:00:00,0.0,sanjiaohu,"{""type"":""MultiPoint"",""coordinates"":[]}"
421,2020-02-01T00:00:00,2.2142902657982915,sanjiaohu,"{""type"":""MultiPoint"",""coordinates"":[]}"
422,2020-03-01T00:00:00,1.560098524463848,sanjiaohu,"{""type"":""MultiPoint"",""coordinates"":[]}"
423,2020-04-01T00:00:00,2.0860131347471946,sanjiaohu,"{""type"":""MultiPoint"",""coordinates"":[]}"
424,2020-05-01T00:00:00,1.1697192963199392,sanjiaohu,"{""type"":""MultiPoint"",""coordinates"":[]}"
425,2020-06-01T00:00:00,1.2781256780395507,sanjiaohu,"{""type"":""MultiPoint"",""coordinates"":[]}"
426,2020-07-01T00:00:00,0.023182516967773438,sanjiaohu,"{""type"":""MultiPoint"",""coordinates"":[]}"
427,2020-08-01T00:00:00,1.5692337170312023,sanjiaohu,"{""type"":""MultiPoint"",""coordinates"":[]}"
428,2020-09-01T00:00:00,0.02086489031982422,sanjiaohu,"{""type"":""MultiPoint"",""coordinates"":[]}"
429,2020-10-01T00:00:00,1.4873314745425954,sanjiaohu,"{""type"":""MultiPoint"",""coordinates"":[]}"
430,2020-11-01T00:00:00,0.0,sanjiaohu,"{""type"":""MultiPoint"",""coordinates"":[]}"
431,2020-12-01T00:00:00,0.0,sanjiaohu,"{""type"":""MultiPoint"",""coordinates"":[]}"
