system:index,Date,area_km2,lake,.geo
0,1985-01-01T00:00:00,0.0,huangjiahu,"{""type"":""MultiPoint"",""coordinates"":[]}"
1,1985-02-01T00:00:00,0.0,huangjiahu,"{""type"":""MultiPoint"",""coordinates"":[]}"
2,1985-03-01T00:00:00,0.0,huangjiahu,"{""type"":""MultiPoint"",""coordinates"":[]}"
3,1985-04-01T00:00:00,0.0,huangjiahu,"{""type"":""MultiPoint"",""coordinates"":[]}"
4,1985-05-01T00:00:00,0.0,huangjiahu,"{""type"":""MultiPoint"",""coordinates"":[]}"
5,1985-06-01T00:00:00,0.0,huangjiahu,"{""type"":""MultiPoint"",""coordinates"":[]}"
6,1985-07-01T00:00:00,0.0,huangjiahu,"{""type"":""MultiPoint"",""coordinates"":[]}"
7,1985-08-01T00:00:00,0.0,huangjiahu,"{""type"":""MultiPoint"",""coordinates"":[]}"
8,1985-09-01T00:00:00,0.0,huangjiahu,"{""type"":""MultiPoint"",""coordinates"":[]}"
9,1985-10-01T00:00:00,0.0,huangjiahu,"{""type"":""MultiPoint"",""coordinates"":[]}"
10,1985-11-01T00:00:00,0.0,huangjiahu,"{""type"":""MultiPoint"",""coordinates"":[]}"
11,1985-12-01T00:00:00,0.0,huangjiahu,"{""type"":""MultiPoint"",""coordinates"":[]}"
12,1986-01-01T00:00:00,0.0,huangjiahu,"{""type"":""MultiPoint"",""coordinates"":[]}"
13,1986-02-01T00:00:00,0.0,huangjiahu,"{""type"":""MultiPoint"",""coordinates"":[]}"
14,1986-03-01T00:00:00,0.0,huangjiahu,"{""type"":""MultiPoint"",""coordinates"":[]}"
15,1986-04-01T00:00:00,0.0,huangjiahu,"{""type"":""MultiPoint"",""coordinates"":[]}"
16,1986-05-01T00:00:00,0.0,huangjiahu,"{""type"":""MultiPoint"",""coordinates"":[]}"
17,1986-06-01T00:00:00,0.0,huangjiahu,"{""type"":""MultiPoint"",""coordinates"":[]}"
18,1986-07-01T00:00:00,0.0,huangjiahu,"{""type"":""MultiPoint"",""coordinates"":[]}"
19,1986-08-01T00:00:00,0.0,huangjiahu,"{""type"":""MultiPoint"",""coordinates"":[]}"
20,1986-09-01T00:00:00,0.0,huangjiahu,"{""type"":""MultiPoint"",""coordinates"":[]}"
21,1986-10-01T00:00:00,0.0,huangjiahu,"{""type"":""MultiPoint"",""coordinates"":[]}"
22,1986-11-01T00:00:00,0.0,huangjiahu,"{""type"":""MultiPoint"",""coordinates"":[]}"
23,1986-12-01T00:00:00,0.0,huangjiahu,"{""type"":""MultiPoint"",""coordinates"":[]}"
24,1987-01-01T00:00:00,0.0,huangjiahu,"{""type"":""MultiPoint"",""coordinates"":[]}"
25,1987-02-01T00:00:00,0.0,huangjiahu,"{""type"":""MultiPoint"",""coordinates"":[]}"
26,1987-03-01T00:00:00,0.0,huangjiahu,"{""type"":""MultiPoint"",""coordinates"":[]}"
27,1987-04-01T00:00:00,0.0,huangjiahu,"{""type"":""MultiPoint"",""coordinates"":[]}"
28,1987-05-01T00:00:00,0.0,huangjiahu,"{""type"":""MultiPoint"",""coordinates"":[]}"
29,1987-06-01T00:00:00,0.0,huangjiahu,"{""type"":""MultiPoint"",""coordinates"":[]}"
30,1987-07-01T00:00:00,0.0,huangjiahu,"{""type"":""MultiPoint"",""coordinates"":[]}"
31,1987-08-01T00:00:00,0.0,huangjiahu,"{""type"":""MultiPoint"",""coordinates"":[]}"
32,1987-09-01T00:00:00,5.321263225780053,huangjiahu,"{""type"":""MultiPoint"",""coordinates"":[]}"
33,1987-10-01T00:00:00,0.0,huangjiahu,"{""type"":""MultiPoint"",""coordinates"":[]}"
34,1987-11-01T00:00:00,0.0,huangjiahu,"{""type"":""MultiPoint"",""coordinates"":[]}"
35,1987-12-01T00:00:00,0.0,huangjiahu,"{""type"":""MultiPoint"",""coordinates"":[]}"
36,1988-01-01T00:00:00,0.0,huangjiahu,"{""type"":""MultiPoint"",""coordinates"":[]}"
37,1988-02-01T00:00:00,0.0,huangjiahu,"{""type"":""MultiPoint"",""coordinates"":[]}"
38,1988-03-01T00:00:00,0.0,huangjiahu,"{""type"":""MultiPoint"",""coordinates"":[]}"
39,1988-04-01T00:00:00,0.0,huangjiahu,"{""type"":""MultiPoint"",""coordinates"":[]}"
40,1988-05-01T00:00:00,0.0,huangjiahu,"{""type"":""MultiPoint"",""coordinates"":[]}"
41,1988-06-01T00:00:00,0.0,huangjiahu,"{""type"":""MultiPoint"",""coordinates"":[]}"
42,1988-07-01T00:00:00,0.0,huangjiahu,"{""type"":""MultiPoint"",""coordinates"":[]}"
43,1988-08-01T00:00:00,0.0,huangjiahu,"{""type"":""MultiPoint"",""coordinates"":[]}"
44,1988-09-01T00:00:00,0.0,huangjiahu,"{""type"":""MultiPoint"",""coordinates"":[]}"
45,1988-10-01T00:00:00,0.0,huangjiahu,"{""type"":""MultiPoint"",""coordinates"":[]}"
46,1988-11-01T00:00:00,0.0,huangjiahu,"{""type"":""MultiPoint"",""coordinates"":[]}"
47,1988-12-01T00:00:00,0.0,huangjiahu,"{""type"":""MultiPoint"",""coordinates"":[]}"
48,1989-01-01T00:00:00,0.0,huangjiahu,"{""type"":""MultiPoint"",""coordinates"":[]}"
49,1989-02-01T00:00:00,0.0,huangjiahu,"{""type"":""MultiPoint"",""coordinates"":[]}"
50,1989-03-01T00:00:00,0.0,huangjiahu,"{""type"":""MultiPoint"",""coordinates"":[]}"
51,1989-04-01T00:00:00,0.0,huangjiahu,"{""type"":""MultiPoint"",""coordinates"":[]}"
52,1989-05-01T00:00:00,0.0,huangjiahu,"{""type"":""MultiPoint"",""coordinates"":[]}"
53,1989-06-01T00:00:00,0.0,huangjiahu,"{""type"":""MultiPoint"",""coordinates"":[]}"
54,1989-07-01T00:00:00,0.0,huangjiahu,"{""type"":""MultiPoint"",""coordinates"":[]}"
55,1989-08-01T00:00:00,0.0,huangjiahu,"{""type"":""MultiPoint"",""coordinates"":[]}"
56,1989-09-01T00:00:00,0.0,huangjiahu,"{""type"":""MultiPoint"",""coordinates"":[]}"
57,1989-10-01T00:00:00,0.0,huangjiahu,"{""type"":""MultiPoint"",""coordinates"":[]}"
58,1989-11-01T00:00:00,0.0,huangjiahu,"{""type"":""MultiPoint"",""coordinates"":[]}"
59,1989-12-01T00:00:00,0.0,huangjiahu,"{""type"":""MultiPoint"",""coordinates"":[]}"
60,1990-01-01T00:00:00,0.0,huangjiahu,"{""type"":""MultiPoint"",""coordinates"":[]}"
61,1990-02-01T00:00:00,0.0,huangjiahu,"{""type"":""MultiPoint"",""coordinates"":[]}"
62,1990-03-01T00:00:00,0.0,huangjiahu,"{""type"":""MultiPoint"",""coordinates"":[]}"
63,1990-04-01T00:00:00,0.0,huangjiahu,"{""type"":""MultiPoint"",""coordinates"":[]}"
64,1990-05-01T00:00:00,0.0,huangjiahu,"{""type"":""MultiPoint"",""coordinates"":[]}"
65,1990-06-01T00:00:00,0.0,huangjiahu,"{""type"":""MultiPoint"",""coordinates"":[]}"
66,1990-07-01T00:00:00,0.0,huangjiahu,"{""type"":""MultiPoint"",""coordinates"":[]}"
67,1990-08-01T00:00:00,0.0,huangjiahu,"{""type"":""MultiPoint"",""coordinates"":[]}"
68,1990-09-01T00:00:00,5.642960947308705,huangjiahu,"{""type"":""MultiPoint"",""coordinates"":[]}"
69,1990-10-01T00:00:00,0.0,huangjiahu,"{""type"":""MultiPoint"",""coordinates"":[]}"
70,1990-11-01T00:00:00,0.0,huangjiahu,"{""type"":""MultiPoint"",""coordinates"":[]}"
71,1990-12-01T00:00:00,0.0,huangjiahu,"{""type"":""MultiPoint"",""coordinates"":[]}"
72,1991-01-01T00:00:00,0.0,huangjiahu,"{""type"":""MultiPoint"",""coordinates"":[]}"
73,1991-02-01T00:00:00,0.0,huangjiahu,"{""type"":""MultiPoint"",""coordinates"":[]}"
74,1991-03-01T00:00:00,0.0,huangjiahu,"{""type"":""MultiPoint"",""coordinates"":[]}"
75,1991-04-01T00:00:00,0.0,huangjiahu,"{""type"":""MultiPoint"",""coordinates"":[]}"
76,1991-05-01T00:00:00,0.0,huangjiahu,"{""type"":""MultiPoint"",""coordinates"":[]}"
77,1991-06-01T00:00:00,0.05258359246826172,huangjiahu,"{""type"":""MultiPoint"",""coordinates"":[]}"
78,1991-07-01T00:00:00,6.3678835742343045,huangjiahu,"{""type"":""MultiPoint"",""coordinates"":[]}"
79,1991-08-01T00:00:00,0.0,huangjiahu,"{""type"":""MultiPoint"",""coordinates"":[]}"
80,1991-09-01T00:00:00,0.0,huangjiahu,"{""type"":""MultiPoint"",""coordinates"":[]}"
81,1991-10-01T00:00:00,0.0,huangjiahu,"{""type"":""MultiPoint"",""coordinates"":[]}"
82,1991-11-01T00:00:00,0.0,huangjiahu,"{""type"":""MultiPoint"",""coordinates"":[]}"
83,1991-12-01T00:00:00,0.0,huangjiahu,"{""type"":""MultiPoint"",""coordinates"":[]}"
84,1992-01-01T00:00:00,6.986341477775781,huangjiahu,"{""type"":""MultiPoint"",""coordinates"":[]}"
85,1992-02-01T00:00:00,0.4696249849037319,huangjiahu,"{""type"":""MultiPoint"",""coordinates"":[]}"
86,1992-03-01T00:00:00,0.0,huangjiahu,"{""type"":""MultiPoint"",""coordinates"":[]}"
87,1992-04-01T00:00:00,0.0,huangjiahu,"{""type"":""MultiPoint"",""coordinates"":[]}"
88,1992-05-01T00:00:00,0.0,huangjiahu,"{""type"":""MultiPoint"",""coordinates"":[]}"
89,1992-06-01T00:00:00,0.0,huangjiahu,"{""type"":""MultiPoint"",""coordinates"":[]}"
90,1992-07-01T00:00:00,0.0,huangjiahu,"{""type"":""MultiPoint"",""coordinates"":[]}"
91,1992-08-01T00:00:00,0.0,huangjiahu,"{""type"":""MultiPoint"",""coordinates"":[]}"
92,1992-09-01T00:00:00,0.0,huangjiahu,"{""type"":""MultiPoint"",""coordinates"":[]}"
93,1992-10-01T00:00:00,0.0,huangjiahu,"{""type"":""MultiPoint"",""coordinates"":[]}"
94,1992-11-01T00:00:00,0.0,huangjiahu,"{""type"":""MultiPoint"",""coordinates"":[]}"
95,1992-12-01T00:00:00,0.0,huangjiahu,"{""type"":""MultiPoint"",""coordinates"":[]}"
96,1993-01-01T00:00:00,0.0,huangjiahu,"{""type"":""MultiPoint"",""coordinates"":[]}"
97,1993-02-01T00:00:00,0.0,huangjiahu,"{""type"":""MultiPoint"",""coordinates"":[]}"
98,1993-03-01T00:00:00,0.0,huangjiahu,"{""type"":""MultiPoint"",""coordinates"":[]}"
99,1993-04-01T00:00:00,0.0,huangjiahu,"{""type"":""MultiPoint"",""coordinates"":[]}"
100,1993-05-01T00:00:00,0.0,huangjiahu,"{""type"":""MultiPoint"",""coordinates"":[]}"
101,1993-06-01T00:00:00,0.0,huangjiahu,"{""type"":""MultiPoint"",""coordinates"":[]}"
102,1993-07-01T00:00:00,0.0,huangjiahu,"{""type"":""MultiPoint"",""coordinates"":[]}"
103,1993-08-01T00:00:00,0.0,huangjiahu,"{""type"":""MultiPoint"",""coordinates"":[]}"
104,1993-09-01T00:00:00,0.0,huangjiahu,"{""type"":""MultiPoint"",""coordinates"":[]}"
105,1993-10-01T00:00:00,6.193430268901986,huangjiahu,"{""type"":""MultiPoint"",""coordinates"":[]}"
106,1993-11-01T00:00:00,0.0,huangjiahu,"{""type"":""MultiPoint"",""coordinates"":[]}"
107,1993-12-01T00:00:00,0.0,huangjiahu,"{""type"":""MultiPoint"",""coordinates"":[]}"
108,1994-01-01T00:00:00,0.0,huangjiahu,"{""type"":""MultiPoint"",""coordinates"":[]}"
109,1994-02-01T00:00:00,0.0,huangjiahu,"{""type"":""MultiPoint"",""coordinates"":[]}"
110,1994-03-01T00:00:00,0.0,huangjiahu,"{""type"":""MultiPoint"",""coordinates"":[]}"
111,1994-04-01T00:00:00,0.0,huangjiahu,"{""type"":""MultiPoint"",""coordinates"":[]}"
112,1994-05-01T00:00:00,0.0,huangjiahu,"{""type"":""MultiPoint"",""coordinates"":[]}"
113,1994-06-01T00:00:00,0.0,huangjiahu,"{""type"":""MultiPoint"",""coordinates"":[]}"
114,1994-07-01T00:00:00,0.0,huangjiahu,"{""type"":""MultiPoint"",""coordinates"":[]}"
115,1994-08-01T00:00:00,4.902278374098834,huangjiahu,"{""type"":""MultiPoint"",""coordinates"":[]}"
116,1994-09-01T00:00:00,5.486749807846008,huangjiahu,"{""type"":""MultiPoint"",""coordinates"":[]}"
117,1994-10-01T00:00:00,0.0,huangjiahu,"{""type"":""MultiPoint"",""coordinates"":[]}"
118,1994-11-01T00:00:00,0.0,huangjiahu,"{""type"":""MultiPoint"",""coordinates"":[]}"
119,1994-12-01T00:00:00,0.0,huangjiahu,"{""type"":""MultiPoint"",""coordinates"":[]}"
120,1995-01-01T00:00:00,0.0,huangjiahu,"{""type"":""MultiPoint"",""coordinates"":[]}"
121,1995-02-01T00:00:00,0.0,huangjiahu,"{""type"":""MultiPoint"",""coordinates"":[]}"
122,1995-03-01T00:00:00,0.0,huangjiahu,"{""type"":""MultiPoint"",""coordinates"":[]}"
123,1995-04-01T00:00:00,0.5208494304905312,huangjiahu,"{""type"":""MultiPoint"",""coordinates"":[]}"
124,1995-05-01T00:00:00,0.0,huangjiahu,"{""type"":""MultiPoint"",""coordinates"":[]}"
125,1995-06-01T00:00:00,0.0,huangjiahu,"{""type"":""MultiPoint"",""coordinates"":[]}"
126,1995-07-01T00:00:00,0.0,huangjiahu,"{""type"":""MultiPoint"",""coordinates"":[]}"
127,1995-08-01T00:00:00,0.0,huangjiahu,"{""type"":""MultiPoint"",""coordinates"":[]}"
128,1995-09-01T00:00:00,0.0,huangjiahu,"{""type"":""MultiPoint"",""coordinates"":[]}"
129,1995-10-01T00:00:00,6.203999889081405,huangjiahu,"{""type"":""MultiPoint"",""coordinates"":[]}"
130,1995-11-01T00:00:00,0.0,huangjiahu,"{""type"":""MultiPoint"",""coordinates"":[]}"
131,1995-12-01T00:00:00,0.0,huangjiahu,"{""type"":""MultiPoint"",""coordinates"":[]}"
132,1996-01-01T00:00:00,0.0,huangjiahu,"{""type"":""MultiPoint"",""coordinates"":[]}"
133,1996-02-01T00:00:00,6.885399110561475,huangjiahu,"{""type"":""MultiPoint"",""coordinates"":[]}"
134,1996-03-01T00:00:00,0.0,huangjiahu,"{""type"":""MultiPoint"",""coordinates"":[]}"
135,1996-04-01T00:00:00,0.0,huangjiahu,"{""type"":""MultiPoint"",""coordinates"":[]}"
136,1996-05-01T00:00:00,0.0,huangjiahu,"{""type"":""MultiPoint"",""coordinates"":[]}"
137,1996-06-01T00:00:00,5.311782396029364,huangjiahu,"{""type"":""MultiPoint"",""coordinates"":[]}"
138,1996-07-01T00:00:00,0.0,huangjiahu,"{""type"":""MultiPoint"",""coordinates"":[]}"
139,1996-08-01T00:00:00,5.798012093883558,huangjiahu,"{""type"":""MultiPoint"",""coordinates"":[]}"
140,1996-09-01T00:00:00,6.023052307017845,huangjiahu,"{""type"":""MultiPoint"",""coordinates"":[]}"
141,1996-10-01T00:00:00,6.2651972303306405,huangjiahu,"{""type"":""MultiPoint"",""coordinates"":[]}"
142,1996-11-01T00:00:00,0.0,huangjiahu,"{""type"":""MultiPoint"",""coordinates"":[]}"
143,1996-12-01T00:00:00,0.0,huangjiahu,"{""type"":""MultiPoint"",""coordinates"":[]}"
144,1997-01-01T00:00:00,0.0,huangjiahu,"{""type"":""MultiPoint"",""coordinates"":[]}"
145,1997-02-01T00:00:00,0.0,huangjiahu,"{""type"":""MultiPoint"",""coordinates"":[]}"
146,1997-03-01T00:00:00,0.0,huangjiahu,"{""type"":""MultiPoint"",""coordinates"":[]}"
147,1997-04-01T00:00:00,0.0,huangjiahu,"{""type"":""MultiPoint"",""coordinates"":[]}"
148,1997-05-01T00:00:00,0.0,huangjiahu,"{""type"":""MultiPoint"",""coordinates"":[]}"
149,1997-06-01T00:00:00,0.0,huangjiahu,"{""type"":""MultiPoint"",""coordinates"":[]}"
150,1997-07-01T00:00:00,0.0,huangjiahu,"{""type"":""MultiPoint"",""coordinates"":[]}"
151,1997-08-01T00:00:00,0.0,huangjiahu,"{""type"":""MultiPoint"",""coordinates"":[]}"
152,1997-09-01T00:00:00,0.0,huangjiahu,"{""type"":""MultiPoint"",""coordinates"":[]}"
153,1997-10-01T00:00:00,0.0,huangjiahu,"{""type"":""MultiPoint"",""coordinates"":[]}"
154,1997-11-01T00:00:00,0.0,huangjiahu,"{""type"":""MultiPoint"",""coordinates"":[]}"
155,1997-12-01T00:00:00,0.0,huangjiahu,"{""type"":""MultiPoint"",""coordinates"":[]}"
156,1998-01-01T00:00:00,0.0,huangjiahu,"{""type"":""MultiPoint"",""coordinates"":[]}"
157,1998-02-01T00:00:00,0.0,huangjiahu,"{""type"":""MultiPoint"",""coordinates"":[]}"
158,1998-03-01T00:00:00,0.0,huangjiahu,"{""type"":""MultiPoint"",""coordinates"":[]}"
159,1998-04-01T00:00:00,0.0,huangjiahu,"{""type"":""MultiPoint"",""coordinates"":[]}"
160,1998-05-01T00:00:00,0.0,huangjiahu,"{""type"":""MultiPoint"",""coordinates"":[]}"
161,1998-06-01T00:00:00,0.0,huangjiahu,"{""type"":""MultiPoint"",""coordinates"":[]}"
162,1998-07-01T00:00:00,0.0,huangjiahu,"{""type"":""MultiPoint"",""coordinates"":[]}"
163,1998-08-01T00:00:00,0.0,huangjiahu,"{""type"":""MultiPoint"",""coordinates"":[]}"
164,1998-09-01T00:00:00,0.0,huangjiahu,"{""type"":""MultiPoint"",""coordinates"":[]}"
165,1998-10-01T00:00:00,0.0,huangjiahu,"{""type"":""MultiPoint"",""coordinates"":[]}"
166,1998-11-01T00:00:00,0.0,huangjiahu,"{""type"":""MultiPoint"",""coordinates"":[]}"
167,1998-12-01T00:00:00,0.0,huangjiahu,"{""type"":""MultiPoint"",""coordinates"":[]}"
168,1999-01-01T00:00:00,0.0,huangjiahu,"{""type"":""MultiPoint"",""coordinates"":[]}"
169,1999-02-01T00:00:00,0.0,huangjiahu,"{""type"":""MultiPoint"",""coordinates"":[]}"
170,1999-03-01T00:00:00,0.0,huangjiahu,"{""type"":""MultiPoint"",""coordinates"":[]}"
171,1999-04-01T00:00:00,0.0,huangjiahu,"{""type"":""MultiPoint"",""coordinates"":[]}"
172,1999-05-01T00:00:00,0.0,huangjiahu,"{""type"":""MultiPoint"",""coordinates"":[]}"
173,1999-06-01T00:00:00,0.0,huangjiahu,"{""type"":""MultiPoint"",""coordinates"":[]}"
174,1999-07-01T00:00:00,0.0,huangjiahu,"{""type"":""MultiPoint"",""coordinates"":[]}"
175,1999-08-01T00:00:00,0.0,huangjiahu,"{""type"":""MultiPoint"",""coordinates"":[]}"
176,1999-09-01T00:00:00,3.5653617819213865,huangjiahu,"{""type"":""MultiPoint"",""coordinates"":[]}"
177,1999-10-01T00:00:00,0.0,huangjiahu,"{""type"":""MultiPoint"",""coordinates"":[]}"
178,1999-11-01T00:00:00,1.523674448504758,huangjiahu,"{""type"":""MultiPoint"",""coordinates"":[]}"
179,1999-12-01T00:00:00,0.0,huangjiahu,"{""type"":""MultiPoint"",""coordinates"":[]}"
180,2000-01-01T00:00:00,0.0,huangjiahu,"{""type"":""MultiPoint"",""coordinates"":[]}"
181,2000-02-01T00:00:00,6.17650973279646,huangjiahu,"{""type"":""MultiPoint"",""coordinates"":[]}"
182,2000-03-01T00:00:00,0.0,huangjiahu,"{""type"":""MultiPoint"",""coordinates"":[]}"
183,2000-04-01T00:00:00,0.0,huangjiahu,"{""type"":""MultiPoint"",""coordinates"":[]}"
184,2000-05-01T00:00:00,0.0,huangjiahu,"{""type"":""MultiPoint"",""coordinates"":[]}"
185,2000-06-01T00:00:00,0.36501754071044923,huangjiahu,"{""type"":""MultiPoint"",""coordinates"":[]}"
186,2000-07-01T00:00:00,4.635035544928337,huangjiahu,"{""type"":""MultiPoint"",""coordinates"":[]}"
187,2000-08-01T00:00:00,4.757711432637054,huangjiahu,"{""type"":""MultiPoint"",""coordinates"":[]}"
188,2000-09-01T00:00:00,5.718688069635128,huangjiahu,"{""type"":""MultiPoint"",""coordinates"":[]}"
189,2000-10-01T00:00:00,6.294699615409582,huangjiahu,"{""type"":""MultiPoint"",""coordinates"":[]}"
190,2000-11-01T00:00:00,0.2792249999265184,huangjiahu,"{""type"":""MultiPoint"",""coordinates"":[]}"
191,2000-12-01T00:00:00,0.0,huangjiahu,"{""type"":""MultiPoint"",""coordinates"":[]}"
192,2001-01-01T00:00:00,6.525975690802838,huangjiahu,"{""type"":""MultiPoint"",""coordinates"":[]}"
193,2001-02-01T00:00:00,0.06679799699348,huangjiahu,"{""type"":""MultiPoint"",""coordinates"":[]}"
194,2001-03-01T00:00:00,4.984202070966413,huangjiahu,"{""type"":""MultiPoint"",""coordinates"":[]}"
195,2001-04-01T00:00:00,0.6754311735739315,huangjiahu,"{""type"":""MultiPoint"",""coordinates"":[]}"
196,2001-05-01T00:00:00,0.505213306371831,huangjiahu,"{""type"":""MultiPoint"",""coordinates"":[]}"
197,2001-06-01T00:00:00,3.632434116787301,huangjiahu,"{""type"":""MultiPoint"",""coordinates"":[]}"
198,2001-07-01T00:00:00,5.581579823711559,huangjiahu,"{""type"":""MultiPoint"",""coordinates"":[]}"
199,2001-08-01T00:00:00,1.1631425352783202,huangjiahu,"{""type"":""MultiPoint"",""coordinates"":[]}"
200,2001-09-01T00:00:00,5.438906479578834,huangjiahu,"{""type"":""MultiPoint"",""coordinates"":[]}"
201,2001-10-01T00:00:00,0.008508232299804687,huangjiahu,"{""type"":""MultiPoint"",""coordinates"":[]}"
202,2001-11-01T00:00:00,5.893666237083045,huangjiahu,"{""type"":""MultiPoint"",""coordinates"":[]}"
203,2001-12-01T00:00:00,0.0,huangjiahu,"{""type"":""MultiPoint"",""coordinates"":[]}"
204,2002-01-01T00:00:00,0.0695627392412971,huangjiahu,"{""type"":""MultiPoint"",""coordinates"":[]}"
205,2002-02-01T00:00:00,5.642824411482504,huangjiahu,"{""type"":""MultiPoint"",""coordinates"":[]}"
206,2002-03-01T00:00:00,4.365063143388338,huangjiahu,"{""type"":""MultiPoint"",""coordinates"":[]}"
207,2002-04-01T00:00:00,0.07340614076741536,huangjiahu,"{""type"":""MultiPoint"",""coordinates"":[]}"
208,2002-05-01T00:00:00,0.0,huangjiahu,"{""type"":""MultiPoint"",""coordinates"":[]}"
209,2002-06-01T00:00:00,1.6241191091918945,huangjiahu,"{""type"":""MultiPoint"",""coordinates"":[]}"
210,2002-07-01T00:00:00,5.908408475446873,huangjiahu,"{""type"":""MultiPoint"",""coordinates"":[]}"
211,2002-08-01T00:00:00,6.011000890538353,huangjiahu,"{""type"":""MultiPoint"",""coordinates"":[]}"
212,2002-09-01T00:00:00,5.776564032344564,huangjiahu,"{""type"":""MultiPoint"",""coordinates"":[]}"
213,2002-10-01T00:00:00,6.292962979575003,huangjiahu,"{""type"":""MultiPoint"",""coordinates"":[]}"
214,2002-11-01T00:00:00,0.0015467191772460937,huangjiahu,"{""type"":""MultiPoint"",""coordinates"":[]}"
215,2002-12-01T00:00:00,0.0,huangjiahu,"{""type"":""MultiPoint"",""coordinates"":[]}"
216,2003-01-01T00:00:00,6.783353177601531,huangjiahu,"{""type"":""MultiPoint"",""coordinates"":[]}"
217,2003-02-01T00:00:00,6.536605600048585,huangjiahu,"{""type"":""MultiPoint"",""coordinates"":[]}"
218,2003-03-01T00:00:00,5.761280648709407,huangjiahu,"{""type"":""MultiPoint"",""coordinates"":[]}"
219,2003-04-01T00:00:00,4.713331460111969,huangjiahu,"{""type"":""MultiPoint"",""coordinates"":[]}"
220,2003-05-01T00:00:00,5.086542222146187,huangjiahu,"{""type"":""MultiPoint"",""coordinates"":[]}"
221,2003-06-01T00:00:00,3.9350165947875975,huangjiahu,"{""type"":""MultiPoint"",""coordinates"":[]}"
222,2003-07-01T00:00:00,4.428759270823997,huangjiahu,"{""type"":""MultiPoint"",""coordinates"":[]}"
223,2003-08-01T00:00:00,2.133721359802246,huangjiahu,"{""type"":""MultiPoint"",""coordinates"":[]}"
224,2003-09-01T00:00:00,5.353255536087334,huangjiahu,"{""type"":""MultiPoint"",""coordinates"":[]}"
225,2003-10-01T00:00:00,6.176522529564233,huangjiahu,"{""type"":""MultiPoint"",""coordinates"":[]}"
226,2003-11-01T00:00:00,6.466330921557136,huangjiahu,"{""type"":""MultiPoint"",""coordinates"":[]}"
227,2003-12-01T00:00:00,0.0,huangjiahu,"{""type"":""MultiPoint"",""coordinates"":[]}"
228,2004-01-01T00:00:00,6.627649058983652,huangjiahu,"{""type"":""MultiPoint"",""coordinates"":[]}"
229,2004-02-01T00:00:00,6.137284296935073,huangjiahu,"{""type"":""MultiPoint"",""coordinates"":[]}"
230,2004-03-01T00:00:00,3.640030234514783,huangjiahu,"{""type"":""MultiPoint"",""coordinates"":[]}"
231,2004-04-01T00:00:00,0.29496904936475565,huangjiahu,"{""type"":""MultiPoint"",""coordinates"":[]}"
232,2004-05-01T00:00:00,0.3147620006713867,huangjiahu,"{""type"":""MultiPoint"",""coordinates"":[]}"
233,2004-06-01T00:00:00,0.0,huangjiahu,"{""type"":""MultiPoint"",""coordinates"":[]}"
234,2004-07-01T00:00:00,5.852334336687875,huangjiahu,"{""type"":""MultiPoint"",""coordinates"":[]}"
235,2004-08-01T00:00:00,2.6627406154785156,huangjiahu,"{""type"":""MultiPoint"",""coordinates"":[]}"
236,2004-09-01T00:00:00,5.923634766759537,huangjiahu,"{""type"":""MultiPoint"",""coordinates"":[]}"
237,2004-10-01T00:00:00,6.14157124206519,huangjiahu,"{""type"":""MultiPoint"",""coordinates"":[]}"
238,2004-11-01T00:00:00,6.339038408987965,huangjiahu,"{""type"":""MultiPoint"",""coordinates"":[]}"
239,2004-12-01T00:00:00,0.0,huangjiahu,"{""type"":""MultiPoint"",""coordinates"":[]}"
240,2005-01-01T00:00:00,6.5444475390376065,huangjiahu,"{""type"":""MultiPoint"",""coordinates"":[]}"
241,2005-02-01T00:00:00,5.057370300787471,huangjiahu,"{""type"":""MultiPoint"",""coordinates"":[]}"
242,2005-03-01T00:00:00,6.383907792349062,huangjiahu,"{""type"":""MultiPoint"",""coordinates"":[]}"
243,2005-04-01T00:00:00,0.12263705825841568,huangjiahu,"{""type"":""MultiPoint"",""coordinates"":[]}"
244,2005-05-01T00:00:00,2.848502538277181,huangjiahu,"{""type"":""MultiPoint"",""coordinates"":[]}"
245,2005-06-01T00:00:00,2.5807750862426757,huangjiahu,"{""type"":""MultiPoint"",""coordinates"":[]}"
246,2005-07-01T00:00:00,2.161606042236328,huangjiahu,"{""type"":""MultiPoint"",""coordinates"":[]}"
247,2005-08-01T00:00:00,2.2251394507446287,huangjiahu,"{""type"":""MultiPoint"",""coordinates"":[]}"
248,2005-09-01T00:00:00,5.341219759375,huangjiahu,"{""type"":""MultiPoint"",""coordinates"":[]}"
249,2005-10-01T00:00:00,5.8260094737297505,huangjiahu,"{""type"":""MultiPoint"",""coordinates"":[]}"
250,2005-11-01T00:00:00,4.646775872864009,huangjiahu,"{""type"":""MultiPoint"",""coordinates"":[]}"
251,2005-12-01T00:00:00,0.0,huangjiahu,"{""type"":""MultiPoint"",""coordinates"":[]}"
252,2006-01-01T00:00:00,5.490041790249931,huangjiahu,"{""type"":""MultiPoint"",""coordinates"":[]}"
253,2006-02-01T00:00:00,3.596559330559704,huangjiahu,"{""type"":""MultiPoint"",""coordinates"":[]}"
254,2006-03-01T00:00:00,6.389175634446087,huangjiahu,"{""type"":""MultiPoint"",""coordinates"":[]}"
255,2006-04-01T00:00:00,0.44475399363295604,huangjiahu,"{""type"":""MultiPoint"",""coordinates"":[]}"
256,2006-05-01T00:00:00,3.6114666352452898,huangjiahu,"{""type"":""MultiPoint"",""coordinates"":[]}"
257,2006-06-01T00:00:00,4.628925619888127,huangjiahu,"{""type"":""MultiPoint"",""coordinates"":[]}"
258,2006-07-01T00:00:00,3.296146198120117,huangjiahu,"{""type"":""MultiPoint"",""coordinates"":[]}"
259,2006-08-01T00:00:00,3.6731370165716433,huangjiahu,"{""type"":""MultiPoint"",""coordinates"":[]}"
260,2006-09-01T00:00:00,4.575815016102511,huangjiahu,"{""type"":""MultiPoint"",""coordinates"":[]}"
261,2006-10-01T00:00:00,5.742128019008259,huangjiahu,"{""type"":""MultiPoint"",""coordinates"":[]}"
262,2006-11-01T00:00:00,6.0470657522058815,huangjiahu,"{""type"":""MultiPoint"",""coordinates"":[]}"
263,2006-12-01T00:00:00,0.0,huangjiahu,"{""type"":""MultiPoint"",""coordinates"":[]}"
264,2007-01-01T00:00:00,6.485773265051988,huangjiahu,"{""type"":""MultiPoint"",""coordinates"":[]}"
265,2007-02-01T00:00:00,6.671196450779812,huangjiahu,"{""type"":""MultiPoint"",""coordinates"":[]}"
266,2007-03-01T00:00:00,6.415833304562793,huangjiahu,"{""type"":""MultiPoint"",""coordinates"":[]}"
267,2007-04-01T00:00:00,6.22333508650692,huangjiahu,"{""type"":""MultiPoint"",""coordinates"":[]}"
268,2007-05-01T00:00:00,5.68046340982642,huangjiahu,"{""type"":""MultiPoint"",""coordinates"":[]}"
269,2007-06-01T00:00:00,0.5474609076851639,huangjiahu,"{""type"":""MultiPoint"",""coordinates"":[]}"
270,2007-07-01T00:00:00,1.58531454483116,huangjiahu,"{""type"":""MultiPoint"",""coordinates"":[]}"
271,2007-08-01T00:00:00,3.130513163600548,huangjiahu,"{""type"":""MultiPoint"",""coordinates"":[]}"
272,2007-09-01T00:00:00,4.966781183473354,huangjiahu,"{""type"":""MultiPoint"",""coordinates"":[]}"
273,2007-10-01T00:00:00,5.365778714468923,huangjiahu,"{""type"":""MultiPoint"",""coordinates"":[]}"
274,2007-11-01T00:00:00,4.8464122167401475,huangjiahu,"{""type"":""MultiPoint"",""coordinates"":[]}"
275,2007-12-01T00:00:00,0.0,huangjiahu,"{""type"":""MultiPoint"",""coordinates"":[]}"
276,2008-01-01T00:00:00,0.0,huangjiahu,"{""type"":""MultiPoint"",""coordinates"":[]}"
277,2008-02-01T00:00:00,6.560272550570377,huangjiahu,"{""type"":""MultiPoint"",""coordinates"":[]}"
278,2008-03-01T00:00:00,6.497520688222368,huangjiahu,"{""type"":""MultiPoint"",""coordinates"":[]}"
279,2008-04-01T00:00:00,6.029048196976246,huangjiahu,"{""type"":""MultiPoint"",""coordinates"":[]}"
280,2008-05-01T00:00:00,4.00589511730622,huangjiahu,"{""type"":""MultiPoint"",""coordinates"":[]}"
281,2008-06-01T00:00:00,0.5726131698273303,huangjiahu,"{""type"":""MultiPoint"",""coordinates"":[]}"
282,2008-07-01T00:00:00,3.3096829809146655,huangjiahu,"{""type"":""MultiPoint"",""coordinates"":[]}"
283,2008-08-01T00:00:00,4.061433487560556,huangjiahu,"{""type"":""MultiPoint"",""coordinates"":[]}"
284,2008-09-01T00:00:00,3.185837352861232,huangjiahu,"{""type"":""MultiPoint"",""coordinates"":[]}"
285,2008-10-01T00:00:00,6.007616509050436,huangjiahu,"{""type"":""MultiPoint"",""coordinates"":[]}"
286,2008-11-01T00:00:00,6.336116035787426,huangjiahu,"{""type"":""MultiPoint"",""coordinates"":[]}"
287,2008-12-01T00:00:00,0.0,huangjiahu,"{""type"":""MultiPoint"",""coordinates"":[]}"
288,2009-01-01T00:00:00,6.556048969485054,huangjiahu,"{""type"":""MultiPoint"",""coordinates"":[]}"
289,2009-02-01T00:00:00,4.93550681136307,huangjiahu,"{""type"":""MultiPoint"",""coordinates"":[]}"
290,2009-03-01T00:00:00,6.450950656498689,huangjiahu,"{""type"":""MultiPoint"",""coordinates"":[]}"
291,2009-04-01T00:00:00,6.0265707388595295,huangjiahu,"{""type"":""MultiPoint"",""coordinates"":[]}"
292,2009-05-01T00:00:00,5.40295081139251,huangjiahu,"{""type"":""MultiPoint"",""coordinates"":[]}"
293,2009-06-01T00:00:00,0.04477723900433708,huangjiahu,"{""type"":""MultiPoint"",""coordinates"":[]}"
294,2009-07-01T00:00:00,0.4029319609880036,huangjiahu,"{""type"":""MultiPoint"",""coordinates"":[]}"
295,2009-08-01T00:00:00,2.1994736994995114,huangjiahu,"{""type"":""MultiPoint"",""coordinates"":[]}"
296,2009-09-01T00:00:00,5.574069961033481,huangjiahu,"{""type"":""MultiPoint"",""coordinates"":[]}"
297,2009-10-01T00:00:00,6.106076548227108,huangjiahu,"{""type"":""MultiPoint"",""coordinates"":[]}"
298,2009-11-01T00:00:00,6.377764558254109,huangjiahu,"{""type"":""MultiPoint"",""coordinates"":[]}"
299,2009-12-01T00:00:00,0.0,huangjiahu,"{""type"":""MultiPoint"",""coordinates"":[]}"
300,2010-01-01T00:00:00,5.151102055468509,huangjiahu,"{""type"":""MultiPoint"",""coordinates"":[]}"
301,2010-02-01T00:00:00,5.0489806433419,huangjiahu,"{""type"":""MultiPoint"",""coordinates"":[]}"
302,2010-03-01T00:00:00,6.509098907222734,huangjiahu,"{""type"":""MultiPoint"",""coordinates"":[]}"
303,2010-04-01T00:00:00,0.0,huangjiahu,"{""type"":""MultiPoint"",""coordinates"":[]}"
304,2010-05-01T00:00:00,0.0,huangjiahu,"{""type"":""MultiPoint"",""coordinates"":[]}"
305,2010-06-01T00:00:00,3.9891726099243163,huangjiahu,"{""type"":""MultiPoint"",""coordinates"":[]}"
306,2010-07-01T00:00:00,4.853289375778617,huangjiahu,"{""type"":""MultiPoint"",""coordinates"":[]}"
307,2010-08-01T00:00:00,1.4499424647499235,huangjiahu,"{""type"":""MultiPoint"",""coordinates"":[]}"
308,2010-09-01T00:00:00,5.642375169098977,huangjiahu,"{""type"":""MultiPoint"",""coordinates"":[]}"
309,2010-10-01T00:00:00,4.925311318719124,huangjiahu,"{""type"":""MultiPoint"",""coordinates"":[]}"
310,2010-11-01T00:00:00,5.153118722222063,huangjiahu,"{""type"":""MultiPoint"",""coordinates"":[]}"
311,2010-12-01T00:00:00,0.0,huangjiahu,"{""type"":""MultiPoint"",""coordinates"":[]}"
312,2011-01-01T00:00:00,6.761344925454772,huangjiahu,"{""type"":""MultiPoint"",""coordinates"":[]}"
313,2011-02-01T00:00:00,5.872714845012109,huangjiahu,"{""type"":""MultiPoint"",""coordinates"":[]}"
314,2011-03-01T00:00:00,6.647596599939443,huangjiahu,"{""type"":""MultiPoint"",""coordinates"":[]}"
315,2011-04-01T00:00:00,0.0,huangjiahu,"{""type"":""MultiPoint"",""coordinates"":[]}"
316,2011-05-01T00:00:00,0.0,huangjiahu,"{""type"":""MultiPoint"",""coordinates"":[]}"
317,2011-06-01T00:00:00,3.9142176475387274,huangjiahu,"{""type"":""MultiPoint"",""coordinates"":[]}"
318,2011-07-01T00:00:00,3.1194992515478996,huangjiahu,"{""type"":""MultiPoint"",""coordinates"":[]}"
319,2011-08-01T00:00:00,4.687065163633339,huangjiahu,"{""type"":""MultiPoint"",""coordinates"":[]}"
320,2011-09-01T00:00:00,4.911217754564233,huangjiahu,"{""type"":""MultiPoint"",""coordinates"":[]}"
321,2011-10-01T00:00:00,4.60088764236151,huangjiahu,"{""type"":""MultiPoint"",""coordinates"":[]}"
322,2011-11-01T00:00:00,5.005586400520595,huangjiahu,"{""type"":""MultiPoint"",""coordinates"":[]}"
323,2011-12-01T00:00:00,0.0,huangjiahu,"{""type"":""MultiPoint"",""coordinates"":[]}"
324,2012-01-01T00:00:00,6.6248706168928555,huangjiahu,"{""type"":""MultiPoint"",""coordinates"":[]}"
325,2012-02-01T00:00:00,5.207988589031142,huangjiahu,"{""type"":""MultiPoint"",""coordinates"":[]}"
326,2012-03-01T00:00:00,5.226254652620205,huangjiahu,"{""type"":""MultiPoint"",""coordinates"":[]}"
327,2012-04-01T00:00:00,0.0,huangjiahu,"{""type"":""MultiPoint"",""coordinates"":[]}"
328,2012-05-01T00:00:00,5.540158050019149,huangjiahu,"{""type"":""MultiPoint"",""coordinates"":[]}"
329,2012-06-01T00:00:00,7.733270874023438E-4,huangjiahu,"{""type"":""MultiPoint"",""coordinates"":[]}"
330,2012-07-01T00:00:00,0.0,huangjiahu,"{""type"":""MultiPoint"",""coordinates"":[]}"
331,2012-08-01T00:00:00,0.0,huangjiahu,"{""type"":""MultiPoint"",""coordinates"":[]}"
332,2012-09-01T00:00:00,2.5059960621976964,huangjiahu,"{""type"":""MultiPoint"",""coordinates"":[]}"
333,2012-10-01T00:00:00,0.0,huangjiahu,"{""type"":""MultiPoint"",""coordinates"":[]}"
334,2012-11-01T00:00:00,0.0,huangjiahu,"{""type"":""MultiPoint"",""coordinates"":[]}"
335,2012-12-01T00:00:00,0.0,huangjiahu,"{""type"":""MultiPoint"",""coordinates"":[]}"
336,2013-01-01T00:00:00,6.441428046059286,huangjiahu,"{""type"":""MultiPoint"",""coordinates"":[]}"
337,2013-02-01T00:00:00,0.0,huangjiahu,"{""type"":""MultiPoint"",""coordinates"":[]}"
338,2013-03-01T00:00:00,0.0,huangjiahu,"{""type"":""MultiPoint"",""coordinates"":[]}"
339,2013-04-01T00:00:00,5.988486626539522,huangjiahu,"{""type"":""MultiPoint"",""coordinates"":[]}"
340,2013-05-01T00:00:00,6.17711645370256,huangjiahu,"{""type"":""MultiPoint"",""coordinates"":[]}"
341,2013-06-01T00:00:00,4.163464124574908,huangjiahu,"{""type"":""MultiPoint"",""coordinates"":[]}"
342,2013-07-01T00:00:00,6.138658488339892,huangjiahu,"{""type"":""MultiPoint"",""coordinates"":[]}"
343,2013-08-01T00:00:00,6.18320004664211,huangjiahu,"{""type"":""MultiPoint"",""coordinates"":[]}"
344,2013-09-01T00:00:00,6.109815172597848,huangjiahu,"{""type"":""MultiPoint"",""coordinates"":[]}"
345,2013-10-01T00:00:00,6.2305518821190935,huangjiahu,"{""type"":""MultiPoint"",""coordinates"":[]}"
346,2013-11-01T00:00:00,6.359045810721126,huangjiahu,"{""type"":""MultiPoint"",""coordinates"":[]}"
347,2013-12-01T00:00:00,0.0,huangjiahu,"{""type"":""MultiPoint"",""coordinates"":[]}"
348,2014-01-01T00:00:00,6.6106902915864865,huangjiahu,"{""type"":""MultiPoint"",""coordinates"":[]}"
349,2014-02-01T00:00:00,0.0,huangjiahu,"{""type"":""MultiPoint"",""coordinates"":[]}"
350,2014-03-01T00:00:00,7.732537231445312E-4,huangjiahu,"{""type"":""MultiPoint"",""coordinates"":[]}"
351,2014-04-01T00:00:00,6.150619638659429,huangjiahu,"{""type"":""MultiPoint"",""coordinates"":[]}"
352,2014-05-01T00:00:00,6.086964153208535,huangjiahu,"{""type"":""MultiPoint"",""coordinates"":[]}"
353,2014-06-01T00:00:00,0.0,huangjiahu,"{""type"":""MultiPoint"",""coordinates"":[]}"
354,2014-07-01T00:00:00,4.597726252409333,huangjiahu,"{""type"":""MultiPoint"",""coordinates"":[]}"
355,2014-08-01T00:00:00,4.604622589994783,huangjiahu,"{""type"":""MultiPoint"",""coordinates"":[]}"
356,2014-09-01T00:00:00,1.343874275800159,huangjiahu,"{""type"":""MultiPoint"",""coordinates"":[]}"
357,2014-10-01T00:00:00,6.132666471322333,huangjiahu,"{""type"":""MultiPoint"",""coordinates"":[]}"
358,2014-11-01T00:00:00,0.0,huangjiahu,"{""type"":""MultiPoint"",""coordinates"":[]}"
359,2014-12-01T00:00:00,0.0,huangjiahu,"{""type"":""MultiPoint"",""coordinates"":[]}"
360,2015-01-01T00:00:00,0.0,huangjiahu,"{""type"":""MultiPoint"",""coordinates"":[]}"
361,2015-02-01T00:00:00,0.0,huangjiahu,"{""type"":""MultiPoint"",""coordinates"":[]}"
362,2015-03-01T00:00:00,6.516352527324842,huangjiahu,"{""type"":""MultiPoint"",""coordinates"":[]}"
363,2015-04-01T00:00:00,5.387363576014141,huangjiahu,"{""type"":""MultiPoint"",""coordinates"":[]}"
364,2015-05-01T00:00:00,0.0,huangjiahu,"{""type"":""MultiPoint"",""coordinates"":[]}"
365,2015-06-01T00:00:00,0.0618725883178711,huangjiahu,"{""type"":""MultiPoint"",""coordinates"":[]}"
366,2015-07-01T00:00:00,5.491094436519129,huangjiahu,"{""type"":""MultiPoint"",""coordinates"":[]}"
367,2015-08-01T00:00:00,5.871861218174355,huangjiahu,"{""type"":""MultiPoint"",""coordinates"":[]}"
368,2015-09-01T00:00:00,5.088410045277794,huangjiahu,"{""type"":""MultiPoint"",""coordinates"":[]}"
369,2015-10-01T00:00:00,6.100391078041705,huangjiahu,"{""type"":""MultiPoint"",""coordinates"":[]}"
370,2015-11-01T00:00:00,6.358472122616519,huangjiahu,"{""type"":""MultiPoint"",""coordinates"":[]}"
371,2015-12-01T00:00:00,0.0,huangjiahu,"{""type"":""MultiPoint"",""coordinates"":[]}"
372,2016-01-01T00:00:00,0.0,huangjiahu,"{""type"":""MultiPoint"",""coordinates"":[]}"
373,2016-02-01T00:00:00,5.251827418980497,huangjiahu,"{""type"":""MultiPoint"",""coordinates"":[]}"
374,2016-03-01T00:00:00,6.547412896085855,huangjiahu,"{""type"":""MultiPoint"",""coordinates"":[]}"
375,2016-04-01T00:00:00,6.317889527574967,huangjiahu,"{""type"":""MultiPoint"",""coordinates"":[]}"
376,2016-05-01T00:00:00,4.686529841446461,huangjiahu,"{""type"":""MultiPoint"",""coordinates"":[]}"
377,2016-06-01T00:00:00,5.753676718399825,huangjiahu,"{""type"":""MultiPoint"",""coordinates"":[]}"
378,2016-07-01T00:00:00,6.605057190649895,huangjiahu,"{""type"":""MultiPoint"",""coordinates"":[]}"
379,2016-08-01T00:00:00,5.030610575916726,huangjiahu,"{""type"":""MultiPoint"",""coordinates"":[]}"
380,2016-09-01T00:00:00,6.08068726687251,huangjiahu,"{""type"":""MultiPoint"",""coordinates"":[]}"
381,2016-10-01T00:00:00,0.0,huangjiahu,"{""type"":""MultiPoint"",""coordinates"":[]}"
382,2016-11-01T00:00:00,5.944857381307448,huangjiahu,"{""type"":""MultiPoint"",""coordinates"":[]}"
383,2016-12-01T00:00:00,0.0,huangjiahu,"{""type"":""MultiPoint"",""coordinates"":[]}"
384,2017-01-01T00:00:00,0.0,huangjiahu,"{""type"":""MultiPoint"",""coordinates"":[]}"
385,2017-02-01T00:00:00,6.711686522832417,huangjiahu,"{""type"":""MultiPoint"",""coordinates"":[]}"
386,2017-03-01T00:00:00,4.542436855118337,huangjiahu,"{""type"":""MultiPoint"",""coordinates"":[]}"
387,2017-04-01T00:00:00,5.406122843964222,huangjiahu,"{""type"":""MultiPoint"",""coordinates"":[]}"
388,2017-05-01T00:00:00,0.0,huangjiahu,"{""type"":""MultiPoint"",""coordinates"":[]}"
389,2017-06-01T00:00:00,1.4776253603001013,huangjiahu,"{""type"":""MultiPoint"",""coordinates"":[]}"
390,2017-07-01T00:00:00,6.339884521859683,huangjiahu,"{""type"":""MultiPoint"",""coordinates"":[]}"
391,2017-08-01T00:00:00,6.307588576157992,huangjiahu,"{""type"":""MultiPoint"",""coordinates"":[]}"
392,2017-09-01T00:00:00,5.327535821843645,huangjiahu,"{""type"":""MultiPoint"",""coordinates"":[]}"
393,2017-10-01T00:00:00,6.398409020632997,huangjiahu,"{""type"":""MultiPoint"",""coordinates"":[]}"
394,2017-11-01T00:00:00,6.437981769911585,huangjiahu,"{""type"":""MultiPoint"",""coordinates"":[]}"
395,2017-12-01T00:00:00,0.0,huangjiahu,"{""type"":""MultiPoint"",""coordinates"":[]}"
396,2018-01-01T00:00:00,0.0,huangjiahu,"{""type"":""MultiPoint"",""coordinates"":[]}"
397,2018-02-01T00:00:00,6.64685007338413,huangjiahu,"{""type"":""MultiPoint"",""coordinates"":[]}"
398,2018-03-01T00:00:00,6.633688690450275,huangjiahu,"{""type"":""MultiPoint"",""coordinates"":[]}"
399,2018-04-01T00:00:00,6.447001024964578,huangjiahu,"{""type"":""MultiPoint"",""coordinates"":[]}"
400,2018-05-01T00:00:00,0.007152849839872472,huangjiahu,"{""type"":""MultiPoint"",""coordinates"":[]}"
401,2018-06-01T00:00:00,6.312913948936553,huangjiahu,"{""type"":""MultiPoint"",""coordinates"":[]}"
402,2018-07-01T00:00:00,6.266468497191905,huangjiahu,"{""type"":""MultiPoint"",""coordinates"":[]}"
403,2018-08-01T00:00:00,2.8632908691940004,huangjiahu,"{""type"":""MultiPoint"",""coordinates"":[]}"
404,2018-09-01T00:00:00,6.27523385018167,huangjiahu,"{""type"":""MultiPoint"",""coordinates"":[]}"
405,2018-10-01T00:00:00,3.744760641345454,huangjiahu,"{""type"":""MultiPoint"",""coordinates"":[]}"
406,2018-11-01T00:00:00,6.478928703216914,huangjiahu,"{""type"":""MultiPoint"",""coordinates"":[]}"
407,2018-12-01T00:00:00,0.0,huangjiahu,"{""type"":""MultiPoint"",""coordinates"":[]}"
408,2019-01-01T00:00:00,0.0,huangjiahu,"{""type"":""MultiPoint"",""coordinates"":[]}"
409,2019-02-01T00:00:00,1.708780670081045,huangjiahu,"{""type"":""MultiPoint"",""coordinates"":[]}"
410,2019-03-01T00:00:00,6.6245342175620925,huangjiahu,"{""type"":""MultiPoint"",""coordinates"":[]}"
411,2019-04-01T00:00:00,4.884630554216213,huangjiahu,"{""type"":""MultiPoint"",""coordinates"":[]}"
412,2019-05-01T00:00:00,0.0,huangjiahu,"{""type"":""MultiPoint"",""coordinates"":[]}"
413,2019-06-01T00:00:00,6.248952572133502,huangjiahu,"{""type"":""MultiPoint"",""coordinates"":[]}"
414,2019-07-01T00:00:00,6.024003727523983,huangjiahu,"{""type"":""MultiPoint"",""coordinates"":[]}"
415,2019-08-01T00:00:00,6.311552623018393,huangjiahu,"{""type"":""MultiPoint"",""coordinates"":[]}"
416,2019-09-01T00:00:00,4.715495369927619,huangjiahu,"{""type"":""MultiPoint"",""coordinates"":[]}"
417,2019-10-01T00:00:00,6.316072569975012,huangjiahu,"{""type"":""MultiPoint"",""coordinates"":[]}"
418,2019-11-01T00:00:00,6.244257931902237,huangjiahu,"{""type"":""MultiPoint"",""coordinates"":[]}"
419,2019-12-01T00:00:00,0.0,huangjiahu,"{""type"":""MultiPoint"",""coordinates"":[]}"
420,2020-01-01T00:00:00,0.0,huangjiahu,"{""type"":""MultiPoint"",""coordinates"":[]}"
421,2020-02-01T00:00:00,6.636442110568898,huangjiahu,"{""type"":""MultiPoint"",""coordinates"":[]}"
422,2020-03-01T00:00:00,6.137865389301137,huangjiahu,"{""type"":""MultiPoint"",""coordinates"":[]}"
423,2020-04-01T00:00:00,6.462764279948397,huangjiahu,"{""type"":""MultiPoint"",""coordinates"":[]}"
424,2020-05-01T00:00:00,4.852900871150955,huangjiahu,"{""type"":""MultiPoint"",""coordinates"":[]}"
425,2020-06-01T00:00:00,4.691889085625144,huangjiahu,"{""type"":""MultiPoint"",""coordinates"":[]}"
426,2020-07-01T00:00:00,0.04950202166748047,huangjiahu,"{""type"":""MultiPoint"",""coordinates"":[]}"
427,2020-08-01T00:00:00,6.325431819592527,huangjiahu,"{""type"":""MultiPoint"",""coordinates"":[]}"
428,2020-09-01T00:00:00,2.941813997940123,huangjiahu,"{""type"":""MultiPoint"",""coordinates"":[]}"
429,2020-10-01T00:00:00,6.198881692826335,huangjiahu,"{""type"":""MultiPoint"",""coordinates"":[]}"
430,2020-11-01T00:00:00,3.3859036829934515,huangjiahu,"{""type"":""MultiPoint"",""coordinates"":[]}"
431,2020-12-01T00:00:00,0.0,huangjiahu,"{""type"":""MultiPoint"",""coordinates"":[]}"
