system:index,Date,area_km2,lake,.geo
0,1985-01-01T00:00:00,0.0,nantaizihu,"{""type"":""MultiPoint"",""coordinates"":[]}"
1,1985-02-01T00:00:00,0.0,nantaizihu,"{""type"":""MultiPoint"",""coordinates"":[]}"
2,1985-03-01T00:00:00,0.0,nantaizihu,"{""type"":""MultiPoint"",""coordinates"":[]}"
3,1985-04-01T00:00:00,0.0,nantaizihu,"{""type"":""MultiPoint"",""coordinates"":[]}"
4,1985-05-01T00:00:00,0.0,nantaizihu,"{""type"":""MultiPoint"",""coordinates"":[]}"
5,1985-06-01T00:00:00,0.0,nantaizihu,"{""type"":""MultiPoint"",""coordinates"":[]}"
6,1985-07-01T00:00:00,0.0,nantaizihu,"{""type"":""MultiPoint"",""coordinates"":[]}"
7,1985-08-01T00:00:00,0.0,nantaizihu,"{""type"":""MultiPoint"",""coordinates"":[]}"
8,1985-09-01T00:00:00,0.0,nantaizihu,"{""type"":""MultiPoint"",""coordinates"":[]}"
9,1985-10-01T00:00:00,0.0,nantaizihu,"{""type"":""MultiPoint"",""coordinates"":[]}"
10,1985-11-01T00:00:00,0.0,nantaizihu,"{""type"":""MultiPoint"",""coordinates"":[]}"
11,1985-12-01T00:00:00,0.0,nantaizihu,"{""type"":""MultiPoint"",""coordinates"":[]}"
12,1986-01-01T00:00:00,0.0,nantaizihu,"{""type"":""MultiPoint"",""coordinates"":[]}"
13,1986-02-01T00:00:00,0.0,nantaizihu,"{""type"":""MultiPoint"",""coordinates"":[]}"
14,1986-03-01T00:00:00,0.0,nantaizihu,"{""type"":""MultiPoint"",""coordinates"":[]}"
15,1986-04-01T00:00:00,0.0,nantaizihu,"{""type"":""MultiPoint"",""coordinates"":[]}"
16,1986-05-01T00:00:00,0.0,nantaizihu,"{""type"":""MultiPoint"",""coordinates"":[]}"
17,1986-06-01T00:00:00,0.0,nantaizihu,"{""type"":""MultiPoint"",""coordinates"":[]}"
18,1986-07-01T00:00:00,0.0,nantaizihu,"{""type"":""MultiPoint"",""coordinates"":[]}"
19,1986-08-01T00:00:00,0.0,nantaizihu,"{""type"":""MultiPoint"",""coordinates"":[]}"
20,1986-09-01T00:00:00,0.0,nantaizihu,"{""type"":""MultiPoint"",""coordinates"":[]}"
21,1986-10-01T00:00:00,0.0,nantaizihu,"{""type"":""MultiPoint"",""coordinates"":[]}"
22,1986-11-01T00:00:00,0.0,nantaizihu,"{""type"":""MultiPoint"",""coordinates"":[]}"
23,1986-12-01T00:00:00,0.0,nantaizihu,"{""type"":""MultiPoint"",""coordinates"":[]}"
24,1987-01-01T00:00:00,0.0,nantaizihu,"{""type"":""MultiPoint"",""coordinates"":[]}"
25,1987-02-01T00:00:00,0.0,nantaizihu,"{""type"":""MultiPoint"",""coordinates"":[]}"
26,1987-03-01T00:00:00,0.0,nantaizihu,"{""type"":""MultiPoint"",""coordinates"":[]}"
27,1987-04-01T00:00:00,0.0,nantaizihu,"{""type"":""MultiPoint"",""coordinates"":[]}"
28,1987-05-01T00:00:00,0.0,nantaizihu,"{""type"":""MultiPoint"",""coordinates"":[]}"
29,1987-06-01T00:00:00,0.0,nantaizihu,"{""type"":""MultiPoint"",""coordinates"":[]}"
30,1987-07-01T00:00:00,0.0,nantaizihu,"{""type"":""MultiPoint"",""coordinates"":[]}"
31,1987-08-01T00:00:00,0.0,nantaizihu,"{""type"":""MultiPoint"",""coordinates"":[]}"
32,1987-09-01T00:00:00,1.0121284589678594,nantaizihu,"{""type"":""MultiPoint"",""coordinates"":[]}"
33,1987-10-01T00:00:00,0.0,nantaizihu,"{""type"":""MultiPoint"",""coordinates"":[]}"
34,1987-11-01T00:00:00,0.0,nantaizihu,"{""type"":""MultiPoint"",""coordinates"":[]}"
35,1987-12-01T00:00:00,0.0,nantaizihu,"{""type"":""MultiPoint"",""coordinates"":[]}"
36,1988-01-01T00:00:00,0.0,nantaizihu,"{""type"":""MultiPoint"",""coordinates"":[]}"
37,1988-02-01T00:00:00,0.0,nantaizihu,"{""type"":""MultiPoint"",""coordinates"":[]}"
38,1988-03-01T00:00:00,0.0,nantaizihu,"{""type"":""MultiPoint"",""coordinates"":[]}"
39,1988-04-01T00:00:00,0.0,nantaizihu,"{""type"":""MultiPoint"",""coordinates"":[]}"
40,1988-05-01T00:00:00,0.0,nantaizihu,"{""type"":""MultiPoint"",""coordinates"":[]}"
41,1988-06-01T00:00:00,0.0,nantaizihu,"{""type"":""MultiPoint"",""coordinates"":[]}"
42,1988-07-01T00:00:00,0.0,nantaizihu,"{""type"":""MultiPoint"",""coordinates"":[]}"
43,1988-08-01T00:00:00,0.0,nantaizihu,"{""type"":""MultiPoint"",""coordinates"":[]}"
44,1988-09-01T00:00:00,0.0,nantaizihu,"{""type"":""MultiPoint"",""coordinates"":[]}"
45,1988-10-01T00:00:00,0.0,nantaizihu,"{""type"":""MultiPoint"",""coordinates"":[]}"
46,1988-11-01T00:00:00,0.0,nantaizihu,"{""type"":""MultiPoint"",""coordinates"":[]}"
47,1988-12-01T00:00:00,0.0,nantaizihu,"{""type"":""MultiPoint"",""coordinates"":[]}"
48,1989-01-01T00:00:00,0.0,nantaizihu,"{""type"":""MultiPoint"",""coordinates"":[]}"
49,1989-02-01T00:00:00,0.0,nantaizihu,"{""type"":""MultiPoint"",""coordinates"":[]}"
50,1989-03-01T00:00:00,0.0,nantaizihu,"{""type"":""MultiPoint"",""coordinates"":[]}"
51,1989-04-01T00:00:00,0.0,nantaizihu,"{""type"":""MultiPoint"",""coordinates"":[]}"
52,1989-05-01T00:00:00,0.0,nantaizihu,"{""type"":""MultiPoint"",""coordinates"":[]}"
53,1989-06-01T00:00:00,0.0,nantaizihu,"{""type"":""MultiPoint"",""coordinates"":[]}"
54,1989-07-01T00:00:00,0.0,nantaizihu,"{""type"":""MultiPoint"",""coordinates"":[]}"
55,1989-08-01T00:00:00,0.0,nantaizihu,"{""type"":""MultiPoint"",""coordinates"":[]}"
56,1989-09-01T00:00:00,0.0,nantaizihu,"{""type"":""MultiPoint"",""coordinates"":[]}"
57,1989-10-01T00:00:00,0.0,nantaizihu,"{""type"":""MultiPoint"",""coordinates"":[]}"
58,1989-11-01T00:00:00,0.0,nantaizihu,"{""type"":""MultiPoint"",""coordinates"":[]}"
59,1989-12-01T00:00:00,0.0,nantaizihu,"{""type"":""MultiPoint"",""coordinates"":[]}"
60,1990-01-01T00:00:00,0.0,nantaizihu,"{""type"":""MultiPoint"",""coordinates"":[]}"
61,1990-02-01T00:00:00,0.0,nantaizihu,"{""type"":""MultiPoint"",""coordinates"":[]}"
62,1990-03-01T00:00:00,0.0,nantaizihu,"{""type"":""MultiPoint"",""coordinates"":[]}"
63,1990-04-01T00:00:00,0.0,nantaizihu,"{""type"":""MultiPoint"",""coordinates"":[]}"
64,1990-05-01T00:00:00,0.0,nantaizihu,"{""type"":""MultiPoint"",""coordinates"":[]}"
65,1990-06-01T00:00:00,0.0,nantaizihu,"{""type"":""MultiPoint"",""coordinates"":[]}"
66,1990-07-01T00:00:00,0.0,nantaizihu,"{""type"":""MultiPoint"",""coordinates"":[]}"
67,1990-08-01T00:00:00,0.0,nantaizihu,"{""type"":""MultiPoint"",""coordinates"":[]}"
68,1990-09-01T00:00:00,1.856348245580815,nantaizihu,"{""type"":""MultiPoint"",""coordinates"":[]}"
69,1990-10-01T00:00:00,0.0,nantaizihu,"{""type"":""MultiPoint"",""coordinates"":[]}"
70,1990-11-01T00:00:00,0.0,nantaizihu,"{""type"":""MultiPoint"",""coordinates"":[]}"
71,1990-12-01T00:00:00,0.0,nantaizihu,"{""type"":""MultiPoint"",""coordinates"":[]}"
72,1991-01-01T00:00:00,0.0,nantaizihu,"{""type"":""MultiPoint"",""coordinates"":[]}"
73,1991-02-01T00:00:00,0.0,nantaizihu,"{""type"":""MultiPoint"",""coordinates"":[]}"
74,1991-03-01T00:00:00,0.0,nantaizihu,"{""type"":""MultiPoint"",""coordinates"":[]}"
75,1991-04-01T00:00:00,0.0,nantaizihu,"{""type"":""MultiPoint"",""coordinates"":[]}"
76,1991-05-01T00:00:00,0.0,nantaizihu,"{""type"":""MultiPoint"",""coordinates"":[]}"
77,1991-06-01T00:00:00,0.0,nantaizihu,"{""type"":""MultiPoint"",""coordinates"":[]}"
78,1991-07-01T00:00:00,3.5416465167394318,nantaizihu,"{""type"":""MultiPoint"",""coordinates"":[]}"
79,1991-08-01T00:00:00,0.0,nantaizihu,"{""type"":""MultiPoint"",""coordinates"":[]}"
80,1991-09-01T00:00:00,0.0,nantaizihu,"{""type"":""MultiPoint"",""coordinates"":[]}"
81,1991-10-01T00:00:00,0.0,nantaizihu,"{""type"":""MultiPoint"",""coordinates"":[]}"
82,1991-11-01T00:00:00,0.0,nantaizihu,"{""type"":""MultiPoint"",""coordinates"":[]}"
83,1991-12-01T00:00:00,0.0,nantaizihu,"{""type"":""MultiPoint"",""coordinates"":[]}"
84,1992-01-01T00:00:00,3.7588166354283974,nantaizihu,"{""type"":""MultiPoint"",""coordinates"":[]}"
85,1992-02-01T00:00:00,1.1748667281544403,nantaizihu,"{""type"":""MultiPoint"",""coordinates"":[]}"
86,1992-03-01T00:00:00,0.0,nantaizihu,"{""type"":""MultiPoint"",""coordinates"":[]}"
87,1992-04-01T00:00:00,0.0,nantaizihu,"{""type"":""MultiPoint"",""coordinates"":[]}"
88,1992-05-01T00:00:00,0.0,nantaizihu,"{""type"":""MultiPoint"",""coordinates"":[]}"
89,1992-06-01T00:00:00,0.0,nantaizihu,"{""type"":""MultiPoint"",""coordinates"":[]}"
90,1992-07-01T00:00:00,0.0,nantaizihu,"{""type"":""MultiPoint"",""coordinates"":[]}"
91,1992-08-01T00:00:00,0.0,nantaizihu,"{""type"":""MultiPoint"",""coordinates"":[]}"
92,1992-09-01T00:00:00,0.0,nantaizihu,"{""type"":""MultiPoint"",""coordinates"":[]}"
93,1992-10-01T00:00:00,0.0,nantaizihu,"{""type"":""MultiPoint"",""coordinates"":[]}"
94,1992-11-01T00:00:00,0.0,nantaizihu,"{""type"":""MultiPoint"",""coordinates"":[]}"
95,1992-12-01T00:00:00,0.0,nantaizihu,"{""type"":""MultiPoint"",""coordinates"":[]}"
96,1993-01-01T00:00:00,0.0,nantaizihu,"{""type"":""MultiPoint"",""coordinates"":[]}"
97,1993-02-01T00:00:00,0.0,nantaizihu,"{""type"":""MultiPoint"",""coordinates"":[]}"
98,1993-03-01T00:00:00,0.0,nantaizihu,"{""type"":""MultiPoint"",""coordinates"":[]}"
99,1993-04-01T00:00:00,0.0,nantaizihu,"{""type"":""MultiPoint"",""coordinates"":[]}"
100,1993-05-01T00:00:00,0.0,nantaizihu,"{""type"":""MultiPoint"",""coordinates"":[]}"
101,1993-06-01T00:00:00,0.0,nantaizihu,"{""type"":""MultiPoint"",""coordinates"":[]}"
102,1993-07-01T00:00:00,0.0,nantaizihu,"{""type"":""MultiPoint"",""coordinates"":[]}"
103,1993-08-01T00:00:00,0.0,nantaizihu,"{""type"":""MultiPoint"",""coordinates"":[]}"
104,1993-09-01T00:00:00,0.0,nantaizihu,"{""type"":""MultiPoint"",""coordinates"":[]}"
105,1993-10-01T00:00:00,3.100579158407295,nantaizihu,"{""type"":""MultiPoint"",""coordinates"":[]}"
106,1993-11-01T00:00:00,0.0,nantaizihu,"{""type"":""MultiPoint"",""coordinates"":[]}"
107,1993-12-01T00:00:00,0.0,nantaizihu,"{""type"":""MultiPoint"",""coordinates"":[]}"
108,1994-01-01T00:00:00,0.0,nantaizihu,"{""type"":""MultiPoint"",""coordinates"":[]}"
109,1994-02-01T00:00:00,0.0,nantaizihu,"{""type"":""MultiPoint"",""coordinates"":[]}"
110,1994-03-01T00:00:00,0.0,nantaizihu,"{""type"":""MultiPoint"",""coordinates"":[]}"
111,1994-04-01T00:00:00,0.0,nantaizihu,"{""type"":""MultiPoint"",""coordinates"":[]}"
112,1994-05-01T00:00:00,0.0,nantaizihu,"{""type"":""MultiPoint"",""coordinates"":[]}"
113,1994-06-01T00:00:00,0.0,nantaizihu,"{""type"":""MultiPoint"",""coordinates"":[]}"
114,1994-07-01T00:00:00,0.0,nantaizihu,"{""type"":""MultiPoint"",""coordinates"":[]}"
115,1994-08-01T00:00:00,0.513449433693321,nantaizihu,"{""type"":""MultiPoint"",""coordinates"":[]}"
116,1994-09-01T00:00:00,1.409674151429898,nantaizihu,"{""type"":""MultiPoint"",""coordinates"":[]}"
117,1994-10-01T00:00:00,0.0,nantaizihu,"{""type"":""MultiPoint"",""coordinates"":[]}"
118,1994-11-01T00:00:00,0.0,nantaizihu,"{""type"":""MultiPoint"",""coordinates"":[]}"
119,1994-12-01T00:00:00,0.0,nantaizihu,"{""type"":""MultiPoint"",""coordinates"":[]}"
120,1995-01-01T00:00:00,0.0,nantaizihu,"{""type"":""MultiPoint"",""coordinates"":[]}"
121,1995-02-01T00:00:00,0.0,nantaizihu,"{""type"":""MultiPoint"",""coordinates"":[]}"
122,1995-03-01T00:00:00,0.0,nantaizihu,"{""type"":""MultiPoint"",""coordinates"":[]}"
123,1995-04-01T00:00:00,2.23038586823922,nantaizihu,"{""type"":""MultiPoint"",""coordinates"":[]}"
124,1995-05-01T00:00:00,0.23164028937748926,nantaizihu,"{""type"":""MultiPoint"",""coordinates"":[]}"
125,1995-06-01T00:00:00,0.0,nantaizihu,"{""type"":""MultiPoint"",""coordinates"":[]}"
126,1995-07-01T00:00:00,0.0,nantaizihu,"{""type"":""MultiPoint"",""coordinates"":[]}"
127,1995-08-01T00:00:00,0.0,nantaizihu,"{""type"":""MultiPoint"",""coordinates"":[]}"
128,1995-09-01T00:00:00,0.0,nantaizihu,"{""type"":""MultiPoint"",""coordinates"":[]}"
129,1995-10-01T00:00:00,3.0601269099379613,nantaizihu,"{""type"":""MultiPoint"",""coordinates"":[]}"
130,1995-11-01T00:00:00,0.0,nantaizihu,"{""type"":""MultiPoint"",""coordinates"":[]}"
131,1995-12-01T00:00:00,0.0,nantaizihu,"{""type"":""MultiPoint"",""coordinates"":[]}"
132,1996-01-01T00:00:00,0.0,nantaizihu,"{""type"":""MultiPoint"",""coordinates"":[]}"
133,1996-02-01T00:00:00,2.9320762314436375,nantaizihu,"{""type"":""MultiPoint"",""coordinates"":[]}"
134,1996-03-01T00:00:00,0.0,nantaizihu,"{""type"":""MultiPoint"",""coordinates"":[]}"
135,1996-04-01T00:00:00,0.0,nantaizihu,"{""type"":""MultiPoint"",""coordinates"":[]}"
136,1996-05-01T00:00:00,0.014863605813419119,nantaizihu,"{""type"":""MultiPoint"",""coordinates"":[]}"
137,1996-06-01T00:00:00,0.8031271222105736,nantaizihu,"{""type"":""MultiPoint"",""coordinates"":[]}"
138,1996-07-01T00:00:00,0.0,nantaizihu,"{""type"":""MultiPoint"",""coordinates"":[]}"
139,1996-08-01T00:00:00,2.3754158149955007,nantaizihu,"{""type"":""MultiPoint"",""coordinates"":[]}"
140,1996-09-01T00:00:00,2.1242589879746383,nantaizihu,"{""type"":""MultiPoint"",""coordinates"":[]}"
141,1996-10-01T00:00:00,3.216535479046753,nantaizihu,"{""type"":""MultiPoint"",""coordinates"":[]}"
142,1996-11-01T00:00:00,0.0,nantaizihu,"{""type"":""MultiPoint"",""coordinates"":[]}"
143,1996-12-01T00:00:00,0.0,nantaizihu,"{""type"":""MultiPoint"",""coordinates"":[]}"
144,1997-01-01T00:00:00,0.0,nantaizihu,"{""type"":""MultiPoint"",""coordinates"":[]}"
145,1997-02-01T00:00:00,0.0,nantaizihu,"{""type"":""MultiPoint"",""coordinates"":[]}"
146,1997-03-01T00:00:00,0.0,nantaizihu,"{""type"":""MultiPoint"",""coordinates"":[]}"
147,1997-04-01T00:00:00,0.0,nantaizihu,"{""type"":""MultiPoint"",""coordinates"":[]}"
148,1997-05-01T00:00:00,0.0,nantaizihu,"{""type"":""MultiPoint"",""coordinates"":[]}"
149,1997-06-01T00:00:00,0.0,nantaizihu,"{""type"":""MultiPoint"",""coordinates"":[]}"
150,1997-07-01T00:00:00,0.0,nantaizihu,"{""type"":""MultiPoint"",""coordinates"":[]}"
151,1997-08-01T00:00:00,0.0,nantaizihu,"{""type"":""MultiPoint"",""coordinates"":[]}"
152,1997-09-01T00:00:00,0.0,nantaizihu,"{""type"":""MultiPoint"",""coordinates"":[]}"
153,1997-10-01T00:00:00,0.0,nantaizihu,"{""type"":""MultiPoint"",""coordinates"":[]}"
154,1997-11-01T00:00:00,0.0,nantaizihu,"{""type"":""MultiPoint"",""coordinates"":[]}"
155,1997-12-01T00:00:00,0.0,nantaizihu,"{""type"":""MultiPoint"",""coordinates"":[]}"
156,1998-01-01T00:00:00,0.0,nantaizihu,"{""type"":""MultiPoint"",""coordinates"":[]}"
157,1998-02-01T00:00:00,0.0,nantaizihu,"{""type"":""MultiPoint"",""coordinates"":[]}"
158,1998-03-01T00:00:00,0.0,nantaizihu,"{""type"":""MultiPoint"",""coordinates"":[]}"
159,1998-04-01T00:00:00,0.0,nantaizihu,"{""type"":""MultiPoint"",""coordinates"":[]}"
160,1998-05-01T00:00:00,0.0,nantaizihu,"{""type"":""MultiPoint"",""coordinates"":[]}"
161,1998-06-01T00:00:00,0.0,nantaizihu,"{""type"":""MultiPoint"",""coordinates"":[]}"
162,1998-07-01T00:00:00,0.0,nantaizihu,"{""type"":""MultiPoint"",""coordinates"":[]}"
163,1998-08-01T00:00:00,0.0,nantaizihu,"{""type"":""MultiPoint"",""coordinates"":[]}"
164,1998-09-01T00:00:00,0.0,nantaizihu,"{""type"":""MultiPoint"",""coordinates"":[]}"
165,1998-10-01T00:00:00,0.0,nantaizihu,"{""type"":""MultiPoint"",""coordinates"":[]}"
166,1998-11-01T00:00:00,0.0,nantaizihu,"{""type"":""MultiPoint"",""coordinates"":[]}"
167,1998-12-01T00:00:00,0.0,nantaizihu,"{""type"":""MultiPoint"",""coordinates"":[]}"
168,1999-01-01T00:00:00,0.0,nantaizihu,"{""type"":""MultiPoint"",""coordinates"":[]}"
169,1999-02-01T00:00:00,0.0,nantaizihu,"{""type"":""MultiPoint"",""coordinates"":[]}"
170,1999-03-01T00:00:00,0.0,nantaizihu,"{""type"":""MultiPoint"",""coordinates"":[]}"
171,1999-04-01T00:00:00,0.0,nantaizihu,"{""type"":""MultiPoint"",""coordinates"":[]}"
172,1999-05-01T00:00:00,0.0,nantaizihu,"{""type"":""MultiPoint"",""coordinates"":[]}"
173,1999-06-01T00:00:00,0.0,nantaizihu,"{""type"":""MultiPoint"",""coordinates"":[]}"
174,1999-07-01T00:00:00,0.0,nantaizihu,"{""type"":""MultiPoint"",""coordinates"":[]}"
175,1999-08-01T00:00:00,0.0,nantaizihu,"{""type"":""MultiPoint"",""coordinates"":[]}"
176,1999-09-01T00:00:00,0.4970085050048828,nantaizihu,"{""type"":""MultiPoint"",""coordinates"":[]}"
177,1999-10-01T00:00:00,0.0,nantaizihu,"{""type"":""MultiPoint"",""coordinates"":[]}"
178,1999-11-01T00:00:00,0.5832464744492473,nantaizihu,"{""type"":""MultiPoint"",""coordinates"":[]}"
179,1999-12-01T00:00:00,0.0,nantaizihu,"{""type"":""MultiPoint"",""coordinates"":[]}"
180,2000-01-01T00:00:00,0.0,nantaizihu,"{""type"":""MultiPoint"",""coordinates"":[]}"
181,2000-02-01T00:00:00,3.1644370541147286,nantaizihu,"{""type"":""MultiPoint"",""coordinates"":[]}"
182,2000-03-01T00:00:00,0.0,nantaizihu,"{""type"":""MultiPoint"",""coordinates"":[]}"
183,2000-04-01T00:00:00,0.0,nantaizihu,"{""type"":""MultiPoint"",""coordinates"":[]}"
184,2000-05-01T00:00:00,0.0,nantaizihu,"{""type"":""MultiPoint"",""coordinates"":[]}"
185,2000-06-01T00:00:00,1.6635458870459467,nantaizihu,"{""type"":""MultiPoint"",""coordinates"":[]}"
186,2000-07-01T00:00:00,0.9986523941853843,nantaizihu,"{""type"":""MultiPoint"",""coordinates"":[]}"
187,2000-08-01T00:00:00,2.241647849767349,nantaizihu,"{""type"":""MultiPoint"",""coordinates"":[]}"
188,2000-09-01T00:00:00,3.056686292119285,nantaizihu,"{""type"":""MultiPoint"",""coordinates"":[]}"
189,2000-10-01T00:00:00,3.276453770113599,nantaizihu,"{""type"":""MultiPoint"",""coordinates"":[]}"
190,2000-11-01T00:00:00,0.05748181939505783,nantaizihu,"{""type"":""MultiPoint"",""coordinates"":[]}"
191,2000-12-01T00:00:00,0.0,nantaizihu,"{""type"":""MultiPoint"",""coordinates"":[]}"
192,2001-01-01T00:00:00,3.107334688706822,nantaizihu,"{""type"":""MultiPoint"",""coordinates"":[]}"
193,2001-02-01T00:00:00,0.11806808326559626,nantaizihu,"{""type"":""MultiPoint"",""coordinates"":[]}"
194,2001-03-01T00:00:00,2.2430960507391244,nantaizihu,"{""type"":""MultiPoint"",""coordinates"":[]}"
195,2001-04-01T00:00:00,2.1060317999842026,nantaizihu,"{""type"":""MultiPoint"",""coordinates"":[]}"
196,2001-05-01T00:00:00,2.293037049417414,nantaizihu,"{""type"":""MultiPoint"",""coordinates"":[]}"
197,2001-06-01T00:00:00,0.5717826604654948,nantaizihu,"{""type"":""MultiPoint"",""coordinates"":[]}"
198,2001-07-01T00:00:00,2.855718002593397,nantaizihu,"{""type"":""MultiPoint"",""coordinates"":[]}"
199,2001-08-01T00:00:00,0.22960225139662807,nantaizihu,"{""type"":""MultiPoint"",""coordinates"":[]}"
200,2001-09-01T00:00:00,2.090559415962011,nantaizihu,"{""type"":""MultiPoint"",""coordinates"":[]}"
201,2001-10-01T00:00:00,0.00309155908203125,nantaizihu,"{""type"":""MultiPoint"",""coordinates"":[]}"
202,2001-11-01T00:00:00,3.0729850926506503,nantaizihu,"{""type"":""MultiPoint"",""coordinates"":[]}"
203,2001-12-01T00:00:00,0.0,nantaizihu,"{""type"":""MultiPoint"",""coordinates"":[]}"
204,2002-01-01T00:00:00,1.0446700044246895,nantaizihu,"{""type"":""MultiPoint"",""coordinates"":[]}"
205,2002-02-01T00:00:00,2.254400696322094,nantaizihu,"{""type"":""MultiPoint"",""coordinates"":[]}"
206,2002-03-01T00:00:00,2.373981149987794,nantaizihu,"{""type"":""MultiPoint"",""coordinates"":[]}"
207,2002-04-01T00:00:00,0.00471386328125,nantaizihu,"{""type"":""MultiPoint"",""coordinates"":[]}"
208,2002-05-01T00:00:00,0.0,nantaizihu,"{""type"":""MultiPoint"",""coordinates"":[]}"
209,2002-06-01T00:00:00,0.14062166672722312,nantaizihu,"{""type"":""MultiPoint"",""coordinates"":[]}"
210,2002-07-01T00:00:00,1.6482235487077306,nantaizihu,"{""type"":""MultiPoint"",""coordinates"":[]}"
211,2002-08-01T00:00:00,2.3706121686537798,nantaizihu,"{""type"":""MultiPoint"",""coordinates"":[]}"
212,2002-09-01T00:00:00,1.6407654514289411,nantaizihu,"{""type"":""MultiPoint"",""coordinates"":[]}"
213,2002-10-01T00:00:00,2.1300448472570097,nantaizihu,"{""type"":""MultiPoint"",""coordinates"":[]}"
214,2002-11-01T00:00:00,0.12727975293615007,nantaizihu,"{""type"":""MultiPoint"",""coordinates"":[]}"
215,2002-12-01T00:00:00,0.0,nantaizihu,"{""type"":""MultiPoint"",""coordinates"":[]}"
216,2003-01-01T00:00:00,3.148544282113112,nantaizihu,"{""type"":""MultiPoint"",""coordinates"":[]}"
217,2003-02-01T00:00:00,3.075895822771621,nantaizihu,"{""type"":""MultiPoint"",""coordinates"":[]}"
218,2003-03-01T00:00:00,1.670919797647873,nantaizihu,"{""type"":""MultiPoint"",""coordinates"":[]}"
219,2003-04-01T00:00:00,2.3601787349599808,nantaizihu,"{""type"":""MultiPoint"",""coordinates"":[]}"
220,2003-05-01T00:00:00,2.1148023307437684,nantaizihu,"{""type"":""MultiPoint"",""coordinates"":[]}"
221,2003-06-01T00:00:00,0.6091283385756548,nantaizihu,"{""type"":""MultiPoint"",""coordinates"":[]}"
222,2003-07-01T00:00:00,1.9551777964183135,nantaizihu,"{""type"":""MultiPoint"",""coordinates"":[]}"
223,2003-08-01T00:00:00,0.27742863578311694,nantaizihu,"{""type"":""MultiPoint"",""coordinates"":[]}"
224,2003-09-01T00:00:00,2.04650088603779,nantaizihu,"{""type"":""MultiPoint"",""coordinates"":[]}"
225,2003-10-01T00:00:00,2.4947697348860203,nantaizihu,"{""type"":""MultiPoint"",""coordinates"":[]}"
226,2003-11-01T00:00:00,2.7600794870210548,nantaizihu,"{""type"":""MultiPoint"",""coordinates"":[]}"
227,2003-12-01T00:00:00,0.0,nantaizihu,"{""type"":""MultiPoint"",""coordinates"":[]}"
228,2004-01-01T00:00:00,3.213214638051952,nantaizihu,"{""type"":""MultiPoint"",""coordinates"":[]}"
229,2004-02-01T00:00:00,1.9663293720135857,nantaizihu,"{""type"":""MultiPoint"",""coordinates"":[]}"
230,2004-03-01T00:00:00,1.377529206985294,nantaizihu,"{""type"":""MultiPoint"",""coordinates"":[]}"
231,2004-04-01T00:00:00,0.2764448066334444,nantaizihu,"{""type"":""MultiPoint"",""coordinates"":[]}"
232,2004-05-01T00:00:00,0.0,nantaizihu,"{""type"":""MultiPoint"",""coordinates"":[]}"
233,2004-06-01T00:00:00,0.0,nantaizihu,"{""type"":""MultiPoint"",""coordinates"":[]}"
234,2004-07-01T00:00:00,2.1955874900910026,nantaizihu,"{""type"":""MultiPoint"",""coordinates"":[]}"
235,2004-08-01T00:00:00,0.8394470004272461,nantaizihu,"{""type"":""MultiPoint"",""coordinates"":[]}"
236,2004-09-01T00:00:00,2.0235729136237652,nantaizihu,"{""type"":""MultiPoint"",""coordinates"":[]}"
237,2004-10-01T00:00:00,2.332491667466347,nantaizihu,"{""type"":""MultiPoint"",""coordinates"":[]}"
238,2004-11-01T00:00:00,2.476933280201631,nantaizihu,"{""type"":""MultiPoint"",""coordinates"":[]}"
239,2004-12-01T00:00:00,0.0,nantaizihu,"{""type"":""MultiPoint"",""coordinates"":[]}"
240,2005-01-01T00:00:00,2.5734057899169933,nantaizihu,"{""type"":""MultiPoint"",""coordinates"":[]}"
241,2005-02-01T00:00:00,1.9604884353149412,nantaizihu,"{""type"":""MultiPoint"",""coordinates"":[]}"
242,2005-03-01T00:00:00,2.57535441975002,nantaizihu,"{""type"":""MultiPoint"",""coordinates"":[]}"
243,2005-04-01T00:00:00,0.7162545537169213,nantaizihu,"{""type"":""MultiPoint"",""coordinates"":[]}"
244,2005-05-01T00:00:00,2.1259798922999966,nantaizihu,"{""type"":""MultiPoint"",""coordinates"":[]}"
245,2005-06-01T00:00:00,0.06261192333984375,nantaizihu,"{""type"":""MultiPoint"",""coordinates"":[]}"
246,2005-07-01T00:00:00,0.18010116040039062,nantaizihu,"{""type"":""MultiPoint"",""coordinates"":[]}"
247,2005-08-01T00:00:00,0.9166933747012868,nantaizihu,"{""type"":""MultiPoint"",""coordinates"":[]}"
248,2005-09-01T00:00:00,1.8756144344197592,nantaizihu,"{""type"":""MultiPoint"",""coordinates"":[]}"
249,2005-10-01T00:00:00,2.030476782416849,nantaizihu,"{""type"":""MultiPoint"",""coordinates"":[]}"
250,2005-11-01T00:00:00,2.11350028010613,nantaizihu,"{""type"":""MultiPoint"",""coordinates"":[]}"
251,2005-12-01T00:00:00,0.0,nantaizihu,"{""type"":""MultiPoint"",""coordinates"":[]}"
252,2006-01-01T00:00:00,2.435575357249301,nantaizihu,"{""type"":""MultiPoint"",""coordinates"":[]}"
253,2006-02-01T00:00:00,1.3334972694879275,nantaizihu,"{""type"":""MultiPoint"",""coordinates"":[]}"
254,2006-03-01T00:00:00,3.338773079967066,nantaizihu,"{""type"":""MultiPoint"",""coordinates"":[]}"
255,2006-04-01T00:00:00,2.083809249622779,nantaizihu,"{""type"":""MultiPoint"",""coordinates"":[]}"
256,2006-05-01T00:00:00,1.6800328683912091,nantaizihu,"{""type"":""MultiPoint"",""coordinates"":[]}"
257,2006-06-01T00:00:00,1.5147173390797335,nantaizihu,"{""type"":""MultiPoint"",""coordinates"":[]}"
258,2006-07-01T00:00:00,0.760326088877719,nantaizihu,"{""type"":""MultiPoint"",""coordinates"":[]}"
259,2006-08-01T00:00:00,0.8398422064326269,nantaizihu,"{""type"":""MultiPoint"",""coordinates"":[]}"
260,2006-09-01T00:00:00,1.5773726863508637,nantaizihu,"{""type"":""MultiPoint"",""coordinates"":[]}"
261,2006-10-01T00:00:00,2.233525099071069,nantaizihu,"{""type"":""MultiPoint"",""coordinates"":[]}"
262,2006-11-01T00:00:00,2.3968971958235197,nantaizihu,"{""type"":""MultiPoint"",""coordinates"":[]}"
263,2006-12-01T00:00:00,0.0,nantaizihu,"{""type"":""MultiPoint"",""coordinates"":[]}"
264,2007-01-01T00:00:00,2.11633041256678,nantaizihu,"{""type"":""MultiPoint"",""coordinates"":[]}"
265,2007-02-01T00:00:00,2.5566302624566775,nantaizihu,"{""type"":""MultiPoint"",""coordinates"":[]}"
266,2007-03-01T00:00:00,2.614141770015224,nantaizihu,"{""type"":""MultiPoint"",""coordinates"":[]}"
267,2007-04-01T00:00:00,2.244918939503629,nantaizihu,"{""type"":""MultiPoint"",""coordinates"":[]}"
268,2007-05-01T00:00:00,0.2620451012573242,nantaizihu,"{""type"":""MultiPoint"",""coordinates"":[]}"
269,2007-06-01T00:00:00,0.14367405982450596,nantaizihu,"{""type"":""MultiPoint"",""coordinates"":[]}"
270,2007-07-01T00:00:00,1.102711936611759,nantaizihu,"{""type"":""MultiPoint"",""coordinates"":[]}"
271,2007-08-01T00:00:00,0.6701751704711915,nantaizihu,"{""type"":""MultiPoint"",""coordinates"":[]}"
272,2007-09-01T00:00:00,1.368852181192555,nantaizihu,"{""type"":""MultiPoint"",""coordinates"":[]}"
273,2007-10-01T00:00:00,1.4787329087778127,nantaizihu,"{""type"":""MultiPoint"",""coordinates"":[]}"
274,2007-11-01T00:00:00,1.8949000349817609,nantaizihu,"{""type"":""MultiPoint"",""coordinates"":[]}"
275,2007-12-01T00:00:00,0.0,nantaizihu,"{""type"":""MultiPoint"",""coordinates"":[]}"
276,2008-01-01T00:00:00,0.0,nantaizihu,"{""type"":""MultiPoint"",""coordinates"":[]}"
277,2008-02-01T00:00:00,2.8464938898988033,nantaizihu,"{""type"":""MultiPoint"",""coordinates"":[]}"
278,2008-03-01T00:00:00,2.8322990497675886,nantaizihu,"{""type"":""MultiPoint"",""coordinates"":[]}"
279,2008-04-01T00:00:00,1.7186155924673046,nantaizihu,"{""type"":""MultiPoint"",""coordinates"":[]}"
280,2008-05-01T00:00:00,0.2443824565056296,nantaizihu,"{""type"":""MultiPoint"",""coordinates"":[]}"
281,2008-06-01T00:00:00,0.0,nantaizihu,"{""type"":""MultiPoint"",""coordinates"":[]}"
282,2008-07-01T00:00:00,0.9911390055793313,nantaizihu,"{""type"":""MultiPoint"",""coordinates"":[]}"
283,2008-08-01T00:00:00,0.3949942064819336,nantaizihu,"{""type"":""MultiPoint"",""coordinates"":[]}"
284,2008-09-01T00:00:00,0.863417326965332,nantaizihu,"{""type"":""MultiPoint"",""coordinates"":[]}"
285,2008-10-01T00:00:00,2.1785262791961073,nantaizihu,"{""type"":""MultiPoint"",""coordinates"":[]}"
286,2008-11-01T00:00:00,2.520517467329915,nantaizihu,"{""type"":""MultiPoint"",""coordinates"":[]}"
287,2008-12-01T00:00:00,0.0,nantaizihu,"{""type"":""MultiPoint"",""coordinates"":[]}"
288,2009-01-01T00:00:00,2.7977374679864626,nantaizihu,"{""type"":""MultiPoint"",""coordinates"":[]}"
289,2009-02-01T00:00:00,1.94737462071988,nantaizihu,"{""type"":""MultiPoint"",""coordinates"":[]}"
290,2009-03-01T00:00:00,2.127785956713867,nantaizihu,"{""type"":""MultiPoint"",""coordinates"":[]}"
291,2009-04-01T00:00:00,1.1163378415690104,nantaizihu,"{""type"":""MultiPoint"",""coordinates"":[]}"
292,2009-05-01T00:00:00,1.8503301778980932,nantaizihu,"{""type"":""MultiPoint"",""coordinates"":[]}"
293,2009-06-01T00:00:00,0.5933191660903033,nantaizihu,"{""type"":""MultiPoint"",""coordinates"":[]}"
294,2009-07-01T00:00:00,1.6686535951351391,nantaizihu,"{""type"":""MultiPoint"",""coordinates"":[]}"
295,2009-08-01T00:00:00,0.15460765677777458,nantaizihu,"{""type"":""MultiPoint"",""coordinates"":[]}"
296,2009-09-01T00:00:00,1.4872330624394436,nantaizihu,"{""type"":""MultiPoint"",""coordinates"":[]}"
297,2009-10-01T00:00:00,0.3191190314962948,nantaizihu,"{""type"":""MultiPoint"",""coordinates"":[]}"
298,2009-11-01T00:00:00,2.32987792316344,nantaizihu,"{""type"":""MultiPoint"",""coordinates"":[]}"
299,2009-12-01T00:00:00,0.0,nantaizihu,"{""type"":""MultiPoint"",""coordinates"":[]}"
300,2010-01-01T00:00:00,1.8735573248494466,nantaizihu,"{""type"":""MultiPoint"",""coordinates"":[]}"
301,2010-02-01T00:00:00,1.7741300431219365,nantaizihu,"{""type"":""MultiPoint"",""coordinates"":[]}"
302,2010-03-01T00:00:00,1.8140874761998793,nantaizihu,"{""type"":""MultiPoint"",""coordinates"":[]}"
303,2010-04-01T00:00:00,0.0,nantaizihu,"{""type"":""MultiPoint"",""coordinates"":[]}"
304,2010-05-01T00:00:00,0.0,nantaizihu,"{""type"":""MultiPoint"",""coordinates"":[]}"
305,2010-06-01T00:00:00,0.2655651068792605,nantaizihu,"{""type"":""MultiPoint"",""coordinates"":[]}"
306,2010-07-01T00:00:00,1.5928204131314148,nantaizihu,"{""type"":""MultiPoint"",""coordinates"":[]}"
307,2010-08-01T00:00:00,0.8450671134066712,nantaizihu,"{""type"":""MultiPoint"",""coordinates"":[]}"
308,2010-09-01T00:00:00,1.4561786562258252,nantaizihu,"{""type"":""MultiPoint"",""coordinates"":[]}"
309,2010-10-01T00:00:00,1.9487312141570448,nantaizihu,"{""type"":""MultiPoint"",""coordinates"":[]}"
310,2010-11-01T00:00:00,1.8636071892707375,nantaizihu,"{""type"":""MultiPoint"",""coordinates"":[]}"
311,2010-12-01T00:00:00,0.0,nantaizihu,"{""type"":""MultiPoint"",""coordinates"":[]}"
312,2011-01-01T00:00:00,3.154309872853718,nantaizihu,"{""type"":""MultiPoint"",""coordinates"":[]}"
313,2011-02-01T00:00:00,3.153324929113294,nantaizihu,"{""type"":""MultiPoint"",""coordinates"":[]}"
314,2011-03-01T00:00:00,2.4073406239478015,nantaizihu,"{""type"":""MultiPoint"",""coordinates"":[]}"
315,2011-04-01T00:00:00,0.0,nantaizihu,"{""type"":""MultiPoint"",""coordinates"":[]}"
316,2011-05-01T00:00:00,0.0,nantaizihu,"{""type"":""MultiPoint"",""coordinates"":[]}"
317,2011-06-01T00:00:00,0.08425779852294922,nantaizihu,"{""type"":""MultiPoint"",""coordinates"":[]}"
318,2011-07-01T00:00:00,0.04869897326660156,nantaizihu,"{""type"":""MultiPoint"",""coordinates"":[]}"
319,2011-08-01T00:00:00,1.531891596968348,nantaizihu,"{""type"":""MultiPoint"",""coordinates"":[]}"
320,2011-09-01T00:00:00,0.8479974358408011,nantaizihu,"{""type"":""MultiPoint"",""coordinates"":[]}"
321,2011-10-01T00:00:00,1.491691267546291,nantaizihu,"{""type"":""MultiPoint"",""coordinates"":[]}"
322,2011-11-01T00:00:00,1.9266377895132027,nantaizihu,"{""type"":""MultiPoint"",""coordinates"":[]}"
323,2011-12-01T00:00:00,0.0,nantaizihu,"{""type"":""MultiPoint"",""coordinates"":[]}"
324,2012-01-01T00:00:00,2.825307419902728,nantaizihu,"{""type"":""MultiPoint"",""coordinates"":[]}"
325,2012-02-01T00:00:00,1.8991827089491904,nantaizihu,"{""type"":""MultiPoint"",""coordinates"":[]}"
326,2012-03-01T00:00:00,2.485755215286076,nantaizihu,"{""type"":""MultiPoint"",""coordinates"":[]}"
327,2012-04-01T00:00:00,0.0,nantaizihu,"{""type"":""MultiPoint"",""coordinates"":[]}"
328,2012-05-01T00:00:00,1.4012231303241804,nantaizihu,"{""type"":""MultiPoint"",""coordinates"":[]}"
329,2012-06-01T00:00:00,1.0101406887750364,nantaizihu,"{""type"":""MultiPoint"",""coordinates"":[]}"
330,2012-07-01T00:00:00,1.5686333749439911,nantaizihu,"{""type"":""MultiPoint"",""coordinates"":[]}"
331,2012-08-01T00:00:00,0.0,nantaizihu,"{""type"":""MultiPoint"",""coordinates"":[]}"
332,2012-09-01T00:00:00,1.139995639116594,nantaizihu,"{""type"":""MultiPoint"",""coordinates"":[]}"
333,2012-10-01T00:00:00,0.0,nantaizihu,"{""type"":""MultiPoint"",""coordinates"":[]}"
334,2012-11-01T00:00:00,0.0,nantaizihu,"{""type"":""MultiPoint"",""coordinates"":[]}"
335,2012-12-01T00:00:00,0.0,nantaizihu,"{""type"":""MultiPoint"",""coordinates"":[]}"
336,2013-01-01T00:00:00,2.670521704673379,nantaizihu,"{""type"":""MultiPoint"",""coordinates"":[]}"
337,2013-02-01T00:00:00,0.0,nantaizihu,"{""type"":""MultiPoint"",""coordinates"":[]}"
338,2013-03-01T00:00:00,0.0,nantaizihu,"{""type"":""MultiPoint"",""coordinates"":[]}"
339,2013-04-01T00:00:00,0.9742465884449679,nantaizihu,"{""type"":""MultiPoint"",""coordinates"":[]}"
340,2013-05-01T00:00:00,1.8801763045376647,nantaizihu,"{""type"":""MultiPoint"",""coordinates"":[]}"
341,2013-06-01T00:00:00,1.6905553352278169,nantaizihu,"{""type"":""MultiPoint"",""coordinates"":[]}"
342,2013-07-01T00:00:00,1.9322605564280793,nantaizihu,"{""type"":""MultiPoint"",""coordinates"":[]}"
343,2013-08-01T00:00:00,2.001713224698654,nantaizihu,"{""type"":""MultiPoint"",""coordinates"":[]}"
344,2013-09-01T00:00:00,1.814243027497415,nantaizihu,"{""type"":""MultiPoint"",""coordinates"":[]}"
345,2013-10-01T00:00:00,2.157453686058852,nantaizihu,"{""type"":""MultiPoint"",""coordinates"":[]}"
346,2013-11-01T00:00:00,2.048902901472264,nantaizihu,"{""type"":""MultiPoint"",""coordinates"":[]}"
347,2013-12-01T00:00:00,0.0,nantaizihu,"{""type"":""MultiPoint"",""coordinates"":[]}"
348,2014-01-01T00:00:00,2.3557852577720495,nantaizihu,"{""type"":""MultiPoint"",""coordinates"":[]}"
349,2014-02-01T00:00:00,0.0,nantaizihu,"{""type"":""MultiPoint"",""coordinates"":[]}"
350,2014-03-01T00:00:00,0.0,nantaizihu,"{""type"":""MultiPoint"",""coordinates"":[]}"
351,2014-04-01T00:00:00,1.5873447962653662,nantaizihu,"{""type"":""MultiPoint"",""coordinates"":[]}"
352,2014-05-01T00:00:00,1.8908215252795648,nantaizihu,"{""type"":""MultiPoint"",""coordinates"":[]}"
353,2014-06-01T00:00:00,0.0,nantaizihu,"{""type"":""MultiPoint"",""coordinates"":[]}"
354,2014-07-01T00:00:00,0.6029183806152344,nantaizihu,"{""type"":""MultiPoint"",""coordinates"":[]}"
355,2014-08-01T00:00:00,0.6065158164715936,nantaizihu,"{""type"":""MultiPoint"",""coordinates"":[]}"
356,2014-09-01T00:00:00,0.05024649615478516,nantaizihu,"{""type"":""MultiPoint"",""coordinates"":[]}"
357,2014-10-01T00:00:00,2.0367702565518244,nantaizihu,"{""type"":""MultiPoint"",""coordinates"":[]}"
358,2014-11-01T00:00:00,0.0,nantaizihu,"{""type"":""MultiPoint"",""coordinates"":[]}"
359,2014-12-01T00:00:00,0.0,nantaizihu,"{""type"":""MultiPoint"",""coordinates"":[]}"
360,2015-01-01T00:00:00,0.0,nantaizihu,"{""type"":""MultiPoint"",""coordinates"":[]}"
361,2015-02-01T00:00:00,0.0,nantaizihu,"{""type"":""MultiPoint"",""coordinates"":[]}"
362,2015-03-01T00:00:00,2.07683401200023,nantaizihu,"{""type"":""MultiPoint"",""coordinates"":[]}"
363,2015-04-01T00:00:00,1.3761088236512429,nantaizihu,"{""type"":""MultiPoint"",""coordinates"":[]}"
364,2015-05-01T00:00:00,0.0,nantaizihu,"{""type"":""MultiPoint"",""coordinates"":[]}"
365,2015-06-01T00:00:00,0.0,nantaizihu,"{""type"":""MultiPoint"",""coordinates"":[]}"
366,2015-07-01T00:00:00,1.707508916086713,nantaizihu,"{""type"":""MultiPoint"",""coordinates"":[]}"
367,2015-08-01T00:00:00,1.5556420014181698,nantaizihu,"{""type"":""MultiPoint"",""coordinates"":[]}"
368,2015-09-01T00:00:00,1.3350966369454178,nantaizihu,"{""type"":""MultiPoint"",""coordinates"":[]}"
369,2015-10-01T00:00:00,1.8151677412815466,nantaizihu,"{""type"":""MultiPoint"",""coordinates"":[]}"
370,2015-11-01T00:00:00,2.0774917144282323,nantaizihu,"{""type"":""MultiPoint"",""coordinates"":[]}"
371,2015-12-01T00:00:00,0.0,nantaizihu,"{""type"":""MultiPoint"",""coordinates"":[]}"
372,2016-01-01T00:00:00,0.0,nantaizihu,"{""type"":""MultiPoint"",""coordinates"":[]}"
373,2016-02-01T00:00:00,1.788009794024778,nantaizihu,"{""type"":""MultiPoint"",""coordinates"":[]}"
374,2016-03-01T00:00:00,2.3352149140160656,nantaizihu,"{""type"":""MultiPoint"",""coordinates"":[]}"
375,2016-04-01T00:00:00,2.2198527589367436,nantaizihu,"{""type"":""MultiPoint"",""coordinates"":[]}"
376,2016-05-01T00:00:00,0.9215469669589174,nantaizihu,"{""type"":""MultiPoint"",""coordinates"":[]}"
377,2016-06-01T00:00:00,1.0168982504399318,nantaizihu,"{""type"":""MultiPoint"",""coordinates"":[]}"
378,2016-07-01T00:00:00,2.627513910762533,nantaizihu,"{""type"":""MultiPoint"",""coordinates"":[]}"
379,2016-08-01T00:00:00,2.5878857214020368,nantaizihu,"{""type"":""MultiPoint"",""coordinates"":[]}"
380,2016-09-01T00:00:00,2.3168025709716797,nantaizihu,"{""type"":""MultiPoint"",""coordinates"":[]}"
381,2016-10-01T00:00:00,0.0,nantaizihu,"{""type"":""MultiPoint"",""coordinates"":[]}"
382,2016-11-01T00:00:00,2.4933156022819967,nantaizihu,"{""type"":""MultiPoint"",""coordinates"":[]}"
383,2016-12-01T00:00:00,0.0,nantaizihu,"{""type"":""MultiPoint"",""coordinates"":[]}"
384,2017-01-01T00:00:00,0.0,nantaizihu,"{""type"":""MultiPoint"",""coordinates"":[]}"
385,2017-02-01T00:00:00,2.6916541118362733,nantaizihu,"{""type"":""MultiPoint"",""coordinates"":[]}"
386,2017-03-01T00:00:00,0.13720830893674366,nantaizihu,"{""type"":""MultiPoint"",""coordinates"":[]}"
387,2017-04-01T00:00:00,2.142288334697409,nantaizihu,"{""type"":""MultiPoint"",""coordinates"":[]}"
388,2017-05-01T00:00:00,0.0,nantaizihu,"{""type"":""MultiPoint"",""coordinates"":[]}"
389,2017-06-01T00:00:00,0.6814513634160061,nantaizihu,"{""type"":""MultiPoint"",""coordinates"":[]}"
390,2017-07-01T00:00:00,2.288697938449037,nantaizihu,"{""type"":""MultiPoint"",""coordinates"":[]}"
391,2017-08-01T00:00:00,2.306848258201449,nantaizihu,"{""type"":""MultiPoint"",""coordinates"":[]}"
392,2017-09-01T00:00:00,0.9618306824857824,nantaizihu,"{""type"":""MultiPoint"",""coordinates"":[]}"
393,2017-10-01T00:00:00,2.323467751685049,nantaizihu,"{""type"":""MultiPoint"",""coordinates"":[]}"
394,2017-11-01T00:00:00,2.3436073923540905,nantaizihu,"{""type"":""MultiPoint"",""coordinates"":[]}"
395,2017-12-01T00:00:00,0.0,nantaizihu,"{""type"":""MultiPoint"",""coordinates"":[]}"
396,2018-01-01T00:00:00,0.0,nantaizihu,"{""type"":""MultiPoint"",""coordinates"":[]}"
397,2018-02-01T00:00:00,2.6443954697122014,nantaizihu,"{""type"":""MultiPoint"",""coordinates"":[]}"
398,2018-03-01T00:00:00,2.590557048472207,nantaizihu,"{""type"":""MultiPoint"",""coordinates"":[]}"
399,2018-04-01T00:00:00,2.33449527543706,nantaizihu,"{""type"":""MultiPoint"",""coordinates"":[]}"
400,2018-05-01T00:00:00,0.6741979747943952,nantaizihu,"{""type"":""MultiPoint"",""coordinates"":[]}"
401,2018-06-01T00:00:00,2.2058299162157247,nantaizihu,"{""type"":""MultiPoint"",""coordinates"":[]}"
402,2018-07-01T00:00:00,2.249090602326277,nantaizihu,"{""type"":""MultiPoint"",""coordinates"":[]}"
403,2018-08-01T00:00:00,0.6360336736213233,nantaizihu,"{""type"":""MultiPoint"",""coordinates"":[]}"
404,2018-09-01T00:00:00,2.248893848253677,nantaizihu,"{""type"":""MultiPoint"",""coordinates"":[]}"
405,2018-10-01T00:00:00,2.0167522882915425,nantaizihu,"{""type"":""MultiPoint"",""coordinates"":[]}"
406,2018-11-01T00:00:00,2.4405426321770163,nantaizihu,"{""type"":""MultiPoint"",""coordinates"":[]}"
407,2018-12-01T00:00:00,0.0,nantaizihu,"{""type"":""MultiPoint"",""coordinates"":[]}"
408,2019-01-01T00:00:00,0.0,nantaizihu,"{""type"":""MultiPoint"",""coordinates"":[]}"
409,2019-02-01T00:00:00,1.4703540327708526,nantaizihu,"{""type"":""MultiPoint"",""coordinates"":[]}"
410,2019-03-01T00:00:00,2.418751747470991,nantaizihu,"{""type"":""MultiPoint"",""coordinates"":[]}"
411,2019-04-01T00:00:00,1.984653248135675,nantaizihu,"{""type"":""MultiPoint"",""coordinates"":[]}"
412,2019-05-01T00:00:00,0.0,nantaizihu,"{""type"":""MultiPoint"",""coordinates"":[]}"
413,2019-06-01T00:00:00,2.309722851406921,nantaizihu,"{""type"":""MultiPoint"",""coordinates"":[]}"
414,2019-07-01T00:00:00,2.07727728037612,nantaizihu,"{""type"":""MultiPoint"",""coordinates"":[]}"
415,2019-08-01T00:00:00,2.234028246551873,nantaizihu,"{""type"":""MultiPoint"",""coordinates"":[]}"
416,2019-09-01T00:00:00,1.7700050181532916,nantaizihu,"{""type"":""MultiPoint"",""coordinates"":[]}"
417,2019-10-01T00:00:00,2.282748766467525,nantaizihu,"{""type"":""MultiPoint"",""coordinates"":[]}"
418,2019-11-01T00:00:00,2.1698499300762104,nantaizihu,"{""type"":""MultiPoint"",""coordinates"":[]}"
419,2019-12-01T00:00:00,0.0,nantaizihu,"{""type"":""MultiPoint"",""coordinates"":[]}"
420,2020-01-01T00:00:00,0.0,nantaizihu,"{""type"":""MultiPoint"",""coordinates"":[]}"
421,2020-02-01T00:00:00,2.7501418473225923,nantaizihu,"{""type"":""MultiPoint"",""coordinates"":[]}"
422,2020-03-01T00:00:00,2.3521503532396504,nantaizihu,"{""type"":""MultiPoint"",""coordinates"":[]}"
423,2020-04-01T00:00:00,2.477661884988942,nantaizihu,"{""type"":""MultiPoint"",""coordinates"":[]}"
424,2020-05-01T00:00:00,1.5929350184144262,nantaizihu,"{""type"":""MultiPoint"",""coordinates"":[]}"
425,2020-06-01T00:00:00,1.7607508945712218,nantaizihu,"{""type"":""MultiPoint"",""coordinates"":[]}"
426,2020-07-01T00:00:00,0.1969811780172909,nantaizihu,"{""type"":""MultiPoint"",""coordinates"":[]}"
427,2020-08-01T00:00:00,2.284946103773888,nantaizihu,"{""type"":""MultiPoint"",""coordinates"":[]}"
428,2020-09-01T00:00:00,1.6121176660661287,nantaizihu,"{""type"":""MultiPoint"",""coordinates"":[]}"
429,2020-10-01T00:00:00,2.160907044206208,nantaizihu,"{""type"":""MultiPoint"",""coordinates"":[]}"
430,2020-11-01T00:00:00,0.0,nantaizihu,"{""type"":""MultiPoint"",""coordinates"":[]}"
431,2020-12-01T00:00:00,0.0,nantaizihu,"{""type"":""MultiPoint"",""coordinates"":[]}"
