system:index,Date,area_km2,lake,.geo
0,1985-01-01T00:00:00,0.0,lannihu,"{""type"":""MultiPoint"",""coordinates"":[]}"
1,1985-02-01T00:00:00,0.0,lannihu,"{""type"":""MultiPoint"",""coordinates"":[]}"
2,1985-03-01T00:00:00,0.0,lannihu,"{""type"":""MultiPoint"",""coordinates"":[]}"
3,1985-04-01T00:00:00,0.0,lannihu,"{""type"":""MultiPoint"",""coordinates"":[]}"
4,1985-05-01T00:00:00,0.0,lannihu,"{""type"":""MultiPoint"",""coordinates"":[]}"
5,1985-06-01T00:00:00,0.0,lannihu,"{""type"":""MultiPoint"",""coordinates"":[]}"
6,1985-07-01T00:00:00,0.0,lannihu,"{""type"":""MultiPoint"",""coordinates"":[]}"
7,1985-08-01T00:00:00,0.0,lannihu,"{""type"":""MultiPoint"",""coordinates"":[]}"
8,1985-09-01T00:00:00,0.0,lannihu,"{""type"":""MultiPoint"",""coordinates"":[]}"
9,1985-10-01T00:00:00,0.0,lannihu,"{""type"":""MultiPoint"",""coordinates"":[]}"
10,1985-11-01T00:00:00,0.0,lannihu,"{""type"":""MultiPoint"",""coordinates"":[]}"
11,1985-12-01T00:00:00,0.0,lannihu,"{""type"":""MultiPoint"",""coordinates"":[]}"
12,1986-01-01T00:00:00,0.0,lannihu,"{""type"":""MultiPoint"",""coordinates"":[]}"
13,1986-02-01T00:00:00,0.0,lannihu,"{""type"":""MultiPoint"",""coordinates"":[]}"
14,1986-03-01T00:00:00,0.0,lannihu,"{""type"":""MultiPoint"",""coordinates"":[]}"
15,1986-04-01T00:00:00,0.0,lannihu,"{""type"":""MultiPoint"",""coordinates"":[]}"
16,1986-05-01T00:00:00,0.0,lannihu,"{""type"":""MultiPoint"",""coordinates"":[]}"
17,1986-06-01T00:00:00,0.0,lannihu,"{""type"":""MultiPoint"",""coordinates"":[]}"
18,1986-07-01T00:00:00,0.0,lannihu,"{""type"":""MultiPoint"",""coordinates"":[]}"
19,1986-08-01T00:00:00,0.0,lannihu,"{""type"":""MultiPoint"",""coordinates"":[]}"
20,1986-09-01T00:00:00,0.0,lannihu,"{""type"":""MultiPoint"",""coordinates"":[]}"
21,1986-10-01T00:00:00,0.0,lannihu,"{""type"":""MultiPoint"",""coordinates"":[]}"
22,1986-11-01T00:00:00,0.0,lannihu,"{""type"":""MultiPoint"",""coordinates"":[]}"
23,1986-12-01T00:00:00,0.0,lannihu,"{""type"":""MultiPoint"",""coordinates"":[]}"
24,1987-01-01T00:00:00,0.0,lannihu,"{""type"":""MultiPoint"",""coordinates"":[]}"
25,1987-02-01T00:00:00,0.0,lannihu,"{""type"":""MultiPoint"",""coordinates"":[]}"
26,1987-03-01T00:00:00,0.0,lannihu,"{""type"":""MultiPoint"",""coordinates"":[]}"
27,1987-04-01T00:00:00,0.0,lannihu,"{""type"":""MultiPoint"",""coordinates"":[]}"
28,1987-05-01T00:00:00,0.0,lannihu,"{""type"":""MultiPoint"",""coordinates"":[]}"
29,1987-06-01T00:00:00,0.0,lannihu,"{""type"":""MultiPoint"",""coordinates"":[]}"
30,1987-07-01T00:00:00,0.0,lannihu,"{""type"":""MultiPoint"",""coordinates"":[]}"
31,1987-08-01T00:00:00,0.0,lannihu,"{""type"":""MultiPoint"",""coordinates"":[]}"
32,1987-09-01T00:00:00,0.10186989528305951,lannihu,"{""type"":""MultiPoint"",""coordinates"":[]}"
33,1987-10-01T00:00:00,0.0,lannihu,"{""type"":""MultiPoint"",""coordinates"":[]}"
34,1987-11-01T00:00:00,0.0,lannihu,"{""type"":""MultiPoint"",""coordinates"":[]}"
35,1987-12-01T00:00:00,0.0,lannihu,"{""type"":""MultiPoint"",""coordinates"":[]}"
36,1988-01-01T00:00:00,0.0,lannihu,"{""type"":""MultiPoint"",""coordinates"":[]}"
37,1988-02-01T00:00:00,0.0,lannihu,"{""type"":""MultiPoint"",""coordinates"":[]}"
38,1988-03-01T00:00:00,0.0,lannihu,"{""type"":""MultiPoint"",""coordinates"":[]}"
39,1988-04-01T00:00:00,0.0,lannihu,"{""type"":""MultiPoint"",""coordinates"":[]}"
40,1988-05-01T00:00:00,0.0,lannihu,"{""type"":""MultiPoint"",""coordinates"":[]}"
41,1988-06-01T00:00:00,0.0,lannihu,"{""type"":""MultiPoint"",""coordinates"":[]}"
42,1988-07-01T00:00:00,0.0,lannihu,"{""type"":""MultiPoint"",""coordinates"":[]}"
43,1988-08-01T00:00:00,0.0,lannihu,"{""type"":""MultiPoint"",""coordinates"":[]}"
44,1988-09-01T00:00:00,0.0,lannihu,"{""type"":""MultiPoint"",""coordinates"":[]}"
45,1988-10-01T00:00:00,0.0,lannihu,"{""type"":""MultiPoint"",""coordinates"":[]}"
46,1988-11-01T00:00:00,0.0,lannihu,"{""type"":""MultiPoint"",""coordinates"":[]}"
47,1988-12-01T00:00:00,0.0,lannihu,"{""type"":""MultiPoint"",""coordinates"":[]}"
48,1989-01-01T00:00:00,0.0,lannihu,"{""type"":""MultiPoint"",""coordinates"":[]}"
49,1989-02-01T00:00:00,0.0,lannihu,"{""type"":""MultiPoint"",""coordinates"":[]}"
50,1989-03-01T00:00:00,0.0,lannihu,"{""type"":""MultiPoint"",""coordinates"":[]}"
51,1989-04-01T00:00:00,0.0,lannihu,"{""type"":""MultiPoint"",""coordinates"":[]}"
52,1989-05-01T00:00:00,0.0,lannihu,"{""type"":""MultiPoint"",""coordinates"":[]}"
53,1989-06-01T00:00:00,0.0,lannihu,"{""type"":""MultiPoint"",""coordinates"":[]}"
54,1989-07-01T00:00:00,0.0,lannihu,"{""type"":""MultiPoint"",""coordinates"":[]}"
55,1989-08-01T00:00:00,0.0,lannihu,"{""type"":""MultiPoint"",""coordinates"":[]}"
56,1989-09-01T00:00:00,0.0,lannihu,"{""type"":""MultiPoint"",""coordinates"":[]}"
57,1989-10-01T00:00:00,0.0,lannihu,"{""type"":""MultiPoint"",""coordinates"":[]}"
58,1989-11-01T00:00:00,0.0,lannihu,"{""type"":""MultiPoint"",""coordinates"":[]}"
59,1989-12-01T00:00:00,0.0,lannihu,"{""type"":""MultiPoint"",""coordinates"":[]}"
60,1990-01-01T00:00:00,0.0,lannihu,"{""type"":""MultiPoint"",""coordinates"":[]}"
61,1990-02-01T00:00:00,0.0,lannihu,"{""type"":""MultiPoint"",""coordinates"":[]}"
62,1990-03-01T00:00:00,0.0,lannihu,"{""type"":""MultiPoint"",""coordinates"":[]}"
63,1990-04-01T00:00:00,0.0,lannihu,"{""type"":""MultiPoint"",""coordinates"":[]}"
64,1990-05-01T00:00:00,0.0,lannihu,"{""type"":""MultiPoint"",""coordinates"":[]}"
65,1990-06-01T00:00:00,0.0,lannihu,"{""type"":""MultiPoint"",""coordinates"":[]}"
66,1990-07-01T00:00:00,0.0,lannihu,"{""type"":""MultiPoint"",""coordinates"":[]}"
67,1990-08-01T00:00:00,0.0,lannihu,"{""type"":""MultiPoint"",""coordinates"":[]}"
68,1990-09-01T00:00:00,0.6501330708046109,lannihu,"{""type"":""MultiPoint"",""coordinates"":[]}"
69,1990-10-01T00:00:00,0.0,lannihu,"{""type"":""MultiPoint"",""coordinates"":[]}"
70,1990-11-01T00:00:00,0.0,lannihu,"{""type"":""MultiPoint"",""coordinates"":[]}"
71,1990-12-01T00:00:00,0.0,lannihu,"{""type"":""MultiPoint"",""coordinates"":[]}"
72,1991-01-01T00:00:00,0.0,lannihu,"{""type"":""MultiPoint"",""coordinates"":[]}"
73,1991-02-01T00:00:00,0.0,lannihu,"{""type"":""MultiPoint"",""coordinates"":[]}"
74,1991-03-01T00:00:00,0.0,lannihu,"{""type"":""MultiPoint"",""coordinates"":[]}"
75,1991-04-01T00:00:00,0.0,lannihu,"{""type"":""MultiPoint"",""coordinates"":[]}"
76,1991-05-01T00:00:00,0.0,lannihu,"{""type"":""MultiPoint"",""coordinates"":[]}"
77,1991-06-01T00:00:00,0.0,lannihu,"{""type"":""MultiPoint"",""coordinates"":[]}"
78,1991-07-01T00:00:00,0.37670501501345166,lannihu,"{""type"":""MultiPoint"",""coordinates"":[]}"
79,1991-08-01T00:00:00,0.0,lannihu,"{""type"":""MultiPoint"",""coordinates"":[]}"
80,1991-09-01T00:00:00,0.0,lannihu,"{""type"":""MultiPoint"",""coordinates"":[]}"
81,1991-10-01T00:00:00,0.0,lannihu,"{""type"":""MultiPoint"",""coordinates"":[]}"
82,1991-11-01T00:00:00,0.0,lannihu,"{""type"":""MultiPoint"",""coordinates"":[]}"
83,1991-12-01T00:00:00,0.0,lannihu,"{""type"":""MultiPoint"",""coordinates"":[]}"
84,1992-01-01T00:00:00,1.1414730281747858,lannihu,"{""type"":""MultiPoint"",""coordinates"":[]}"
85,1992-02-01T00:00:00,0.06424741731914446,lannihu,"{""type"":""MultiPoint"",""coordinates"":[]}"
86,1992-03-01T00:00:00,0.0,lannihu,"{""type"":""MultiPoint"",""coordinates"":[]}"
87,1992-04-01T00:00:00,0.0,lannihu,"{""type"":""MultiPoint"",""coordinates"":[]}"
88,1992-05-01T00:00:00,0.0,lannihu,"{""type"":""MultiPoint"",""coordinates"":[]}"
89,1992-06-01T00:00:00,0.0,lannihu,"{""type"":""MultiPoint"",""coordinates"":[]}"
90,1992-07-01T00:00:00,0.0,lannihu,"{""type"":""MultiPoint"",""coordinates"":[]}"
91,1992-08-01T00:00:00,0.0,lannihu,"{""type"":""MultiPoint"",""coordinates"":[]}"
92,1992-09-01T00:00:00,0.0,lannihu,"{""type"":""MultiPoint"",""coordinates"":[]}"
93,1992-10-01T00:00:00,0.0,lannihu,"{""type"":""MultiPoint"",""coordinates"":[]}"
94,1992-11-01T00:00:00,0.0,lannihu,"{""type"":""MultiPoint"",""coordinates"":[]}"
95,1992-12-01T00:00:00,0.0,lannihu,"{""type"":""MultiPoint"",""coordinates"":[]}"
96,1993-01-01T00:00:00,0.0,lannihu,"{""type"":""MultiPoint"",""coordinates"":[]}"
97,1993-02-01T00:00:00,0.0,lannihu,"{""type"":""MultiPoint"",""coordinates"":[]}"
98,1993-03-01T00:00:00,0.0,lannihu,"{""type"":""MultiPoint"",""coordinates"":[]}"
99,1993-04-01T00:00:00,0.0,lannihu,"{""type"":""MultiPoint"",""coordinates"":[]}"
100,1993-05-01T00:00:00,0.0,lannihu,"{""type"":""MultiPoint"",""coordinates"":[]}"
101,1993-06-01T00:00:00,0.0,lannihu,"{""type"":""MultiPoint"",""coordinates"":[]}"
102,1993-07-01T00:00:00,0.0,lannihu,"{""type"":""MultiPoint"",""coordinates"":[]}"
103,1993-08-01T00:00:00,0.0,lannihu,"{""type"":""MultiPoint"",""coordinates"":[]}"
104,1993-09-01T00:00:00,0.0,lannihu,"{""type"":""MultiPoint"",""coordinates"":[]}"
105,1993-10-01T00:00:00,0.37659523183115035,lannihu,"{""type"":""MultiPoint"",""coordinates"":[]}"
106,1993-11-01T00:00:00,0.0,lannihu,"{""type"":""MultiPoint"",""coordinates"":[]}"
107,1993-12-01T00:00:00,0.0,lannihu,"{""type"":""MultiPoint"",""coordinates"":[]}"
108,1994-01-01T00:00:00,0.0,lannihu,"{""type"":""MultiPoint"",""coordinates"":[]}"
109,1994-02-01T00:00:00,0.0,lannihu,"{""type"":""MultiPoint"",""coordinates"":[]}"
110,1994-03-01T00:00:00,0.0,lannihu,"{""type"":""MultiPoint"",""coordinates"":[]}"
111,1994-04-01T00:00:00,0.0,lannihu,"{""type"":""MultiPoint"",""coordinates"":[]}"
112,1994-05-01T00:00:00,0.0,lannihu,"{""type"":""MultiPoint"",""coordinates"":[]}"
113,1994-06-01T00:00:00,0.0,lannihu,"{""type"":""MultiPoint"",""coordinates"":[]}"
114,1994-07-01T00:00:00,0.0,lannihu,"{""type"":""MultiPoint"",""coordinates"":[]}"
115,1994-08-01T00:00:00,0.5041765518932865,lannihu,"{""type"":""MultiPoint"",""coordinates"":[]}"
116,1994-09-01T00:00:00,0.6934450097122493,lannihu,"{""type"":""MultiPoint"",""coordinates"":[]}"
117,1994-10-01T00:00:00,0.0,lannihu,"{""type"":""MultiPoint"",""coordinates"":[]}"
118,1994-11-01T00:00:00,0.0,lannihu,"{""type"":""MultiPoint"",""coordinates"":[]}"
119,1994-12-01T00:00:00,0.0,lannihu,"{""type"":""MultiPoint"",""coordinates"":[]}"
120,1995-01-01T00:00:00,0.0,lannihu,"{""type"":""MultiPoint"",""coordinates"":[]}"
121,1995-02-01T00:00:00,0.0,lannihu,"{""type"":""MultiPoint"",""coordinates"":[]}"
122,1995-03-01T00:00:00,0.0,lannihu,"{""type"":""MultiPoint"",""coordinates"":[]}"
123,1995-04-01T00:00:00,0.6909581392953911,lannihu,"{""type"":""MultiPoint"",""coordinates"":[]}"
124,1995-05-01T00:00:00,7.73245361328125E-4,lannihu,"{""type"":""MultiPoint"",""coordinates"":[]}"
125,1995-06-01T00:00:00,0.0,lannihu,"{""type"":""MultiPoint"",""coordinates"":[]}"
126,1995-07-01T00:00:00,0.0,lannihu,"{""type"":""MultiPoint"",""coordinates"":[]}"
127,1995-08-01T00:00:00,0.0,lannihu,"{""type"":""MultiPoint"",""coordinates"":[]}"
128,1995-09-01T00:00:00,0.0,lannihu,"{""type"":""MultiPoint"",""coordinates"":[]}"
129,1995-10-01T00:00:00,1.0069859597412107,lannihu,"{""type"":""MultiPoint"",""coordinates"":[]}"
130,1995-11-01T00:00:00,0.0,lannihu,"{""type"":""MultiPoint"",""coordinates"":[]}"
131,1995-12-01T00:00:00,0.0,lannihu,"{""type"":""MultiPoint"",""coordinates"":[]}"
132,1996-01-01T00:00:00,0.0,lannihu,"{""type"":""MultiPoint"",""coordinates"":[]}"
133,1996-02-01T00:00:00,0.028165036221852024,lannihu,"{""type"":""MultiPoint"",""coordinates"":[]}"
134,1996-03-01T00:00:00,0.0,lannihu,"{""type"":""MultiPoint"",""coordinates"":[]}"
135,1996-04-01T00:00:00,0.0,lannihu,"{""type"":""MultiPoint"",""coordinates"":[]}"
136,1996-05-01T00:00:00,0.0,lannihu,"{""type"":""MultiPoint"",""coordinates"":[]}"
137,1996-06-01T00:00:00,0.7947420261721143,lannihu,"{""type"":""MultiPoint"",""coordinates"":[]}"
138,1996-07-01T00:00:00,0.0,lannihu,"{""type"":""MultiPoint"",""coordinates"":[]}"
139,1996-08-01T00:00:00,0.7975700284071978,lannihu,"{""type"":""MultiPoint"",""coordinates"":[]}"
140,1996-09-01T00:00:00,0.7062209922485352,lannihu,"{""type"":""MultiPoint"",""coordinates"":[]}"
141,1996-10-01T00:00:00,0.9964063693969726,lannihu,"{""type"":""MultiPoint"",""coordinates"":[]}"
142,1996-11-01T00:00:00,0.0,lannihu,"{""type"":""MultiPoint"",""coordinates"":[]}"
143,1996-12-01T00:00:00,0.0,lannihu,"{""type"":""MultiPoint"",""coordinates"":[]}"
144,1997-01-01T00:00:00,0.0,lannihu,"{""type"":""MultiPoint"",""coordinates"":[]}"
145,1997-02-01T00:00:00,0.0,lannihu,"{""type"":""MultiPoint"",""coordinates"":[]}"
146,1997-03-01T00:00:00,0.0,lannihu,"{""type"":""MultiPoint"",""coordinates"":[]}"
147,1997-04-01T00:00:00,0.0,lannihu,"{""type"":""MultiPoint"",""coordinates"":[]}"
148,1997-05-01T00:00:00,0.0,lannihu,"{""type"":""MultiPoint"",""coordinates"":[]}"
149,1997-06-01T00:00:00,0.0,lannihu,"{""type"":""MultiPoint"",""coordinates"":[]}"
150,1997-07-01T00:00:00,0.0,lannihu,"{""type"":""MultiPoint"",""coordinates"":[]}"
151,1997-08-01T00:00:00,0.0,lannihu,"{""type"":""MultiPoint"",""coordinates"":[]}"
152,1997-09-01T00:00:00,0.0,lannihu,"{""type"":""MultiPoint"",""coordinates"":[]}"
153,1997-10-01T00:00:00,0.0,lannihu,"{""type"":""MultiPoint"",""coordinates"":[]}"
154,1997-11-01T00:00:00,0.0,lannihu,"{""type"":""MultiPoint"",""coordinates"":[]}"
155,1997-12-01T00:00:00,0.0,lannihu,"{""type"":""MultiPoint"",""coordinates"":[]}"
156,1998-01-01T00:00:00,0.0,lannihu,"{""type"":""MultiPoint"",""coordinates"":[]}"
157,1998-02-01T00:00:00,0.0,lannihu,"{""type"":""MultiPoint"",""coordinates"":[]}"
158,1998-03-01T00:00:00,0.0,lannihu,"{""type"":""MultiPoint"",""coordinates"":[]}"
159,1998-04-01T00:00:00,0.0,lannihu,"{""type"":""MultiPoint"",""coordinates"":[]}"
160,1998-05-01T00:00:00,0.0,lannihu,"{""type"":""MultiPoint"",""coordinates"":[]}"
161,1998-06-01T00:00:00,0.0,lannihu,"{""type"":""MultiPoint"",""coordinates"":[]}"
162,1998-07-01T00:00:00,0.0,lannihu,"{""type"":""MultiPoint"",""coordinates"":[]}"
163,1998-08-01T00:00:00,0.0,lannihu,"{""type"":""MultiPoint"",""coordinates"":[]}"
164,1998-09-01T00:00:00,0.0,lannihu,"{""type"":""MultiPoint"",""coordinates"":[]}"
165,1998-10-01T00:00:00,0.0,lannihu,"{""type"":""MultiPoint"",""coordinates"":[]}"
166,1998-11-01T00:00:00,0.0,lannihu,"{""type"":""MultiPoint"",""coordinates"":[]}"
167,1998-12-01T00:00:00,0.0,lannihu,"{""type"":""MultiPoint"",""coordinates"":[]}"
168,1999-01-01T00:00:00,0.0,lannihu,"{""type"":""MultiPoint"",""coordinates"":[]}"
169,1999-02-01T00:00:00,0.0,lannihu,"{""type"":""MultiPoint"",""coordinates"":[]}"
170,1999-03-01T00:00:00,0.0,lannihu,"{""type"":""MultiPoint"",""coordinates"":[]}"
171,1999-04-01T00:00:00,0.0,lannihu,"{""type"":""MultiPoint"",""coordinates"":[]}"
172,1999-05-01T00:00:00,0.0,lannihu,"{""type"":""MultiPoint"",""coordinates"":[]}"
173,1999-06-01T00:00:00,0.0,lannihu,"{""type"":""MultiPoint"",""coordinates"":[]}"
174,1999-07-01T00:00:00,0.0,lannihu,"{""type"":""MultiPoint"",""coordinates"":[]}"
175,1999-08-01T00:00:00,0.0,lannihu,"{""type"":""MultiPoint"",""coordinates"":[]}"
176,1999-09-01T00:00:00,0.00773281640625,lannihu,"{""type"":""MultiPoint"",""coordinates"":[]}"
177,1999-10-01T00:00:00,0.0,lannihu,"{""type"":""MultiPoint"",""coordinates"":[]}"
178,1999-11-01T00:00:00,0.0,lannihu,"{""type"":""MultiPoint"",""coordinates"":[]}"
179,1999-12-01T00:00:00,0.0,lannihu,"{""type"":""MultiPoint"",""coordinates"":[]}"
180,2000-01-01T00:00:00,0.0,lannihu,"{""type"":""MultiPoint"",""coordinates"":[]}"
181,2000-02-01T00:00:00,1.1935564379440011,lannihu,"{""type"":""MultiPoint"",""coordinates"":[]}"
182,2000-03-01T00:00:00,0.0,lannihu,"{""type"":""MultiPoint"",""coordinates"":[]}"
183,2000-04-01T00:00:00,0.0,lannihu,"{""type"":""MultiPoint"",""coordinates"":[]}"
184,2000-05-01T00:00:00,0.0,lannihu,"{""type"":""MultiPoint"",""coordinates"":[]}"
185,2000-06-01T00:00:00,0.159293873046875,lannihu,"{""type"":""MultiPoint"",""coordinates"":[]}"
186,2000-07-01T00:00:00,0.8134027355830176,lannihu,"{""type"":""MultiPoint"",""coordinates"":[]}"
187,2000-08-01T00:00:00,0.6030189864801145,lannihu,"{""type"":""MultiPoint"",""coordinates"":[]}"
188,2000-09-01T00:00:00,0.9379597712790098,lannihu,"{""type"":""MultiPoint"",""coordinates"":[]}"
189,2000-10-01T00:00:00,1.118667801791322,lannihu,"{""type"":""MultiPoint"",""coordinates"":[]}"
190,2000-11-01T00:00:00,7.732495727539062E-4,lannihu,"{""type"":""MultiPoint"",""coordinates"":[]}"
191,2000-12-01T00:00:00,0.0,lannihu,"{""type"":""MultiPoint"",""coordinates"":[]}"
192,2001-01-01T00:00:00,0.9448106637211818,lannihu,"{""type"":""MultiPoint"",""coordinates"":[]}"
193,2001-02-01T00:00:00,0.21138331202320773,lannihu,"{""type"":""MultiPoint"",""coordinates"":[]}"
194,2001-03-01T00:00:00,0.7578067919014725,lannihu,"{""type"":""MultiPoint"",""coordinates"":[]}"
195,2001-04-01T00:00:00,0.30123967272111485,lannihu,"{""type"":""MultiPoint"",""coordinates"":[]}"
196,2001-05-01T00:00:00,0.16563944524691715,lannihu,"{""type"":""MultiPoint"",""coordinates"":[]}"
197,2001-06-01T00:00:00,0.0,lannihu,"{""type"":""MultiPoint"",""coordinates"":[]}"
198,2001-07-01T00:00:00,0.11062932554740156,lannihu,"{""type"":""MultiPoint"",""coordinates"":[]}"
199,2001-08-01T00:00:00,0.0,lannihu,"{""type"":""MultiPoint"",""coordinates"":[]}"
200,2001-09-01T00:00:00,0.4514995780740176,lannihu,"{""type"":""MultiPoint"",""coordinates"":[]}"
201,2001-10-01T00:00:00,0.34800463661606734,lannihu,"{""type"":""MultiPoint"",""coordinates"":[]}"
202,2001-11-01T00:00:00,1.0466753131735411,lannihu,"{""type"":""MultiPoint"",""coordinates"":[]}"
203,2001-12-01T00:00:00,0.0,lannihu,"{""type"":""MultiPoint"",""coordinates"":[]}"
204,2002-01-01T00:00:00,0.28340842677480665,lannihu,"{""type"":""MultiPoint"",""coordinates"":[]}"
205,2002-02-01T00:00:00,0.7654805063124712,lannihu,"{""type"":""MultiPoint"",""coordinates"":[]}"
206,2002-03-01T00:00:00,0.7888671508209829,lannihu,"{""type"":""MultiPoint"",""coordinates"":[]}"
207,2002-04-01T00:00:00,0.008505858337402344,lannihu,"{""type"":""MultiPoint"",""coordinates"":[]}"
208,2002-05-01T00:00:00,0.0,lannihu,"{""type"":""MultiPoint"",""coordinates"":[]}"
209,2002-06-01T00:00:00,0.0,lannihu,"{""type"":""MultiPoint"",""coordinates"":[]}"
210,2002-07-01T00:00:00,0.7505383334580367,lannihu,"{""type"":""MultiPoint"",""coordinates"":[]}"
211,2002-08-01T00:00:00,0.7831784884471221,lannihu,"{""type"":""MultiPoint"",""coordinates"":[]}"
212,2002-09-01T00:00:00,0.9281009374150295,lannihu,"{""type"":""MultiPoint"",""coordinates"":[]}"
213,2002-10-01T00:00:00,1.1395917884559785,lannihu,"{""type"":""MultiPoint"",""coordinates"":[]}"
214,2002-11-01T00:00:00,0.009279181335449218,lannihu,"{""type"":""MultiPoint"",""coordinates"":[]}"
215,2002-12-01T00:00:00,0.0,lannihu,"{""type"":""MultiPoint"",""coordinates"":[]}"
216,2003-01-01T00:00:00,1.2651366878001498,lannihu,"{""type"":""MultiPoint"",""coordinates"":[]}"
217,2003-02-01T00:00:00,1.2784655661467912,lannihu,"{""type"":""MultiPoint"",""coordinates"":[]}"
218,2003-03-01T00:00:00,0.316082525966031,lannihu,"{""type"":""MultiPoint"",""coordinates"":[]}"
219,2003-04-01T00:00:00,1.0237108182679417,lannihu,"{""type"":""MultiPoint"",""coordinates"":[]}"
220,2003-05-01T00:00:00,1.0015020121199065,lannihu,"{""type"":""MultiPoint"",""coordinates"":[]}"
221,2003-06-01T00:00:00,0.786558719129615,lannihu,"{""type"":""MultiPoint"",""coordinates"":[]}"
222,2003-07-01T00:00:00,0.9078079214590037,lannihu,"{""type"":""MultiPoint"",""coordinates"":[]}"
223,2003-08-01T00:00:00,0.28997581451416016,lannihu,"{""type"":""MultiPoint"",""coordinates"":[]}"
224,2003-09-01T00:00:00,0.916935122681861,lannihu,"{""type"":""MultiPoint"",""coordinates"":[]}"
225,2003-10-01T00:00:00,1.1067922646864952,lannihu,"{""type"":""MultiPoint"",""coordinates"":[]}"
226,2003-11-01T00:00:00,1.2054380733757473,lannihu,"{""type"":""MultiPoint"",""coordinates"":[]}"
227,2003-12-01T00:00:00,0.0,lannihu,"{""type"":""MultiPoint"",""coordinates"":[]}"
228,2004-01-01T00:00:00,1.2207742052246098,lannihu,"{""type"":""MultiPoint"",""coordinates"":[]}"
229,2004-02-01T00:00:00,1.0762547763303274,lannihu,"{""type"":""MultiPoint"",""coordinates"":[]}"
230,2004-03-01T00:00:00,0.9896210571887449,lannihu,"{""type"":""MultiPoint"",""coordinates"":[]}"
231,2004-04-01T00:00:00,0.8457689339606791,lannihu,"{""type"":""MultiPoint"",""coordinates"":[]}"
232,2004-05-01T00:00:00,0.33980975002273855,lannihu,"{""type"":""MultiPoint"",""coordinates"":[]}"
233,2004-06-01T00:00:00,0.0,lannihu,"{""type"":""MultiPoint"",""coordinates"":[]}"
234,2004-07-01T00:00:00,1.064910803144388,lannihu,"{""type"":""MultiPoint"",""coordinates"":[]}"
235,2004-08-01T00:00:00,0.2341451128221699,lannihu,"{""type"":""MultiPoint"",""coordinates"":[]}"
236,2004-09-01T00:00:00,0.8992474265665691,lannihu,"{""type"":""MultiPoint"",""coordinates"":[]}"
237,2004-10-01T00:00:00,1.1068083518087952,lannihu,"{""type"":""MultiPoint"",""coordinates"":[]}"
238,2004-11-01T00:00:00,1.1653486009617229,lannihu,"{""type"":""MultiPoint"",""coordinates"":[]}"
239,2004-12-01T00:00:00,0.0,lannihu,"{""type"":""MultiPoint"",""coordinates"":[]}"
240,2005-01-01T00:00:00,1.1958452737895895,lannihu,"{""type"":""MultiPoint"",""coordinates"":[]}"
241,2005-02-01T00:00:00,1.1163906511596684,lannihu,"{""type"":""MultiPoint"",""coordinates"":[]}"
242,2005-03-01T00:00:00,1.120553908674652,lannihu,"{""type"":""MultiPoint"",""coordinates"":[]}"
243,2005-04-01T00:00:00,0.8230130425695085,lannihu,"{""type"":""MultiPoint"",""coordinates"":[]}"
244,2005-05-01T00:00:00,0.9029202810791017,lannihu,"{""type"":""MultiPoint"",""coordinates"":[]}"
245,2005-06-01T00:00:00,0.32863856689453125,lannihu,"{""type"":""MultiPoint"",""coordinates"":[]}"
246,2005-07-01T00:00:00,0.6612526460741232,lannihu,"{""type"":""MultiPoint"",""coordinates"":[]}"
247,2005-08-01T00:00:00,0.5903217165060605,lannihu,"{""type"":""MultiPoint"",""coordinates"":[]}"
248,2005-09-01T00:00:00,0.8925793226284852,lannihu,"{""type"":""MultiPoint"",""coordinates"":[]}"
249,2005-10-01T00:00:00,0.0,lannihu,"{""type"":""MultiPoint"",""coordinates"":[]}"
250,2005-11-01T00:00:00,0.8767027316312902,lannihu,"{""type"":""MultiPoint"",""coordinates"":[]}"
251,2005-12-01T00:00:00,0.0,lannihu,"{""type"":""MultiPoint"",""coordinates"":[]}"
252,2006-01-01T00:00:00,0.9907677439611097,lannihu,"{""type"":""MultiPoint"",""coordinates"":[]}"
253,2006-02-01T00:00:00,0.3321165647573434,lannihu,"{""type"":""MultiPoint"",""coordinates"":[]}"
254,2006-03-01T00:00:00,1.0983006197588756,lannihu,"{""type"":""MultiPoint"",""coordinates"":[]}"
255,2006-04-01T00:00:00,0.7764668652671664,lannihu,"{""type"":""MultiPoint"",""coordinates"":[]}"
256,2006-05-01T00:00:00,0.6329499078993853,lannihu,"{""type"":""MultiPoint"",""coordinates"":[]}"
257,2006-06-01T00:00:00,0.7971032230021161,lannihu,"{""type"":""MultiPoint"",""coordinates"":[]}"
258,2006-07-01T00:00:00,0.5785184961109834,lannihu,"{""type"":""MultiPoint"",""coordinates"":[]}"
259,2006-08-01T00:00:00,0.6669772901752548,lannihu,"{""type"":""MultiPoint"",""coordinates"":[]}"
260,2006-09-01T00:00:00,0.6961554657666974,lannihu,"{""type"":""MultiPoint"",""coordinates"":[]}"
261,2006-10-01T00:00:00,0.8771424722862096,lannihu,"{""type"":""MultiPoint"",""coordinates"":[]}"
262,2006-11-01T00:00:00,0.9196529254882813,lannihu,"{""type"":""MultiPoint"",""coordinates"":[]}"
263,2006-12-01T00:00:00,0.0,lannihu,"{""type"":""MultiPoint"",""coordinates"":[]}"
264,2007-01-01T00:00:00,0.8335903306178674,lannihu,"{""type"":""MultiPoint"",""coordinates"":[]}"
265,2007-02-01T00:00:00,1.0833471344197592,lannihu,"{""type"":""MultiPoint"",""coordinates"":[]}"
266,2007-03-01T00:00:00,0.9739803744748583,lannihu,"{""type"":""MultiPoint"",""coordinates"":[]}"
267,2007-04-01T00:00:00,0.7250498960887238,lannihu,"{""type"":""MultiPoint"",""coordinates"":[]}"
268,2007-05-01T00:00:00,0.5632183597821405,lannihu,"{""type"":""MultiPoint"",""coordinates"":[]}"
269,2007-06-01T00:00:00,0.5848168394325406,lannihu,"{""type"":""MultiPoint"",""coordinates"":[]}"
270,2007-07-01T00:00:00,0.29612900027645334,lannihu,"{""type"":""MultiPoint"",""coordinates"":[]}"
271,2007-08-01T00:00:00,0.21062020445556642,lannihu,"{""type"":""MultiPoint"",""coordinates"":[]}"
272,2007-09-01T00:00:00,0.6155173381347656,lannihu,"{""type"":""MultiPoint"",""coordinates"":[]}"
273,2007-10-01T00:00:00,0.18273808813285083,lannihu,"{""type"":""MultiPoint"",""coordinates"":[]}"
274,2007-11-01T00:00:00,0.6277798591851929,lannihu,"{""type"":""MultiPoint"",""coordinates"":[]}"
275,2007-12-01T00:00:00,0.0,lannihu,"{""type"":""MultiPoint"",""coordinates"":[]}"
276,2008-01-01T00:00:00,0.0,lannihu,"{""type"":""MultiPoint"",""coordinates"":[]}"
277,2008-02-01T00:00:00,1.1948519451351394,lannihu,"{""type"":""MultiPoint"",""coordinates"":[]}"
278,2008-03-01T00:00:00,1.0048895062346814,lannihu,"{""type"":""MultiPoint"",""coordinates"":[]}"
279,2008-04-01T00:00:00,0.5296439576545265,lannihu,"{""type"":""MultiPoint"",""coordinates"":[]}"
280,2008-05-01T00:00:00,0.11258821828278186,lannihu,"{""type"":""MultiPoint"",""coordinates"":[]}"
281,2008-06-01T00:00:00,0.0,lannihu,"{""type"":""MultiPoint"",""coordinates"":[]}"
282,2008-07-01T00:00:00,0.49794944208768954,lannihu,"{""type"":""MultiPoint"",""coordinates"":[]}"
283,2008-08-01T00:00:00,0.1523337529296875,lannihu,"{""type"":""MultiPoint"",""coordinates"":[]}"
284,2008-09-01T00:00:00,0.05732799034926471,lannihu,"{""type"":""MultiPoint"",""coordinates"":[]}"
285,2008-10-01T00:00:00,0.8244295971571978,lannihu,"{""type"":""MultiPoint"",""coordinates"":[]}"
286,2008-11-01T00:00:00,0.9191617014638863,lannihu,"{""type"":""MultiPoint"",""coordinates"":[]}"
287,2008-12-01T00:00:00,0.0,lannihu,"{""type"":""MultiPoint"",""coordinates"":[]}"
288,2009-01-01T00:00:00,1.0300850516807405,lannihu,"{""type"":""MultiPoint"",""coordinates"":[]}"
289,2009-02-01T00:00:00,0.9922123754389743,lannihu,"{""type"":""MultiPoint"",""coordinates"":[]}"
290,2009-03-01T00:00:00,0.9968383302985695,lannihu,"{""type"":""MultiPoint"",""coordinates"":[]}"
291,2009-04-01T00:00:00,0.2384464964750402,lannihu,"{""type"":""MultiPoint"",""coordinates"":[]}"
292,2009-05-01T00:00:00,0.6667507537772384,lannihu,"{""type"":""MultiPoint"",""coordinates"":[]}"
293,2009-06-01T00:00:00,7.732705078125E-4,lannihu,"{""type"":""MultiPoint"",""coordinates"":[]}"
294,2009-07-01T00:00:00,0.5010036773265165,lannihu,"{""type"":""MultiPoint"",""coordinates"":[]}"
295,2009-08-01T00:00:00,0.039327022250785076,lannihu,"{""type"":""MultiPoint"",""coordinates"":[]}"
296,2009-09-01T00:00:00,0.5219507870141122,lannihu,"{""type"":""MultiPoint"",""coordinates"":[]}"
297,2009-10-01T00:00:00,0.8448544425142176,lannihu,"{""type"":""MultiPoint"",""coordinates"":[]}"
298,2009-11-01T00:00:00,1.0177521915611114,lannihu,"{""type"":""MultiPoint"",""coordinates"":[]}"
299,2009-12-01T00:00:00,0.0,lannihu,"{""type"":""MultiPoint"",""coordinates"":[]}"
300,2010-01-01T00:00:00,0.7418220187516753,lannihu,"{""type"":""MultiPoint"",""coordinates"":[]}"
301,2010-02-01T00:00:00,0.7876567576798981,lannihu,"{""type"":""MultiPoint"",""coordinates"":[]}"
302,2010-03-01T00:00:00,0.9132205989664713,lannihu,"{""type"":""MultiPoint"",""coordinates"":[]}"
303,2010-04-01T00:00:00,0.0,lannihu,"{""type"":""MultiPoint"",""coordinates"":[]}"
304,2010-05-01T00:00:00,0.0,lannihu,"{""type"":""MultiPoint"",""coordinates"":[]}"
305,2010-06-01T00:00:00,0.34565081793212893,lannihu,"{""type"":""MultiPoint"",""coordinates"":[]}"
306,2010-07-01T00:00:00,0.6910651313890644,lannihu,"{""type"":""MultiPoint"",""coordinates"":[]}"
307,2010-08-01T00:00:00,0.7708970281522863,lannihu,"{""type"":""MultiPoint"",""coordinates"":[]}"
308,2010-09-01T00:00:00,0.6773329806058996,lannihu,"{""type"":""MultiPoint"",""coordinates"":[]}"
309,2010-10-01T00:00:00,0.8222179166099399,lannihu,"{""type"":""MultiPoint"",""coordinates"":[]}"
310,2010-11-01T00:00:00,0.7568415690530215,lannihu,"{""type"":""MultiPoint"",""coordinates"":[]}"
311,2010-12-01T00:00:00,0.0,lannihu,"{""type"":""MultiPoint"",""coordinates"":[]}"
312,2011-01-01T00:00:00,1.1739994393600168,lannihu,"{""type"":""MultiPoint"",""coordinates"":[]}"
313,2011-02-01T00:00:00,1.1582524468302413,lannihu,"{""type"":""MultiPoint"",""coordinates"":[]}"
314,2011-03-01T00:00:00,1.0788902127151792,lannihu,"{""type"":""MultiPoint"",""coordinates"":[]}"
315,2011-04-01T00:00:00,0.0,lannihu,"{""type"":""MultiPoint"",""coordinates"":[]}"
316,2011-05-01T00:00:00,0.0,lannihu,"{""type"":""MultiPoint"",""coordinates"":[]}"
317,2011-06-01T00:00:00,0.6929886892353133,lannihu,"{""type"":""MultiPoint"",""coordinates"":[]}"
318,2011-07-01T00:00:00,0.0023196920776367186,lannihu,"{""type"":""MultiPoint"",""coordinates"":[]}"
319,2011-08-01T00:00:00,0.6305015777736291,lannihu,"{""type"":""MultiPoint"",""coordinates"":[]}"
320,2011-09-01T00:00:00,0.6240234854125977,lannihu,"{""type"":""MultiPoint"",""coordinates"":[]}"
321,2011-10-01T00:00:00,0.15122640413626878,lannihu,"{""type"":""MultiPoint"",""coordinates"":[]}"
322,2011-11-01T00:00:00,0.8715363333910175,lannihu,"{""type"":""MultiPoint"",""coordinates"":[]}"
323,2011-12-01T00:00:00,0.0,lannihu,"{""type"":""MultiPoint"",""coordinates"":[]}"
324,2012-01-01T00:00:00,1.069657745549221,lannihu,"{""type"":""MultiPoint"",""coordinates"":[]}"
325,2012-02-01T00:00:00,0.8485622735411401,lannihu,"{""type"":""MultiPoint"",""coordinates"":[]}"
326,2012-03-01T00:00:00,0.9713969971026251,lannihu,"{""type"":""MultiPoint"",""coordinates"":[]}"
327,2012-04-01T00:00:00,0.0,lannihu,"{""type"":""MultiPoint"",""coordinates"":[]}"
328,2012-05-01T00:00:00,0.6155612441849054,lannihu,"{""type"":""MultiPoint"",""coordinates"":[]}"
329,2012-06-01T00:00:00,0.5817356702260934,lannihu,"{""type"":""MultiPoint"",""coordinates"":[]}"
330,2012-07-01T00:00:00,0.5880114230832567,lannihu,"{""type"":""MultiPoint"",""coordinates"":[]}"
331,2012-08-01T00:00:00,0.0,lannihu,"{""type"":""MultiPoint"",""coordinates"":[]}"
332,2012-09-01T00:00:00,0.46482060583256746,lannihu,"{""type"":""MultiPoint"",""coordinates"":[]}"
333,2012-10-01T00:00:00,0.0,lannihu,"{""type"":""MultiPoint"",""coordinates"":[]}"
334,2012-11-01T00:00:00,0.0,lannihu,"{""type"":""MultiPoint"",""coordinates"":[]}"
335,2012-12-01T00:00:00,0.0,lannihu,"{""type"":""MultiPoint"",""coordinates"":[]}"
336,2013-01-01T00:00:00,1.0827135437157727,lannihu,"{""type"":""MultiPoint"",""coordinates"":[]}"
337,2013-02-01T00:00:00,0.0,lannihu,"{""type"":""MultiPoint"",""coordinates"":[]}"
338,2013-03-01T00:00:00,0.0,lannihu,"{""type"":""MultiPoint"",""coordinates"":[]}"
339,2013-04-01T00:00:00,0.6379413533325196,lannihu,"{""type"":""MultiPoint"",""coordinates"":[]}"
340,2013-05-01T00:00:00,0.8757602655788048,lannihu,"{""type"":""MultiPoint"",""coordinates"":[]}"
341,2013-06-01T00:00:00,0.7648496386522482,lannihu,"{""type"":""MultiPoint"",""coordinates"":[]}"
342,2013-07-01T00:00:00,0.8706895431755515,lannihu,"{""type"":""MultiPoint"",""coordinates"":[]}"
343,2013-08-01T00:00:00,0.8958406562219956,lannihu,"{""type"":""MultiPoint"",""coordinates"":[]}"
344,2013-09-01T00:00:00,0.8400560640495749,lannihu,"{""type"":""MultiPoint"",""coordinates"":[]}"
345,2013-10-01T00:00:00,0.9358135923268037,lannihu,"{""type"":""MultiPoint"",""coordinates"":[]}"
346,2013-11-01T00:00:00,0.9515031319352691,lannihu,"{""type"":""MultiPoint"",""coordinates"":[]}"
347,2013-12-01T00:00:00,0.0,lannihu,"{""type"":""MultiPoint"",""coordinates"":[]}"
348,2014-01-01T00:00:00,1.03520453534869,lannihu,"{""type"":""MultiPoint"",""coordinates"":[]}"
349,2014-02-01T00:00:00,0.0,lannihu,"{""type"":""MultiPoint"",""coordinates"":[]}"
350,2014-03-01T00:00:00,0.0,lannihu,"{""type"":""MultiPoint"",""coordinates"":[]}"
351,2014-04-01T00:00:00,0.7152159493192785,lannihu,"{""type"":""MultiPoint"",""coordinates"":[]}"
352,2014-05-01T00:00:00,0.8302861311355891,lannihu,"{""type"":""MultiPoint"",""coordinates"":[]}"
353,2014-06-01T00:00:00,0.0,lannihu,"{""type"":""MultiPoint"",""coordinates"":[]}"
354,2014-07-01T00:00:00,0.3887912089185528,lannihu,"{""type"":""MultiPoint"",""coordinates"":[]}"
355,2014-08-01T00:00:00,0.5090506013918409,lannihu,"{""type"":""MultiPoint"",""coordinates"":[]}"
356,2014-09-01T00:00:00,0.6799553594238281,lannihu,"{""type"":""MultiPoint"",""coordinates"":[]}"
357,2014-10-01T00:00:00,0.8869955395359413,lannihu,"{""type"":""MultiPoint"",""coordinates"":[]}"
358,2014-11-01T00:00:00,0.0,lannihu,"{""type"":""MultiPoint"",""coordinates"":[]}"
359,2014-12-01T00:00:00,0.0,lannihu,"{""type"":""MultiPoint"",""coordinates"":[]}"
360,2015-01-01T00:00:00,0.0,lannihu,"{""type"":""MultiPoint"",""coordinates"":[]}"
361,2015-02-01T00:00:00,0.0,lannihu,"{""type"":""MultiPoint"",""coordinates"":[]}"
362,2015-03-01T00:00:00,0.933279369012092,lannihu,"{""type"":""MultiPoint"",""coordinates"":[]}"
363,2015-04-01T00:00:00,0.19133355278272443,lannihu,"{""type"":""MultiPoint"",""coordinates"":[]}"
364,2015-05-01T00:00:00,0.0,lannihu,"{""type"":""MultiPoint"",""coordinates"":[]}"
365,2015-06-01T00:00:00,0.4798174789459827,lannihu,"{""type"":""MultiPoint"",""coordinates"":[]}"
366,2015-07-01T00:00:00,0.7248650644382849,lannihu,"{""type"":""MultiPoint"",""coordinates"":[]}"
367,2015-08-01T00:00:00,0.771728036628753,lannihu,"{""type"":""MultiPoint"",""coordinates"":[]}"
368,2015-09-01T00:00:00,0.6714467690290862,lannihu,"{""type"":""MultiPoint"",""coordinates"":[]}"
369,2015-10-01T00:00:00,0.8237311025342753,lannihu,"{""type"":""MultiPoint"",""coordinates"":[]}"
370,2015-11-01T00:00:00,0.9204559350468652,lannihu,"{""type"":""MultiPoint"",""coordinates"":[]}"
371,2015-12-01T00:00:00,0.0,lannihu,"{""type"":""MultiPoint"",""coordinates"":[]}"
372,2016-01-01T00:00:00,0.0,lannihu,"{""type"":""MultiPoint"",""coordinates"":[]}"
373,2016-02-01T00:00:00,0.7116981539361692,lannihu,"{""type"":""MultiPoint"",""coordinates"":[]}"
374,2016-03-01T00:00:00,0.9207435145352233,lannihu,"{""type"":""MultiPoint"",""coordinates"":[]}"
375,2016-04-01T00:00:00,0.617887681074075,lannihu,"{""type"":""MultiPoint"",""coordinates"":[]}"
376,2016-05-01T00:00:00,0.2474447647705078,lannihu,"{""type"":""MultiPoint"",""coordinates"":[]}"
377,2016-06-01T00:00:00,0.5712236483214135,lannihu,"{""type"":""MultiPoint"",""coordinates"":[]}"
378,2016-07-01T00:00:00,0.8527820999727135,lannihu,"{""type"":""MultiPoint"",""coordinates"":[]}"
379,2016-08-01T00:00:00,1.2224682070906099,lannihu,"{""type"":""MultiPoint"",""coordinates"":[]}"
380,2016-09-01T00:00:00,0.7566243949704637,lannihu,"{""type"":""MultiPoint"",""coordinates"":[]}"
381,2016-10-01T00:00:00,0.0,lannihu,"{""type"":""MultiPoint"",""coordinates"":[]}"
382,2016-11-01T00:00:00,0.8695842694402954,lannihu,"{""type"":""MultiPoint"",""coordinates"":[]}"
383,2016-12-01T00:00:00,0.0,lannihu,"{""type"":""MultiPoint"",""coordinates"":[]}"
384,2017-01-01T00:00:00,0.0,lannihu,"{""type"":""MultiPoint"",""coordinates"":[]}"
385,2017-02-01T00:00:00,0.9599667372738107,lannihu,"{""type"":""MultiPoint"",""coordinates"":[]}"
386,2017-03-01T00:00:00,0.11996374755141313,lannihu,"{""type"":""MultiPoint"",""coordinates"":[]}"
387,2017-04-01T00:00:00,0.7176184263963887,lannihu,"{""type"":""MultiPoint"",""coordinates"":[]}"
388,2017-05-01T00:00:00,0.0,lannihu,"{""type"":""MultiPoint"",""coordinates"":[]}"
389,2017-06-01T00:00:00,0.010825753784179687,lannihu,"{""type"":""MultiPoint"",""coordinates"":[]}"
390,2017-07-01T00:00:00,0.7186615024035884,lannihu,"{""type"":""MultiPoint"",""coordinates"":[]}"
391,2017-08-01T00:00:00,0.7144098499521292,lannihu,"{""type"":""MultiPoint"",""coordinates"":[]}"
392,2017-09-01T00:00:00,0.5145413495385264,lannihu,"{""type"":""MultiPoint"",""coordinates"":[]}"
393,2017-10-01T00:00:00,0.7952928501069908,lannihu,"{""type"":""MultiPoint"",""coordinates"":[]}"
394,2017-11-01T00:00:00,0.6837527389952416,lannihu,"{""type"":""MultiPoint"",""coordinates"":[]}"
395,2017-12-01T00:00:00,0.0,lannihu,"{""type"":""MultiPoint"",""coordinates"":[]}"
396,2018-01-01T00:00:00,0.0,lannihu,"{""type"":""MultiPoint"",""coordinates"":[]}"
397,2018-02-01T00:00:00,0.8656777069319183,lannihu,"{""type"":""MultiPoint"",""coordinates"":[]}"
398,2018-03-01T00:00:00,0.8501937444434071,lannihu,"{""type"":""MultiPoint"",""coordinates"":[]}"
399,2018-04-01T00:00:00,0.7717881207524316,lannihu,"{""type"":""MultiPoint"",""coordinates"":[]}"
400,2018-05-01T00:00:00,0.0,lannihu,"{""type"":""MultiPoint"",""coordinates"":[]}"
401,2018-06-01T00:00:00,0.7205843704103954,lannihu,"{""type"":""MultiPoint"",""coordinates"":[]}"
402,2018-07-01T00:00:00,0.6627658272542317,lannihu,"{""type"":""MultiPoint"",""coordinates"":[]}"
403,2018-08-01T00:00:00,0.1702690502127853,lannihu,"{""type"":""MultiPoint"",""coordinates"":[]}"
404,2018-09-01T00:00:00,0.6554164998353247,lannihu,"{""type"":""MultiPoint"",""coordinates"":[]}"
405,2018-10-01T00:00:00,0.17387842163301356,lannihu,"{""type"":""MultiPoint"",""coordinates"":[]}"
406,2018-11-01T00:00:00,0.7569999543435487,lannihu,"{""type"":""MultiPoint"",""coordinates"":[]}"
407,2018-12-01T00:00:00,0.0,lannihu,"{""type"":""MultiPoint"",""coordinates"":[]}"
408,2019-01-01T00:00:00,0.0,lannihu,"{""type"":""MultiPoint"",""coordinates"":[]}"
409,2019-02-01T00:00:00,0.7438619614612054,lannihu,"{""type"":""MultiPoint"",""coordinates"":[]}"
410,2019-03-01T00:00:00,0.8754353349063647,lannihu,"{""type"":""MultiPoint"",""coordinates"":[]}"
411,2019-04-01T00:00:00,0.7126643340963925,lannihu,"{""type"":""MultiPoint"",""coordinates"":[]}"
412,2019-05-01T00:00:00,0.0,lannihu,"{""type"":""MultiPoint"",""coordinates"":[]}"
413,2019-06-01T00:00:00,0.7147431549893247,lannihu,"{""type"":""MultiPoint"",""coordinates"":[]}"
414,2019-07-01T00:00:00,0.6840768033081055,lannihu,"{""type"":""MultiPoint"",""coordinates"":[]}"
415,2019-08-01T00:00:00,0.7016072098884133,lannihu,"{""type"":""MultiPoint"",""coordinates"":[]}"
416,2019-09-01T00:00:00,0.556592711787205,lannihu,"{""type"":""MultiPoint"",""coordinates"":[]}"
417,2019-10-01T00:00:00,0.7323408082387886,lannihu,"{""type"":""MultiPoint"",""coordinates"":[]}"
418,2019-11-01T00:00:00,0.7709589583790498,lannihu,"{""type"":""MultiPoint"",""coordinates"":[]}"
419,2019-12-01T00:00:00,0.0,lannihu,"{""type"":""MultiPoint"",""coordinates"":[]}"
420,2020-01-01T00:00:00,0.0,lannihu,"{""type"":""MultiPoint"",""coordinates"":[]}"
421,2020-02-01T00:00:00,0.8460672778236537,lannihu,"{""type"":""MultiPoint"",""coordinates"":[]}"
422,2020-03-01T00:00:00,0.7177193296513575,lannihu,"{""type"":""MultiPoint"",""coordinates"":[]}"
423,2020-04-01T00:00:00,0.6840381734360639,lannihu,"{""type"":""MultiPoint"",""coordinates"":[]}"
424,2020-05-01T00:00:00,0.3883726115188898,lannihu,"{""type"":""MultiPoint"",""coordinates"":[]}"
425,2020-06-01T00:00:00,0.25826951519775393,lannihu,"{""type"":""MultiPoint"",""coordinates"":[]}"
426,2020-07-01T00:00:00,7.732642211914063E-4,lannihu,"{""type"":""MultiPoint"",""coordinates"":[]}"
427,2020-08-01T00:00:00,0.6542476480633902,lannihu,"{""type"":""MultiPoint"",""coordinates"":[]}"
428,2020-09-01T00:00:00,0.0,lannihu,"{""type"":""MultiPoint"",""coordinates"":[]}"
429,2020-10-01T00:00:00,0.5160067353498871,lannihu,"{""type"":""MultiPoint"",""coordinates"":[]}"
430,2020-11-01T00:00:00,0.0,lannihu,"{""type"":""MultiPoint"",""coordinates"":[]}"
431,2020-12-01T00:00:00,0.0,lannihu,"{""type"":""MultiPoint"",""coordinates"":[]}"
