system:index,Date,area_km2,lake,.geo
0,1985-01-01T00:00:00,0.0,niushanhu,"{""type"":""MultiPoint"",""coordinates"":[]}"
1,1985-02-01T00:00:00,0.0,niushanhu,"{""type"":""MultiPoint"",""coordinates"":[]}"
2,1985-03-01T00:00:00,0.0,niushanhu,"{""type"":""MultiPoint"",""coordinates"":[]}"
3,1985-04-01T00:00:00,0.0,niushanhu,"{""type"":""MultiPoint"",""coordinates"":[]}"
4,1985-05-01T00:00:00,0.0,niushanhu,"{""type"":""MultiPoint"",""coordinates"":[]}"
5,1985-06-01T00:00:00,0.0,niushanhu,"{""type"":""MultiPoint"",""coordinates"":[]}"
6,1985-07-01T00:00:00,0.0,niushanhu,"{""type"":""MultiPoint"",""coordinates"":[]}"
7,1985-08-01T00:00:00,0.0,niushanhu,"{""type"":""MultiPoint"",""coordinates"":[]}"
8,1985-09-01T00:00:00,0.0,niushanhu,"{""type"":""MultiPoint"",""coordinates"":[]}"
9,1985-10-01T00:00:00,0.0,niushanhu,"{""type"":""MultiPoint"",""coordinates"":[]}"
10,1985-11-01T00:00:00,0.0,niushanhu,"{""type"":""MultiPoint"",""coordinates"":[]}"
11,1985-12-01T00:00:00,0.0,niushanhu,"{""type"":""MultiPoint"",""coordinates"":[]}"
12,1986-01-01T00:00:00,0.0,niushanhu,"{""type"":""MultiPoint"",""coordinates"":[]}"
13,1986-02-01T00:00:00,0.0,niushanhu,"{""type"":""MultiPoint"",""coordinates"":[]}"
14,1986-03-01T00:00:00,0.0,niushanhu,"{""type"":""MultiPoint"",""coordinates"":[]}"
15,1986-04-01T00:00:00,0.0,niushanhu,"{""type"":""MultiPoint"",""coordinates"":[]}"
16,1986-05-01T00:00:00,0.0,niushanhu,"{""type"":""MultiPoint"",""coordinates"":[]}"
17,1986-06-01T00:00:00,0.0,niushanhu,"{""type"":""MultiPoint"",""coordinates"":[]}"
18,1986-07-01T00:00:00,0.0,niushanhu,"{""type"":""MultiPoint"",""coordinates"":[]}"
19,1986-08-01T00:00:00,0.0,niushanhu,"{""type"":""MultiPoint"",""coordinates"":[]}"
20,1986-09-01T00:00:00,0.0,niushanhu,"{""type"":""MultiPoint"",""coordinates"":[]}"
21,1986-10-01T00:00:00,0.0,niushanhu,"{""type"":""MultiPoint"",""coordinates"":[]}"
22,1986-11-01T00:00:00,0.0,niushanhu,"{""type"":""MultiPoint"",""coordinates"":[]}"
23,1986-12-01T00:00:00,0.0,niushanhu,"{""type"":""MultiPoint"",""coordinates"":[]}"
24,1987-01-01T00:00:00,0.0,niushanhu,"{""type"":""MultiPoint"",""coordinates"":[]}"
25,1987-02-01T00:00:00,0.0,niushanhu,"{""type"":""MultiPoint"",""coordinates"":[]}"
26,1987-03-01T00:00:00,0.0,niushanhu,"{""type"":""MultiPoint"",""coordinates"":[]}"
27,1987-04-01T00:00:00,0.0,niushanhu,"{""type"":""MultiPoint"",""coordinates"":[]}"
28,1987-05-01T00:00:00,0.0,niushanhu,"{""type"":""MultiPoint"",""coordinates"":[]}"
29,1987-06-01T00:00:00,11.868115865293731,niushanhu,"{""type"":""MultiPoint"",""coordinates"":[]}"
30,1987-07-01T00:00:00,0.0,niushanhu,"{""type"":""MultiPoint"",""coordinates"":[]}"
31,1987-08-01T00:00:00,0.0,niushanhu,"{""type"":""MultiPoint"",""coordinates"":[]}"
32,1987-09-01T00:00:00,49.49048829673876,niushanhu,"{""type"":""MultiPoint"",""coordinates"":[]}"
33,1987-10-01T00:00:00,0.0,niushanhu,"{""type"":""MultiPoint"",""coordinates"":[]}"
34,1987-11-01T00:00:00,0.0,niushanhu,"{""type"":""MultiPoint"",""coordinates"":[]}"
35,1987-12-01T00:00:00,0.0,niushanhu,"{""type"":""MultiPoint"",""coordinates"":[]}"
36,1988-01-01T00:00:00,0.0,niushanhu,"{""type"":""MultiPoint"",""coordinates"":[]}"
37,1988-02-01T00:00:00,0.0,niushanhu,"{""type"":""MultiPoint"",""coordinates"":[]}"
38,1988-03-01T00:00:00,0.0,niushanhu,"{""type"":""MultiPoint"",""coordinates"":[]}"
39,1988-04-01T00:00:00,0.0,niushanhu,"{""type"":""MultiPoint"",""coordinates"":[]}"
40,1988-05-01T00:00:00,0.0,niushanhu,"{""type"":""MultiPoint"",""coordinates"":[]}"
41,1988-06-01T00:00:00,0.0,niushanhu,"{""type"":""MultiPoint"",""coordinates"":[]}"
42,1988-07-01T00:00:00,50.72091684332199,niushanhu,"{""type"":""MultiPoint"",""coordinates"":[]}"
43,1988-08-01T00:00:00,0.0,niushanhu,"{""type"":""MultiPoint"",""coordinates"":[]}"
44,1988-09-01T00:00:00,0.0,niushanhu,"{""type"":""MultiPoint"",""coordinates"":[]}"
45,1988-10-01T00:00:00,0.003096693603515625,niushanhu,"{""type"":""MultiPoint"",""coordinates"":[]}"
46,1988-11-01T00:00:00,0.0,niushanhu,"{""type"":""MultiPoint"",""coordinates"":[]}"
47,1988-12-01T00:00:00,0.0,niushanhu,"{""type"":""MultiPoint"",""coordinates"":[]}"
48,1989-01-01T00:00:00,0.0,niushanhu,"{""type"":""MultiPoint"",""coordinates"":[]}"
49,1989-02-01T00:00:00,0.0,niushanhu,"{""type"":""MultiPoint"",""coordinates"":[]}"
50,1989-03-01T00:00:00,0.0,niushanhu,"{""type"":""MultiPoint"",""coordinates"":[]}"
51,1989-04-01T00:00:00,0.0,niushanhu,"{""type"":""MultiPoint"",""coordinates"":[]}"
52,1989-05-01T00:00:00,0.0,niushanhu,"{""type"":""MultiPoint"",""coordinates"":[]}"
53,1989-06-01T00:00:00,0.0,niushanhu,"{""type"":""MultiPoint"",""coordinates"":[]}"
54,1989-07-01T00:00:00,0.0,niushanhu,"{""type"":""MultiPoint"",""coordinates"":[]}"
55,1989-08-01T00:00:00,0.0,niushanhu,"{""type"":""MultiPoint"",""coordinates"":[]}"
56,1989-09-01T00:00:00,0.0,niushanhu,"{""type"":""MultiPoint"",""coordinates"":[]}"
57,1989-10-01T00:00:00,0.0,niushanhu,"{""type"":""MultiPoint"",""coordinates"":[]}"
58,1989-11-01T00:00:00,0.0,niushanhu,"{""type"":""MultiPoint"",""coordinates"":[]}"
59,1989-12-01T00:00:00,0.0,niushanhu,"{""type"":""MultiPoint"",""coordinates"":[]}"
60,1990-01-01T00:00:00,0.0,niushanhu,"{""type"":""MultiPoint"",""coordinates"":[]}"
61,1990-02-01T00:00:00,0.0,niushanhu,"{""type"":""MultiPoint"",""coordinates"":[]}"
62,1990-03-01T00:00:00,0.0,niushanhu,"{""type"":""MultiPoint"",""coordinates"":[]}"
63,1990-04-01T00:00:00,0.0,niushanhu,"{""type"":""MultiPoint"",""coordinates"":[]}"
64,1990-05-01T00:00:00,0.0,niushanhu,"{""type"":""MultiPoint"",""coordinates"":[]}"
65,1990-06-01T00:00:00,0.0,niushanhu,"{""type"":""MultiPoint"",""coordinates"":[]}"
66,1990-07-01T00:00:00,0.0,niushanhu,"{""type"":""MultiPoint"",""coordinates"":[]}"
67,1990-08-01T00:00:00,0.0,niushanhu,"{""type"":""MultiPoint"",""coordinates"":[]}"
68,1990-09-01T00:00:00,50.84847001850147,niushanhu,"{""type"":""MultiPoint"",""coordinates"":[]}"
69,1990-10-01T00:00:00,0.0,niushanhu,"{""type"":""MultiPoint"",""coordinates"":[]}"
70,1990-11-01T00:00:00,0.0,niushanhu,"{""type"":""MultiPoint"",""coordinates"":[]}"
71,1990-12-01T00:00:00,0.0,niushanhu,"{""type"":""MultiPoint"",""coordinates"":[]}"
72,1991-01-01T00:00:00,0.0,niushanhu,"{""type"":""MultiPoint"",""coordinates"":[]}"
73,1991-02-01T00:00:00,0.0,niushanhu,"{""type"":""MultiPoint"",""coordinates"":[]}"
74,1991-03-01T00:00:00,0.0,niushanhu,"{""type"":""MultiPoint"",""coordinates"":[]}"
75,1991-04-01T00:00:00,0.0,niushanhu,"{""type"":""MultiPoint"",""coordinates"":[]}"
76,1991-05-01T00:00:00,0.0,niushanhu,"{""type"":""MultiPoint"",""coordinates"":[]}"
77,1991-06-01T00:00:00,7.744500122070313E-4,niushanhu,"{""type"":""MultiPoint"",""coordinates"":[]}"
78,1991-07-01T00:00:00,53.1645220566035,niushanhu,"{""type"":""MultiPoint"",""coordinates"":[]}"
79,1991-08-01T00:00:00,0.0,niushanhu,"{""type"":""MultiPoint"",""coordinates"":[]}"
80,1991-09-01T00:00:00,0.0,niushanhu,"{""type"":""MultiPoint"",""coordinates"":[]}"
81,1991-10-01T00:00:00,0.0,niushanhu,"{""type"":""MultiPoint"",""coordinates"":[]}"
82,1991-11-01T00:00:00,0.0,niushanhu,"{""type"":""MultiPoint"",""coordinates"":[]}"
83,1991-12-01T00:00:00,0.0,niushanhu,"{""type"":""MultiPoint"",""coordinates"":[]}"
84,1992-01-01T00:00:00,54.29576548273303,niushanhu,"{""type"":""MultiPoint"",""coordinates"":[]}"
85,1992-02-01T00:00:00,50.408317074610096,niushanhu,"{""type"":""MultiPoint"",""coordinates"":[]}"
86,1992-03-01T00:00:00,0.0,niushanhu,"{""type"":""MultiPoint"",""coordinates"":[]}"
87,1992-04-01T00:00:00,0.0,niushanhu,"{""type"":""MultiPoint"",""coordinates"":[]}"
88,1992-05-01T00:00:00,0.0,niushanhu,"{""type"":""MultiPoint"",""coordinates"":[]}"
89,1992-06-01T00:00:00,0.0,niushanhu,"{""type"":""MultiPoint"",""coordinates"":[]}"
90,1992-07-01T00:00:00,45.249052317976144,niushanhu,"{""type"":""MultiPoint"",""coordinates"":[]}"
91,1992-08-01T00:00:00,0.0,niushanhu,"{""type"":""MultiPoint"",""coordinates"":[]}"
92,1992-09-01T00:00:00,0.0,niushanhu,"{""type"":""MultiPoint"",""coordinates"":[]}"
93,1992-10-01T00:00:00,47.89558526089585,niushanhu,"{""type"":""MultiPoint"",""coordinates"":[]}"
94,1992-11-01T00:00:00,0.0,niushanhu,"{""type"":""MultiPoint"",""coordinates"":[]}"
95,1992-12-01T00:00:00,0.0,niushanhu,"{""type"":""MultiPoint"",""coordinates"":[]}"
96,1993-01-01T00:00:00,0.0,niushanhu,"{""type"":""MultiPoint"",""coordinates"":[]}"
97,1993-02-01T00:00:00,0.0,niushanhu,"{""type"":""MultiPoint"",""coordinates"":[]}"
98,1993-03-01T00:00:00,0.0,niushanhu,"{""type"":""MultiPoint"",""coordinates"":[]}"
99,1993-04-01T00:00:00,0.0,niushanhu,"{""type"":""MultiPoint"",""coordinates"":[]}"
100,1993-05-01T00:00:00,0.0,niushanhu,"{""type"":""MultiPoint"",""coordinates"":[]}"
101,1993-06-01T00:00:00,0.0,niushanhu,"{""type"":""MultiPoint"",""coordinates"":[]}"
102,1993-07-01T00:00:00,0.0,niushanhu,"{""type"":""MultiPoint"",""coordinates"":[]}"
103,1993-08-01T00:00:00,0.0,niushanhu,"{""type"":""MultiPoint"",""coordinates"":[]}"
104,1993-09-01T00:00:00,0.08361434643554687,niushanhu,"{""type"":""MultiPoint"",""coordinates"":[]}"
105,1993-10-01T00:00:00,50.69389451818151,niushanhu,"{""type"":""MultiPoint"",""coordinates"":[]}"
106,1993-11-01T00:00:00,0.0,niushanhu,"{""type"":""MultiPoint"",""coordinates"":[]}"
107,1993-12-01T00:00:00,0.0,niushanhu,"{""type"":""MultiPoint"",""coordinates"":[]}"
108,1994-01-01T00:00:00,0.0,niushanhu,"{""type"":""MultiPoint"",""coordinates"":[]}"
109,1994-02-01T00:00:00,0.0,niushanhu,"{""type"":""MultiPoint"",""coordinates"":[]}"
110,1994-03-01T00:00:00,0.0,niushanhu,"{""type"":""MultiPoint"",""coordinates"":[]}"
111,1994-04-01T00:00:00,0.0,niushanhu,"{""type"":""MultiPoint"",""coordinates"":[]}"
112,1994-05-01T00:00:00,0.0,niushanhu,"{""type"":""MultiPoint"",""coordinates"":[]}"
113,1994-06-01T00:00:00,0.0,niushanhu,"{""type"":""MultiPoint"",""coordinates"":[]}"
114,1994-07-01T00:00:00,0.0,niushanhu,"{""type"":""MultiPoint"",""coordinates"":[]}"
115,1994-08-01T00:00:00,43.40948492502466,niushanhu,"{""type"":""MultiPoint"",""coordinates"":[]}"
116,1994-09-01T00:00:00,45.35967918493438,niushanhu,"{""type"":""MultiPoint"",""coordinates"":[]}"
117,1994-10-01T00:00:00,48.81349708968625,niushanhu,"{""type"":""MultiPoint"",""coordinates"":[]}"
118,1994-11-01T00:00:00,0.0,niushanhu,"{""type"":""MultiPoint"",""coordinates"":[]}"
119,1994-12-01T00:00:00,0.0,niushanhu,"{""type"":""MultiPoint"",""coordinates"":[]}"
120,1995-01-01T00:00:00,0.0,niushanhu,"{""type"":""MultiPoint"",""coordinates"":[]}"
121,1995-02-01T00:00:00,0.0,niushanhu,"{""type"":""MultiPoint"",""coordinates"":[]}"
122,1995-03-01T00:00:00,0.0,niushanhu,"{""type"":""MultiPoint"",""coordinates"":[]}"
123,1995-04-01T00:00:00,40.981188517568796,niushanhu,"{""type"":""MultiPoint"",""coordinates"":[]}"
124,1995-05-01T00:00:00,21.913190099910487,niushanhu,"{""type"":""MultiPoint"",""coordinates"":[]}"
125,1995-06-01T00:00:00,47.75682107963267,niushanhu,"{""type"":""MultiPoint"",""coordinates"":[]}"
126,1995-07-01T00:00:00,0.0,niushanhu,"{""type"":""MultiPoint"",""coordinates"":[]}"
127,1995-08-01T00:00:00,0.0,niushanhu,"{""type"":""MultiPoint"",""coordinates"":[]}"
128,1995-09-01T00:00:00,0.0,niushanhu,"{""type"":""MultiPoint"",""coordinates"":[]}"
129,1995-10-01T00:00:00,51.09072016663076,niushanhu,"{""type"":""MultiPoint"",""coordinates"":[]}"
130,1995-11-01T00:00:00,51.16539690866293,niushanhu,"{""type"":""MultiPoint"",""coordinates"":[]}"
131,1995-12-01T00:00:00,0.0,niushanhu,"{""type"":""MultiPoint"",""coordinates"":[]}"
132,1996-01-01T00:00:00,47.37895630068476,niushanhu,"{""type"":""MultiPoint"",""coordinates"":[]}"
133,1996-02-01T00:00:00,21.127009348426267,niushanhu,"{""type"":""MultiPoint"",""coordinates"":[]}"
134,1996-03-01T00:00:00,0.0,niushanhu,"{""type"":""MultiPoint"",""coordinates"":[]}"
135,1996-04-01T00:00:00,0.0,niushanhu,"{""type"":""MultiPoint"",""coordinates"":[]}"
136,1996-05-01T00:00:00,0.7429785528344247,niushanhu,"{""type"":""MultiPoint"",""coordinates"":[]}"
137,1996-06-01T00:00:00,45.08511971625041,niushanhu,"{""type"":""MultiPoint"",""coordinates"":[]}"
138,1996-07-01T00:00:00,0.0,niushanhu,"{""type"":""MultiPoint"",""coordinates"":[]}"
139,1996-08-01T00:00:00,45.509809595888825,niushanhu,"{""type"":""MultiPoint"",""coordinates"":[]}"
140,1996-09-01T00:00:00,45.3957515052145,niushanhu,"{""type"":""MultiPoint"",""coordinates"":[]}"
141,1996-10-01T00:00:00,53.158520374256575,niushanhu,"{""type"":""MultiPoint"",""coordinates"":[]}"
142,1996-11-01T00:00:00,0.0,niushanhu,"{""type"":""MultiPoint"",""coordinates"":[]}"
143,1996-12-01T00:00:00,0.0,niushanhu,"{""type"":""MultiPoint"",""coordinates"":[]}"
144,1997-01-01T00:00:00,0.0,niushanhu,"{""type"":""MultiPoint"",""coordinates"":[]}"
145,1997-02-01T00:00:00,0.0,niushanhu,"{""type"":""MultiPoint"",""coordinates"":[]}"
146,1997-03-01T00:00:00,0.0,niushanhu,"{""type"":""MultiPoint"",""coordinates"":[]}"
147,1997-04-01T00:00:00,0.0,niushanhu,"{""type"":""MultiPoint"",""coordinates"":[]}"
148,1997-05-01T00:00:00,0.0,niushanhu,"{""type"":""MultiPoint"",""coordinates"":[]}"
149,1997-06-01T00:00:00,0.0,niushanhu,"{""type"":""MultiPoint"",""coordinates"":[]}"
150,1997-07-01T00:00:00,0.0,niushanhu,"{""type"":""MultiPoint"",""coordinates"":[]}"
151,1997-08-01T00:00:00,0.0,niushanhu,"{""type"":""MultiPoint"",""coordinates"":[]}"
152,1997-09-01T00:00:00,0.0,niushanhu,"{""type"":""MultiPoint"",""coordinates"":[]}"
153,1997-10-01T00:00:00,0.0,niushanhu,"{""type"":""MultiPoint"",""coordinates"":[]}"
154,1997-11-01T00:00:00,0.0,niushanhu,"{""type"":""MultiPoint"",""coordinates"":[]}"
155,1997-12-01T00:00:00,0.0,niushanhu,"{""type"":""MultiPoint"",""coordinates"":[]}"
156,1998-01-01T00:00:00,0.0,niushanhu,"{""type"":""MultiPoint"",""coordinates"":[]}"
157,1998-02-01T00:00:00,0.0,niushanhu,"{""type"":""MultiPoint"",""coordinates"":[]}"
158,1998-03-01T00:00:00,0.0,niushanhu,"{""type"":""MultiPoint"",""coordinates"":[]}"
159,1998-04-01T00:00:00,0.0,niushanhu,"{""type"":""MultiPoint"",""coordinates"":[]}"
160,1998-05-01T00:00:00,0.0,niushanhu,"{""type"":""MultiPoint"",""coordinates"":[]}"
161,1998-06-01T00:00:00,0.0,niushanhu,"{""type"":""MultiPoint"",""coordinates"":[]}"
162,1998-07-01T00:00:00,0.0,niushanhu,"{""type"":""MultiPoint"",""coordinates"":[]}"
163,1998-08-01T00:00:00,0.0,niushanhu,"{""type"":""MultiPoint"",""coordinates"":[]}"
164,1998-09-01T00:00:00,0.0,niushanhu,"{""type"":""MultiPoint"",""coordinates"":[]}"
165,1998-10-01T00:00:00,0.0,niushanhu,"{""type"":""MultiPoint"",""coordinates"":[]}"
166,1998-11-01T00:00:00,0.0,niushanhu,"{""type"":""MultiPoint"",""coordinates"":[]}"
167,1998-12-01T00:00:00,0.0,niushanhu,"{""type"":""MultiPoint"",""coordinates"":[]}"
168,1999-01-01T00:00:00,0.0,niushanhu,"{""type"":""MultiPoint"",""coordinates"":[]}"
169,1999-02-01T00:00:00,0.0,niushanhu,"{""type"":""MultiPoint"",""coordinates"":[]}"
170,1999-03-01T00:00:00,0.0,niushanhu,"{""type"":""MultiPoint"",""coordinates"":[]}"
171,1999-04-01T00:00:00,0.0,niushanhu,"{""type"":""MultiPoint"",""coordinates"":[]}"
172,1999-05-01T00:00:00,0.0,niushanhu,"{""type"":""MultiPoint"",""coordinates"":[]}"
173,1999-06-01T00:00:00,0.0,niushanhu,"{""type"":""MultiPoint"",""coordinates"":[]}"
174,1999-07-01T00:00:00,0.0,niushanhu,"{""type"":""MultiPoint"",""coordinates"":[]}"
175,1999-08-01T00:00:00,37.39571144407767,niushanhu,"{""type"":""MultiPoint"",""coordinates"":[]}"
176,1999-09-01T00:00:00,48.965789247786184,niushanhu,"{""type"":""MultiPoint"",""coordinates"":[]}"
177,1999-10-01T00:00:00,0.0,niushanhu,"{""type"":""MultiPoint"",""coordinates"":[]}"
178,1999-11-01T00:00:00,37.64697546847406,niushanhu,"{""type"":""MultiPoint"",""coordinates"":[]}"
179,1999-12-01T00:00:00,0.0,niushanhu,"{""type"":""MultiPoint"",""coordinates"":[]}"
180,2000-01-01T00:00:00,51.48872382794121,niushanhu,"{""type"":""MultiPoint"",""coordinates"":[]}"
181,2000-02-01T00:00:00,49.97037082683324,niushanhu,"{""type"":""MultiPoint"",""coordinates"":[]}"
182,2000-03-01T00:00:00,49.00123041736389,niushanhu,"{""type"":""MultiPoint"",""coordinates"":[]}"
183,2000-04-01T00:00:00,0.21602059942626953,niushanhu,"{""type"":""MultiPoint"",""coordinates"":[]}"
184,2000-05-01T00:00:00,42.32409755893674,niushanhu,"{""type"":""MultiPoint"",""coordinates"":[]}"
185,2000-06-01T00:00:00,42.50454499379164,niushanhu,"{""type"":""MultiPoint"",""coordinates"":[]}"
186,2000-07-01T00:00:00,40.67328548800791,niushanhu,"{""type"":""MultiPoint"",""coordinates"":[]}"
187,2000-08-01T00:00:00,40.96308152776574,niushanhu,"{""type"":""MultiPoint"",""coordinates"":[]}"
188,2000-09-01T00:00:00,42.012823054012294,niushanhu,"{""type"":""MultiPoint"",""coordinates"":[]}"
189,2000-10-01T00:00:00,46.89702084803129,niushanhu,"{""type"":""MultiPoint"",""coordinates"":[]}"
190,2000-11-01T00:00:00,49.20166116259118,niushanhu,"{""type"":""MultiPoint"",""coordinates"":[]}"
191,2000-12-01T00:00:00,0.0,niushanhu,"{""type"":""MultiPoint"",""coordinates"":[]}"
192,2001-01-01T00:00:00,53.21668731888621,niushanhu,"{""type"":""MultiPoint"",""coordinates"":[]}"
193,2001-02-01T00:00:00,0.5915291154153262,niushanhu,"{""type"":""MultiPoint"",""coordinates"":[]}"
194,2001-03-01T00:00:00,51.486948794393356,niushanhu,"{""type"":""MultiPoint"",""coordinates"":[]}"
195,2001-04-01T00:00:00,47.661832099882936,niushanhu,"{""type"":""MultiPoint"",""coordinates"":[]}"
196,2001-05-01T00:00:00,44.1161991790477,niushanhu,"{""type"":""MultiPoint"",""coordinates"":[]}"
197,2001-06-01T00:00:00,24.50611074312792,niushanhu,"{""type"":""MultiPoint"",""coordinates"":[]}"
198,2001-07-01T00:00:00,47.08051436448684,niushanhu,"{""type"":""MultiPoint"",""coordinates"":[]}"
199,2001-08-01T00:00:00,6.4752800857323765,niushanhu,"{""type"":""MultiPoint"",""coordinates"":[]}"
200,2001-09-01T00:00:00,44.20206643243312,niushanhu,"{""type"":""MultiPoint"",""coordinates"":[]}"
201,2001-10-01T00:00:00,30.98269048793562,niushanhu,"{""type"":""MultiPoint"",""coordinates"":[]}"
202,2001-11-01T00:00:00,50.457316368514505,niushanhu,"{""type"":""MultiPoint"",""coordinates"":[]}"
203,2001-12-01T00:00:00,0.0,niushanhu,"{""type"":""MultiPoint"",""coordinates"":[]}"
204,2002-01-01T00:00:00,6.496217253041462,niushanhu,"{""type"":""MultiPoint"",""coordinates"":[]}"
205,2002-02-01T00:00:00,38.09008019918238,niushanhu,"{""type"":""MultiPoint"",""coordinates"":[]}"
206,2002-03-01T00:00:00,46.17013479379978,niushanhu,"{""type"":""MultiPoint"",""coordinates"":[]}"
207,2002-04-01T00:00:00,42.752043852039776,niushanhu,"{""type"":""MultiPoint"",""coordinates"":[]}"
208,2002-05-01T00:00:00,48.47962297746607,niushanhu,"{""type"":""MultiPoint"",""coordinates"":[]}"
209,2002-06-01T00:00:00,5.862129711450197,niushanhu,"{""type"":""MultiPoint"",""coordinates"":[]}"
210,2002-07-01T00:00:00,47.36926178816874,niushanhu,"{""type"":""MultiPoint"",""coordinates"":[]}"
211,2002-08-01T00:00:00,48.657869461845834,niushanhu,"{""type"":""MultiPoint"",""coordinates"":[]}"
212,2002-09-01T00:00:00,47.25881912136204,niushanhu,"{""type"":""MultiPoint"",""coordinates"":[]}"
213,2002-10-01T00:00:00,50.53546887092044,niushanhu,"{""type"":""MultiPoint"",""coordinates"":[]}"
214,2002-11-01T00:00:00,51.46858568520217,niushanhu,"{""type"":""MultiPoint"",""coordinates"":[]}"
215,2002-12-01T00:00:00,0.0,niushanhu,"{""type"":""MultiPoint"",""coordinates"":[]}"
216,2003-01-01T00:00:00,54.96414181098701,niushanhu,"{""type"":""MultiPoint"",""coordinates"":[]}"
217,2003-02-01T00:00:00,54.29671491742778,niushanhu,"{""type"":""MultiPoint"",""coordinates"":[]}"
218,2003-03-01T00:00:00,53.22743144156782,niushanhu,"{""type"":""MultiPoint"",""coordinates"":[]}"
219,2003-04-01T00:00:00,51.972191354594884,niushanhu,"{""type"":""MultiPoint"",""coordinates"":[]}"
220,2003-05-01T00:00:00,52.250270612694834,niushanhu,"{""type"":""MultiPoint"",""coordinates"":[]}"
221,2003-06-01T00:00:00,41.18087883861537,niushanhu,"{""type"":""MultiPoint"",""coordinates"":[]}"
222,2003-07-01T00:00:00,52.22749924394508,niushanhu,"{""type"":""MultiPoint"",""coordinates"":[]}"
223,2003-08-01T00:00:00,48.0545804904414,niushanhu,"{""type"":""MultiPoint"",""coordinates"":[]}"
224,2003-09-01T00:00:00,51.43854932103987,niushanhu,"{""type"":""MultiPoint"",""coordinates"":[]}"
225,2003-10-01T00:00:00,53.594039735062644,niushanhu,"{""type"":""MultiPoint"",""coordinates"":[]}"
226,2003-11-01T00:00:00,54.51527283869055,niushanhu,"{""type"":""MultiPoint"",""coordinates"":[]}"
227,2003-12-01T00:00:00,0.0,niushanhu,"{""type"":""MultiPoint"",""coordinates"":[]}"
228,2004-01-01T00:00:00,50.170279460334086,niushanhu,"{""type"":""MultiPoint"",""coordinates"":[]}"
229,2004-02-01T00:00:00,47.69181470525907,niushanhu,"{""type"":""MultiPoint"",""coordinates"":[]}"
230,2004-03-01T00:00:00,46.49250061578155,niushanhu,"{""type"":""MultiPoint"",""coordinates"":[]}"
231,2004-04-01T00:00:00,44.89178800740298,niushanhu,"{""type"":""MultiPoint"",""coordinates"":[]}"
232,2004-05-01T00:00:00,43.901805636395146,niushanhu,"{""type"":""MultiPoint"",""coordinates"":[]}"
233,2004-06-01T00:00:00,47.30391360157373,niushanhu,"{""type"":""MultiPoint"",""coordinates"":[]}"
234,2004-07-01T00:00:00,49.26788966946876,niushanhu,"{""type"":""MultiPoint"",""coordinates"":[]}"
235,2004-08-01T00:00:00,43.28504581586171,niushanhu,"{""type"":""MultiPoint"",""coordinates"":[]}"
236,2004-09-01T00:00:00,49.66178872582671,niushanhu,"{""type"":""MultiPoint"",""coordinates"":[]}"
237,2004-10-01T00:00:00,52.420756004889505,niushanhu,"{""type"":""MultiPoint"",""coordinates"":[]}"
238,2004-11-01T00:00:00,53.80675319137779,niushanhu,"{""type"":""MultiPoint"",""coordinates"":[]}"
239,2004-12-01T00:00:00,0.0,niushanhu,"{""type"":""MultiPoint"",""coordinates"":[]}"
240,2005-01-01T00:00:00,54.55001408533388,niushanhu,"{""type"":""MultiPoint"",""coordinates"":[]}"
241,2005-02-01T00:00:00,45.839289208525315,niushanhu,"{""type"":""MultiPoint"",""coordinates"":[]}"
242,2005-03-01T00:00:00,53.08450524926834,niushanhu,"{""type"":""MultiPoint"",""coordinates"":[]}"
243,2005-04-01T00:00:00,45.71730778754262,niushanhu,"{""type"":""MultiPoint"",""coordinates"":[]}"
244,2005-05-01T00:00:00,44.40777072474726,niushanhu,"{""type"":""MultiPoint"",""coordinates"":[]}"
245,2005-06-01T00:00:00,38.892655201675474,niushanhu,"{""type"":""MultiPoint"",""coordinates"":[]}"
246,2005-07-01T00:00:00,42.160139240064915,niushanhu,"{""type"":""MultiPoint"",""coordinates"":[]}"
247,2005-08-01T00:00:00,29.346984770774938,niushanhu,"{""type"":""MultiPoint"",""coordinates"":[]}"
248,2005-09-01T00:00:00,48.23084021947139,niushanhu,"{""type"":""MultiPoint"",""coordinates"":[]}"
249,2005-10-01T00:00:00,34.5954966287351,niushanhu,"{""type"":""MultiPoint"",""coordinates"":[]}"
250,2005-11-01T00:00:00,51.92070958583222,niushanhu,"{""type"":""MultiPoint"",""coordinates"":[]}"
251,2005-12-01T00:00:00,0.0,niushanhu,"{""type"":""MultiPoint"",""coordinates"":[]}"
252,2006-01-01T00:00:00,54.9655902123547,niushanhu,"{""type"":""MultiPoint"",""coordinates"":[]}"
253,2006-02-01T00:00:00,9.762153113511031,niushanhu,"{""type"":""MultiPoint"",""coordinates"":[]}"
254,2006-03-01T00:00:00,51.93942642582098,niushanhu,"{""type"":""MultiPoint"",""coordinates"":[]}"
255,2006-04-01T00:00:00,45.66511751838523,niushanhu,"{""type"":""MultiPoint"",""coordinates"":[]}"
256,2006-05-01T00:00:00,43.74297780261397,niushanhu,"{""type"":""MultiPoint"",""coordinates"":[]}"
257,2006-06-01T00:00:00,47.53440950397829,niushanhu,"{""type"":""MultiPoint"",""coordinates"":[]}"
258,2006-07-01T00:00:00,48.06678032952138,niushanhu,"{""type"":""MultiPoint"",""coordinates"":[]}"
259,2006-08-01T00:00:00,44.523100062837464,niushanhu,"{""type"":""MultiPoint"",""coordinates"":[]}"
260,2006-09-01T00:00:00,46.33434369140696,niushanhu,"{""type"":""MultiPoint"",""coordinates"":[]}"
261,2006-10-01T00:00:00,50.747029701453556,niushanhu,"{""type"":""MultiPoint"",""coordinates"":[]}"
262,2006-11-01T00:00:00,50.25966258810842,niushanhu,"{""type"":""MultiPoint"",""coordinates"":[]}"
263,2006-12-01T00:00:00,0.0,niushanhu,"{""type"":""MultiPoint"",""coordinates"":[]}"
264,2007-01-01T00:00:00,52.82983378410571,niushanhu,"{""type"":""MultiPoint"",""coordinates"":[]}"
265,2007-02-01T00:00:00,52.30737807212513,niushanhu,"{""type"":""MultiPoint"",""coordinates"":[]}"
266,2007-03-01T00:00:00,49.08068085959041,niushanhu,"{""type"":""MultiPoint"",""coordinates"":[]}"
267,2007-04-01T00:00:00,46.95739831372288,niushanhu,"{""type"":""MultiPoint"",""coordinates"":[]}"
268,2007-05-01T00:00:00,45.42802335148542,niushanhu,"{""type"":""MultiPoint"",""coordinates"":[]}"
269,2007-06-01T00:00:00,12.692763864042634,niushanhu,"{""type"":""MultiPoint"",""coordinates"":[]}"
270,2007-07-01T00:00:00,45.242163180102295,niushanhu,"{""type"":""MultiPoint"",""coordinates"":[]}"
271,2007-08-01T00:00:00,44.049858015139336,niushanhu,"{""type"":""MultiPoint"",""coordinates"":[]}"
272,2007-09-01T00:00:00,43.52339308725824,niushanhu,"{""type"":""MultiPoint"",""coordinates"":[]}"
273,2007-10-01T00:00:00,23.1450232945291,niushanhu,"{""type"":""MultiPoint"",""coordinates"":[]}"
274,2007-11-01T00:00:00,49.51705744161281,niushanhu,"{""type"":""MultiPoint"",""coordinates"":[]}"
275,2007-12-01T00:00:00,0.0,niushanhu,"{""type"":""MultiPoint"",""coordinates"":[]}"
276,2008-01-01T00:00:00,0.0,niushanhu,"{""type"":""MultiPoint"",""coordinates"":[]}"
277,2008-02-01T00:00:00,53.16643533750986,niushanhu,"{""type"":""MultiPoint"",""coordinates"":[]}"
278,2008-03-01T00:00:00,51.114693012395406,niushanhu,"{""type"":""MultiPoint"",""coordinates"":[]}"
279,2008-04-01T00:00:00,46.77153516233845,niushanhu,"{""type"":""MultiPoint"",""coordinates"":[]}"
280,2008-05-01T00:00:00,41.380135937311636,niushanhu,"{""type"":""MultiPoint"",""coordinates"":[]}"
281,2008-06-01T00:00:00,0.2764089826049805,niushanhu,"{""type"":""MultiPoint"",""coordinates"":[]}"
282,2008-07-01T00:00:00,42.99439469338283,niushanhu,"{""type"":""MultiPoint"",""coordinates"":[]}"
283,2008-08-01T00:00:00,44.67796423758377,niushanhu,"{""type"":""MultiPoint"",""coordinates"":[]}"
284,2008-09-01T00:00:00,43.796462882148774,niushanhu,"{""type"":""MultiPoint"",""coordinates"":[]}"
285,2008-10-01T00:00:00,47.00940808618689,niushanhu,"{""type"":""MultiPoint"",""coordinates"":[]}"
286,2008-11-01T00:00:00,46.56149017822626,niushanhu,"{""type"":""MultiPoint"",""coordinates"":[]}"
287,2008-12-01T00:00:00,0.0,niushanhu,"{""type"":""MultiPoint"",""coordinates"":[]}"
288,2009-01-01T00:00:00,51.46167258589632,niushanhu,"{""type"":""MultiPoint"",""coordinates"":[]}"
289,2009-02-01T00:00:00,47.595115079253034,niushanhu,"{""type"":""MultiPoint"",""coordinates"":[]}"
290,2009-03-01T00:00:00,50.801760383354605,niushanhu,"{""type"":""MultiPoint"",""coordinates"":[]}"
291,2009-04-01T00:00:00,48.45108310485146,niushanhu,"{""type"":""MultiPoint"",""coordinates"":[]}"
292,2009-05-01T00:00:00,48.03492638499659,niushanhu,"{""type"":""MultiPoint"",""coordinates"":[]}"
293,2009-06-01T00:00:00,48.06408405906383,niushanhu,"{""type"":""MultiPoint"",""coordinates"":[]}"
294,2009-07-01T00:00:00,48.642343099458316,niushanhu,"{""type"":""MultiPoint"",""coordinates"":[]}"
295,2009-08-01T00:00:00,47.08154873778051,niushanhu,"{""type"":""MultiPoint"",""coordinates"":[]}"
296,2009-09-01T00:00:00,48.33173372533486,niushanhu,"{""type"":""MultiPoint"",""coordinates"":[]}"
297,2009-10-01T00:00:00,49.765262040084764,niushanhu,"{""type"":""MultiPoint"",""coordinates"":[]}"
298,2009-11-01T00:00:00,52.261758616174795,niushanhu,"{""type"":""MultiPoint"",""coordinates"":[]}"
299,2009-12-01T00:00:00,0.0,niushanhu,"{""type"":""MultiPoint"",""coordinates"":[]}"
300,2010-01-01T00:00:00,54.15872908902301,niushanhu,"{""type"":""MultiPoint"",""coordinates"":[]}"
301,2010-02-01T00:00:00,53.437395704827985,niushanhu,"{""type"":""MultiPoint"",""coordinates"":[]}"
302,2010-03-01T00:00:00,53.26374259342972,niushanhu,"{""type"":""MultiPoint"",""coordinates"":[]}"
303,2010-04-01T00:00:00,32.46225393746123,niushanhu,"{""type"":""MultiPoint"",""coordinates"":[]}"
304,2010-05-01T00:00:00,12.883984754100844,niushanhu,"{""type"":""MultiPoint"",""coordinates"":[]}"
305,2010-06-01T00:00:00,34.60487286425446,niushanhu,"{""type"":""MultiPoint"",""coordinates"":[]}"
306,2010-07-01T00:00:00,46.560794072461874,niushanhu,"{""type"":""MultiPoint"",""coordinates"":[]}"
307,2010-08-01T00:00:00,49.264773431863446,niushanhu,"{""type"":""MultiPoint"",""coordinates"":[]}"
308,2010-09-01T00:00:00,47.21058823626037,niushanhu,"{""type"":""MultiPoint"",""coordinates"":[]}"
309,2010-10-01T00:00:00,53.402576554326785,niushanhu,"{""type"":""MultiPoint"",""coordinates"":[]}"
310,2010-11-01T00:00:00,54.6848166084008,niushanhu,"{""type"":""MultiPoint"",""coordinates"":[]}"
311,2010-12-01T00:00:00,0.0,niushanhu,"{""type"":""MultiPoint"",""coordinates"":[]}"
312,2011-01-01T00:00:00,54.80612041617264,niushanhu,"{""type"":""MultiPoint"",""coordinates"":[]}"
313,2011-02-01T00:00:00,53.554851861133784,niushanhu,"{""type"":""MultiPoint"",""coordinates"":[]}"
314,2011-03-01T00:00:00,51.397575833166535,niushanhu,"{""type"":""MultiPoint"",""coordinates"":[]}"
315,2011-04-01T00:00:00,22.889957430101816,niushanhu,"{""type"":""MultiPoint"",""coordinates"":[]}"
316,2011-05-01T00:00:00,29.48926104735228,niushanhu,"{""type"":""MultiPoint"",""coordinates"":[]}"
317,2011-06-01T00:00:00,48.11665404252929,niushanhu,"{""type"":""MultiPoint"",""coordinates"":[]}"
318,2011-07-01T00:00:00,11.343844011101456,niushanhu,"{""type"":""MultiPoint"",""coordinates"":[]}"
319,2011-08-01T00:00:00,48.827107345138494,niushanhu,"{""type"":""MultiPoint"",""coordinates"":[]}"
320,2011-09-01T00:00:00,48.551355573887484,niushanhu,"{""type"":""MultiPoint"",""coordinates"":[]}"
321,2011-10-01T00:00:00,51.097517048222386,niushanhu,"{""type"":""MultiPoint"",""coordinates"":[]}"
322,2011-11-01T00:00:00,43.46525729588909,niushanhu,"{""type"":""MultiPoint"",""coordinates"":[]}"
323,2011-12-01T00:00:00,0.0,niushanhu,"{""type"":""MultiPoint"",""coordinates"":[]}"
324,2012-01-01T00:00:00,53.191754602087634,niushanhu,"{""type"":""MultiPoint"",""coordinates"":[]}"
325,2012-02-01T00:00:00,36.01402694772327,niushanhu,"{""type"":""MultiPoint"",""coordinates"":[]}"
326,2012-03-01T00:00:00,36.50426015528566,niushanhu,"{""type"":""MultiPoint"",""coordinates"":[]}"
327,2012-04-01T00:00:00,0.0,niushanhu,"{""type"":""MultiPoint"",""coordinates"":[]}"
328,2012-05-01T00:00:00,41.40657005859115,niushanhu,"{""type"":""MultiPoint"",""coordinates"":[]}"
329,2012-06-01T00:00:00,34.86848948163081,niushanhu,"{""type"":""MultiPoint"",""coordinates"":[]}"
330,2012-07-01T00:00:00,44.54079110243855,niushanhu,"{""type"":""MultiPoint"",""coordinates"":[]}"
331,2012-08-01T00:00:00,13.252698818793082,niushanhu,"{""type"":""MultiPoint"",""coordinates"":[]}"
332,2012-09-01T00:00:00,25.638781677384433,niushanhu,"{""type"":""MultiPoint"",""coordinates"":[]}"
333,2012-10-01T00:00:00,42.703378343383314,niushanhu,"{""type"":""MultiPoint"",""coordinates"":[]}"
334,2012-11-01T00:00:00,33.67423558992657,niushanhu,"{""type"":""MultiPoint"",""coordinates"":[]}"
335,2012-12-01T00:00:00,0.0,niushanhu,"{""type"":""MultiPoint"",""coordinates"":[]}"
336,2013-01-01T00:00:00,38.693823297863034,niushanhu,"{""type"":""MultiPoint"",""coordinates"":[]}"
337,2013-02-01T00:00:00,3.317679457050398,niushanhu,"{""type"":""MultiPoint"",""coordinates"":[]}"
338,2013-03-01T00:00:00,0.0,niushanhu,"{""type"":""MultiPoint"",""coordinates"":[]}"
339,2013-04-01T00:00:00,49.302447747906356,niushanhu,"{""type"":""MultiPoint"",""coordinates"":[]}"
340,2013-05-01T00:00:00,50.16553239919723,niushanhu,"{""type"":""MultiPoint"",""coordinates"":[]}"
341,2013-06-01T00:00:00,47.354118688634074,niushanhu,"{""type"":""MultiPoint"",""coordinates"":[]}"
342,2013-07-01T00:00:00,51.47155134666296,niushanhu,"{""type"":""MultiPoint"",""coordinates"":[]}"
343,2013-08-01T00:00:00,50.97174466641463,niushanhu,"{""type"":""MultiPoint"",""coordinates"":[]}"
344,2013-09-01T00:00:00,49.80097302092164,niushanhu,"{""type"":""MultiPoint"",""coordinates"":[]}"
345,2013-10-01T00:00:00,51.22926750790321,niushanhu,"{""type"":""MultiPoint"",""coordinates"":[]}"
346,2013-11-01T00:00:00,52.80543960789388,niushanhu,"{""type"":""MultiPoint"",""coordinates"":[]}"
347,2013-12-01T00:00:00,0.0,niushanhu,"{""type"":""MultiPoint"",""coordinates"":[]}"
348,2014-01-01T00:00:00,53.70554778708207,niushanhu,"{""type"":""MultiPoint"",""coordinates"":[]}"
349,2014-02-01T00:00:00,53.485470328523505,niushanhu,"{""type"":""MultiPoint"",""coordinates"":[]}"
350,2014-03-01T00:00:00,53.25784657113851,niushanhu,"{""type"":""MultiPoint"",""coordinates"":[]}"
351,2014-04-01T00:00:00,49.6620821832223,niushanhu,"{""type"":""MultiPoint"",""coordinates"":[]}"
352,2014-05-01T00:00:00,46.93873607092861,niushanhu,"{""type"":""MultiPoint"",""coordinates"":[]}"
353,2014-06-01T00:00:00,17.938783093444822,niushanhu,"{""type"":""MultiPoint"",""coordinates"":[]}"
354,2014-07-01T00:00:00,44.71377765578399,niushanhu,"{""type"":""MultiPoint"",""coordinates"":[]}"
355,2014-08-01T00:00:00,49.44728949554854,niushanhu,"{""type"":""MultiPoint"",""coordinates"":[]}"
356,2014-09-01T00:00:00,49.27811435681179,niushanhu,"{""type"":""MultiPoint"",""coordinates"":[]}"
357,2014-10-01T00:00:00,51.32952079108288,niushanhu,"{""type"":""MultiPoint"",""coordinates"":[]}"
358,2014-11-01T00:00:00,1.090849217224121,niushanhu,"{""type"":""MultiPoint"",""coordinates"":[]}"
359,2014-12-01T00:00:00,0.0,niushanhu,"{""type"":""MultiPoint"",""coordinates"":[]}"
360,2015-01-01T00:00:00,24.58803886186859,niushanhu,"{""type"":""MultiPoint"",""coordinates"":[]}"
361,2015-02-01T00:00:00,31.669661152989782,niushanhu,"{""type"":""MultiPoint"",""coordinates"":[]}"
362,2015-03-01T00:00:00,52.4950179259639,niushanhu,"{""type"":""MultiPoint"",""coordinates"":[]}"
363,2015-04-01T00:00:00,49.17548150584456,niushanhu,"{""type"":""MultiPoint"",""coordinates"":[]}"
364,2015-05-01T00:00:00,28.348455536364987,niushanhu,"{""type"":""MultiPoint"",""coordinates"":[]}"
365,2015-06-01T00:00:00,49.49704742174336,niushanhu,"{""type"":""MultiPoint"",""coordinates"":[]}"
366,2015-07-01T00:00:00,49.53876508802971,niushanhu,"{""type"":""MultiPoint"",""coordinates"":[]}"
367,2015-08-01T00:00:00,48.21548161414703,niushanhu,"{""type"":""MultiPoint"",""coordinates"":[]}"
368,2015-09-01T00:00:00,48.20281118875185,niushanhu,"{""type"":""MultiPoint"",""coordinates"":[]}"
369,2015-10-01T00:00:00,51.63117413421776,niushanhu,"{""type"":""MultiPoint"",""coordinates"":[]}"
370,2015-11-01T00:00:00,52.65455747712664,niushanhu,"{""type"":""MultiPoint"",""coordinates"":[]}"
371,2015-12-01T00:00:00,0.0,niushanhu,"{""type"":""MultiPoint"",""coordinates"":[]}"
372,2016-01-01T00:00:00,0.0,niushanhu,"{""type"":""MultiPoint"",""coordinates"":[]}"
373,2016-02-01T00:00:00,51.32822734988626,niushanhu,"{""type"":""MultiPoint"",""coordinates"":[]}"
374,2016-03-01T00:00:00,52.083186782101116,niushanhu,"{""type"":""MultiPoint"",""coordinates"":[]}"
375,2016-04-01T00:00:00,51.39550617558526,niushanhu,"{""type"":""MultiPoint"",""coordinates"":[]}"
376,2016-05-01T00:00:00,38.271495736706534,niushanhu,"{""type"":""MultiPoint"",""coordinates"":[]}"
377,2016-06-01T00:00:00,48.28181931385497,niushanhu,"{""type"":""MultiPoint"",""coordinates"":[]}"
378,2016-07-01T00:00:00,55.77055901845387,niushanhu,"{""type"":""MultiPoint"",""coordinates"":[]}"
379,2016-08-01T00:00:00,54.92784718375403,niushanhu,"{""type"":""MultiPoint"",""coordinates"":[]}"
380,2016-09-01T00:00:00,55.66616214877735,niushanhu,"{""type"":""MultiPoint"",""coordinates"":[]}"
381,2016-10-01T00:00:00,54.00705989227055,niushanhu,"{""type"":""MultiPoint"",""coordinates"":[]}"
382,2016-11-01T00:00:00,54.95533552580089,niushanhu,"{""type"":""MultiPoint"",""coordinates"":[]}"
383,2016-12-01T00:00:00,0.0,niushanhu,"{""type"":""MultiPoint"",""coordinates"":[]}"
384,2017-01-01T00:00:00,0.4629351541544596,niushanhu,"{""type"":""MultiPoint"",""coordinates"":[]}"
385,2017-02-01T00:00:00,53.594871867230346,niushanhu,"{""type"":""MultiPoint"",""coordinates"":[]}"
386,2017-03-01T00:00:00,15.298034094403198,niushanhu,"{""type"":""MultiPoint"",""coordinates"":[]}"
387,2017-04-01T00:00:00,52.58547072047288,niushanhu,"{""type"":""MultiPoint"",""coordinates"":[]}"
388,2017-05-01T00:00:00,29.915524457567404,niushanhu,"{""type"":""MultiPoint"",""coordinates"":[]}"
389,2017-06-01T00:00:00,45.710654086705794,niushanhu,"{""type"":""MultiPoint"",""coordinates"":[]}"
390,2017-07-01T00:00:00,51.64449682761639,niushanhu,"{""type"":""MultiPoint"",""coordinates"":[]}"
391,2017-08-01T00:00:00,50.84393355262497,niushanhu,"{""type"":""MultiPoint"",""coordinates"":[]}"
392,2017-09-01T00:00:00,46.07965536703403,niushanhu,"{""type"":""MultiPoint"",""coordinates"":[]}"
393,2017-10-01T00:00:00,53.492126287597905,niushanhu,"{""type"":""MultiPoint"",""coordinates"":[]}"
394,2017-11-01T00:00:00,53.99523447669128,niushanhu,"{""type"":""MultiPoint"",""coordinates"":[]}"
395,2017-12-01T00:00:00,0.0,niushanhu,"{""type"":""MultiPoint"",""coordinates"":[]}"
396,2018-01-01T00:00:00,0.0,niushanhu,"{""type"":""MultiPoint"",""coordinates"":[]}"
397,2018-02-01T00:00:00,54.32012247328117,niushanhu,"{""type"":""MultiPoint"",""coordinates"":[]}"
398,2018-03-01T00:00:00,53.12989772457638,niushanhu,"{""type"":""MultiPoint"",""coordinates"":[]}"
399,2018-04-01T00:00:00,51.344165851583305,niushanhu,"{""type"":""MultiPoint"",""coordinates"":[]}"
400,2018-05-01T00:00:00,0.0,niushanhu,"{""type"":""MultiPoint"",""coordinates"":[]}"
401,2018-06-01T00:00:00,48.626267631766304,niushanhu,"{""type"":""MultiPoint"",""coordinates"":[]}"
402,2018-07-01T00:00:00,49.40001526785841,niushanhu,"{""type"":""MultiPoint"",""coordinates"":[]}"
403,2018-08-01T00:00:00,49.55220190872203,niushanhu,"{""type"":""MultiPoint"",""coordinates"":[]}"
404,2018-09-01T00:00:00,46.925198597843895,niushanhu,"{""type"":""MultiPoint"",""coordinates"":[]}"
405,2018-10-01T00:00:00,45.89345438250112,niushanhu,"{""type"":""MultiPoint"",""coordinates"":[]}"
406,2018-11-01T00:00:00,51.24928697933997,niushanhu,"{""type"":""MultiPoint"",""coordinates"":[]}"
407,2018-12-01T00:00:00,0.0,niushanhu,"{""type"":""MultiPoint"",""coordinates"":[]}"
408,2019-01-01T00:00:00,0.0,niushanhu,"{""type"":""MultiPoint"",""coordinates"":[]}"
409,2019-02-01T00:00:00,10.926137396722055,niushanhu,"{""type"":""MultiPoint"",""coordinates"":[]}"
410,2019-03-01T00:00:00,53.7319115943199,niushanhu,"{""type"":""MultiPoint"",""coordinates"":[]}"
411,2019-04-01T00:00:00,46.966908217286345,niushanhu,"{""type"":""MultiPoint"",""coordinates"":[]}"
412,2019-05-01T00:00:00,47.02471989186821,niushanhu,"{""type"":""MultiPoint"",""coordinates"":[]}"
413,2019-06-01T00:00:00,48.845965480215504,niushanhu,"{""type"":""MultiPoint"",""coordinates"":[]}"
414,2019-07-01T00:00:00,47.01040855690274,niushanhu,"{""type"":""MultiPoint"",""coordinates"":[]}"
415,2019-08-01T00:00:00,46.97927227271276,niushanhu,"{""type"":""MultiPoint"",""coordinates"":[]}"
416,2019-09-01T00:00:00,45.1892048285994,niushanhu,"{""type"":""MultiPoint"",""coordinates"":[]}"
417,2019-10-01T00:00:00,46.88767992994197,niushanhu,"{""type"":""MultiPoint"",""coordinates"":[]}"
418,2019-11-01T00:00:00,48.71360325413557,niushanhu,"{""type"":""MultiPoint"",""coordinates"":[]}"
419,2019-12-01T00:00:00,0.0,niushanhu,"{""type"":""MultiPoint"",""coordinates"":[]}"
420,2020-01-01T00:00:00,0.0,niushanhu,"{""type"":""MultiPoint"",""coordinates"":[]}"
421,2020-02-01T00:00:00,53.36312344119754,niushanhu,"{""type"":""MultiPoint"",""coordinates"":[]}"
422,2020-03-01T00:00:00,52.2137910903385,niushanhu,"{""type"":""MultiPoint"",""coordinates"":[]}"
423,2020-04-01T00:00:00,50.663384379074806,niushanhu,"{""type"":""MultiPoint"",""coordinates"":[]}"
424,2020-05-01T00:00:00,42.95528443418328,niushanhu,"{""type"":""MultiPoint"",""coordinates"":[]}"
425,2020-06-01T00:00:00,44.29910070933122,niushanhu,"{""type"":""MultiPoint"",""coordinates"":[]}"
426,2020-07-01T00:00:00,0.0,niushanhu,"{""type"":""MultiPoint"",""coordinates"":[]}"
427,2020-08-01T00:00:00,55.53472349046388,niushanhu,"{""type"":""MultiPoint"",""coordinates"":[]}"
428,2020-09-01T00:00:00,42.81204333244216,niushanhu,"{""type"":""MultiPoint"",""coordinates"":[]}"
429,2020-10-01T00:00:00,54.85689373114493,niushanhu,"{""type"":""MultiPoint"",""coordinates"":[]}"
430,2020-11-01T00:00:00,55.04697314504894,niushanhu,"{""type"":""MultiPoint"",""coordinates"":[]}"
431,2020-12-01T00:00:00,0.0,niushanhu,"{""type"":""MultiPoint"",""coordinates"":[]}"
