system:index,Date,area_km2,lake,.geo
0,1985-01-01T00:00:00,0.0,taojiadahu,"{""type"":""MultiPoint"",""coordinates"":[]}"
1,1985-02-01T00:00:00,0.0,taojiadahu,"{""type"":""MultiPoint"",""coordinates"":[]}"
2,1985-03-01T00:00:00,0.0,taojiadahu,"{""type"":""MultiPoint"",""coordinates"":[]}"
3,1985-04-01T00:00:00,0.0,taojiadahu,"{""type"":""MultiPoint"",""coordinates"":[]}"
4,1985-05-01T00:00:00,0.0,taojiadahu,"{""type"":""MultiPoint"",""coordinates"":[]}"
5,1985-06-01T00:00:00,0.0,taojiadahu,"{""type"":""MultiPoint"",""coordinates"":[]}"
6,1985-07-01T00:00:00,0.0,taojiadahu,"{""type"":""MultiPoint"",""coordinates"":[]}"
7,1985-08-01T00:00:00,0.0,taojiadahu,"{""type"":""MultiPoint"",""coordinates"":[]}"
8,1985-09-01T00:00:00,0.0,taojiadahu,"{""type"":""MultiPoint"",""coordinates"":[]}"
9,1985-10-01T00:00:00,0.0,taojiadahu,"{""type"":""MultiPoint"",""coordinates"":[]}"
10,1985-11-01T00:00:00,0.0,taojiadahu,"{""type"":""MultiPoint"",""coordinates"":[]}"
11,1985-12-01T00:00:00,0.0,taojiadahu,"{""type"":""MultiPoint"",""coordinates"":[]}"
12,1986-01-01T00:00:00,0.0,taojiadahu,"{""type"":""MultiPoint"",""coordinates"":[]}"
13,1986-02-01T00:00:00,0.0,taojiadahu,"{""type"":""MultiPoint"",""coordinates"":[]}"
14,1986-03-01T00:00:00,0.0,taojiadahu,"{""type"":""MultiPoint"",""coordinates"":[]}"
15,1986-04-01T00:00:00,0.0,taojiadahu,"{""type"":""MultiPoint"",""coordinates"":[]}"
16,1986-05-01T00:00:00,0.0,taojiadahu,"{""type"":""MultiPoint"",""coordinates"":[]}"
17,1986-06-01T00:00:00,0.0,taojiadahu,"{""type"":""MultiPoint"",""coordinates"":[]}"
18,1986-07-01T00:00:00,0.0,taojiadahu,"{""type"":""MultiPoint"",""coordinates"":[]}"
19,1986-08-01T00:00:00,0.0,taojiadahu,"{""type"":""MultiPoint"",""coordinates"":[]}"
20,1986-09-01T00:00:00,0.0,taojiadahu,"{""type"":""MultiPoint"",""coordinates"":[]}"
21,1986-10-01T00:00:00,0.0,taojiadahu,"{""type"":""MultiPoint"",""coordinates"":[]}"
22,1986-11-01T00:00:00,0.0,taojiadahu,"{""type"":""MultiPoint"",""coordinates"":[]}"
23,1986-12-01T00:00:00,0.0,taojiadahu,"{""type"":""MultiPoint"",""coordinates"":[]}"
24,1987-01-01T00:00:00,0.0,taojiadahu,"{""type"":""MultiPoint"",""coordinates"":[]}"
25,1987-02-01T00:00:00,0.0,taojiadahu,"{""type"":""MultiPoint"",""coordinates"":[]}"
26,1987-03-01T00:00:00,0.0,taojiadahu,"{""type"":""MultiPoint"",""coordinates"":[]}"
27,1987-04-01T00:00:00,0.0,taojiadahu,"{""type"":""MultiPoint"",""coordinates"":[]}"
28,1987-05-01T00:00:00,0.0,taojiadahu,"{""type"":""MultiPoint"",""coordinates"":[]}"
29,1987-06-01T00:00:00,7.316432467847157,taojiadahu,"{""type"":""MultiPoint"",""coordinates"":[]}"
30,1987-07-01T00:00:00,0.0,taojiadahu,"{""type"":""MultiPoint"",""coordinates"":[]}"
31,1987-08-01T00:00:00,0.0,taojiadahu,"{""type"":""MultiPoint"",""coordinates"":[]}"
32,1987-09-01T00:00:00,7.064379068332325,taojiadahu,"{""type"":""MultiPoint"",""coordinates"":[]}"
33,1987-10-01T00:00:00,0.0,taojiadahu,"{""type"":""MultiPoint"",""coordinates"":[]}"
34,1987-11-01T00:00:00,0.0,taojiadahu,"{""type"":""MultiPoint"",""coordinates"":[]}"
35,1987-12-01T00:00:00,0.0,taojiadahu,"{""type"":""MultiPoint"",""coordinates"":[]}"
36,1988-01-01T00:00:00,0.0,taojiadahu,"{""type"":""MultiPoint"",""coordinates"":[]}"
37,1988-02-01T00:00:00,0.0,taojiadahu,"{""type"":""MultiPoint"",""coordinates"":[]}"
38,1988-03-01T00:00:00,0.0,taojiadahu,"{""type"":""MultiPoint"",""coordinates"":[]}"
39,1988-04-01T00:00:00,0.0,taojiadahu,"{""type"":""MultiPoint"",""coordinates"":[]}"
40,1988-05-01T00:00:00,0.0,taojiadahu,"{""type"":""MultiPoint"",""coordinates"":[]}"
41,1988-06-01T00:00:00,0.0,taojiadahu,"{""type"":""MultiPoint"",""coordinates"":[]}"
42,1988-07-01T00:00:00,7.114236738685518,taojiadahu,"{""type"":""MultiPoint"",""coordinates"":[]}"
43,1988-08-01T00:00:00,0.0,taojiadahu,"{""type"":""MultiPoint"",""coordinates"":[]}"
44,1988-09-01T00:00:00,0.0,taojiadahu,"{""type"":""MultiPoint"",""coordinates"":[]}"
45,1988-10-01T00:00:00,0.0,taojiadahu,"{""type"":""MultiPoint"",""coordinates"":[]}"
46,1988-11-01T00:00:00,0.0,taojiadahu,"{""type"":""MultiPoint"",""coordinates"":[]}"
47,1988-12-01T00:00:00,0.0,taojiadahu,"{""type"":""MultiPoint"",""coordinates"":[]}"
48,1989-01-01T00:00:00,0.0,taojiadahu,"{""type"":""MultiPoint"",""coordinates"":[]}"
49,1989-02-01T00:00:00,0.0,taojiadahu,"{""type"":""MultiPoint"",""coordinates"":[]}"
50,1989-03-01T00:00:00,0.0,taojiadahu,"{""type"":""MultiPoint"",""coordinates"":[]}"
51,1989-04-01T00:00:00,0.0,taojiadahu,"{""type"":""MultiPoint"",""coordinates"":[]}"
52,1989-05-01T00:00:00,0.0,taojiadahu,"{""type"":""MultiPoint"",""coordinates"":[]}"
53,1989-06-01T00:00:00,0.0,taojiadahu,"{""type"":""MultiPoint"",""coordinates"":[]}"
54,1989-07-01T00:00:00,0.0,taojiadahu,"{""type"":""MultiPoint"",""coordinates"":[]}"
55,1989-08-01T00:00:00,0.0,taojiadahu,"{""type"":""MultiPoint"",""coordinates"":[]}"
56,1989-09-01T00:00:00,0.0,taojiadahu,"{""type"":""MultiPoint"",""coordinates"":[]}"
57,1989-10-01T00:00:00,0.0,taojiadahu,"{""type"":""MultiPoint"",""coordinates"":[]}"
58,1989-11-01T00:00:00,0.0,taojiadahu,"{""type"":""MultiPoint"",""coordinates"":[]}"
59,1989-12-01T00:00:00,0.0,taojiadahu,"{""type"":""MultiPoint"",""coordinates"":[]}"
60,1990-01-01T00:00:00,0.0,taojiadahu,"{""type"":""MultiPoint"",""coordinates"":[]}"
61,1990-02-01T00:00:00,0.0,taojiadahu,"{""type"":""MultiPoint"",""coordinates"":[]}"
62,1990-03-01T00:00:00,0.0,taojiadahu,"{""type"":""MultiPoint"",""coordinates"":[]}"
63,1990-04-01T00:00:00,0.0,taojiadahu,"{""type"":""MultiPoint"",""coordinates"":[]}"
64,1990-05-01T00:00:00,0.0,taojiadahu,"{""type"":""MultiPoint"",""coordinates"":[]}"
65,1990-06-01T00:00:00,0.0,taojiadahu,"{""type"":""MultiPoint"",""coordinates"":[]}"
66,1990-07-01T00:00:00,0.0,taojiadahu,"{""type"":""MultiPoint"",""coordinates"":[]}"
67,1990-08-01T00:00:00,0.0,taojiadahu,"{""type"":""MultiPoint"",""coordinates"":[]}"
68,1990-09-01T00:00:00,7.463576092733705,taojiadahu,"{""type"":""MultiPoint"",""coordinates"":[]}"
69,1990-10-01T00:00:00,0.0,taojiadahu,"{""type"":""MultiPoint"",""coordinates"":[]}"
70,1990-11-01T00:00:00,0.0,taojiadahu,"{""type"":""MultiPoint"",""coordinates"":[]}"
71,1990-12-01T00:00:00,0.0,taojiadahu,"{""type"":""MultiPoint"",""coordinates"":[]}"
72,1991-01-01T00:00:00,0.0,taojiadahu,"{""type"":""MultiPoint"",""coordinates"":[]}"
73,1991-02-01T00:00:00,0.0,taojiadahu,"{""type"":""MultiPoint"",""coordinates"":[]}"
74,1991-03-01T00:00:00,0.0,taojiadahu,"{""type"":""MultiPoint"",""coordinates"":[]}"
75,1991-04-01T00:00:00,0.0,taojiadahu,"{""type"":""MultiPoint"",""coordinates"":[]}"
76,1991-05-01T00:00:00,0.0,taojiadahu,"{""type"":""MultiPoint"",""coordinates"":[]}"
77,1991-06-01T00:00:00,0.03782096954345703,taojiadahu,"{""type"":""MultiPoint"",""coordinates"":[]}"
78,1991-07-01T00:00:00,9.184963796938428,taojiadahu,"{""type"":""MultiPoint"",""coordinates"":[]}"
79,1991-08-01T00:00:00,0.0,taojiadahu,"{""type"":""MultiPoint"",""coordinates"":[]}"
80,1991-09-01T00:00:00,0.0,taojiadahu,"{""type"":""MultiPoint"",""coordinates"":[]}"
81,1991-10-01T00:00:00,0.0,taojiadahu,"{""type"":""MultiPoint"",""coordinates"":[]}"
82,1991-11-01T00:00:00,0.0,taojiadahu,"{""type"":""MultiPoint"",""coordinates"":[]}"
83,1991-12-01T00:00:00,0.0,taojiadahu,"{""type"":""MultiPoint"",""coordinates"":[]}"
84,1992-01-01T00:00:00,8.290175965692022,taojiadahu,"{""type"":""MultiPoint"",""coordinates"":[]}"
85,1992-02-01T00:00:00,7.5628523362812095,taojiadahu,"{""type"":""MultiPoint"",""coordinates"":[]}"
86,1992-03-01T00:00:00,0.0,taojiadahu,"{""type"":""MultiPoint"",""coordinates"":[]}"
87,1992-04-01T00:00:00,0.0,taojiadahu,"{""type"":""MultiPoint"",""coordinates"":[]}"
88,1992-05-01T00:00:00,0.0,taojiadahu,"{""type"":""MultiPoint"",""coordinates"":[]}"
89,1992-06-01T00:00:00,0.0,taojiadahu,"{""type"":""MultiPoint"",""coordinates"":[]}"
90,1992-07-01T00:00:00,0.009261845336914062,taojiadahu,"{""type"":""MultiPoint"",""coordinates"":[]}"
91,1992-08-01T00:00:00,0.0,taojiadahu,"{""type"":""MultiPoint"",""coordinates"":[]}"
92,1992-09-01T00:00:00,0.0,taojiadahu,"{""type"":""MultiPoint"",""coordinates"":[]}"
93,1992-10-01T00:00:00,6.787909145596372,taojiadahu,"{""type"":""MultiPoint"",""coordinates"":[]}"
94,1992-11-01T00:00:00,0.0,taojiadahu,"{""type"":""MultiPoint"",""coordinates"":[]}"
95,1992-12-01T00:00:00,0.0,taojiadahu,"{""type"":""MultiPoint"",""coordinates"":[]}"
96,1993-01-01T00:00:00,0.0,taojiadahu,"{""type"":""MultiPoint"",""coordinates"":[]}"
97,1993-02-01T00:00:00,0.0,taojiadahu,"{""type"":""MultiPoint"",""coordinates"":[]}"
98,1993-03-01T00:00:00,0.0,taojiadahu,"{""type"":""MultiPoint"",""coordinates"":[]}"
99,1993-04-01T00:00:00,0.0,taojiadahu,"{""type"":""MultiPoint"",""coordinates"":[]}"
100,1993-05-01T00:00:00,0.0,taojiadahu,"{""type"":""MultiPoint"",""coordinates"":[]}"
101,1993-06-01T00:00:00,0.0,taojiadahu,"{""type"":""MultiPoint"",""coordinates"":[]}"
102,1993-07-01T00:00:00,0.0,taojiadahu,"{""type"":""MultiPoint"",""coordinates"":[]}"
103,1993-08-01T00:00:00,0.0,taojiadahu,"{""type"":""MultiPoint"",""coordinates"":[]}"
104,1993-09-01T00:00:00,0.0,taojiadahu,"{""type"":""MultiPoint"",""coordinates"":[]}"
105,1993-10-01T00:00:00,7.7125953894385235,taojiadahu,"{""type"":""MultiPoint"",""coordinates"":[]}"
106,1993-11-01T00:00:00,0.0,taojiadahu,"{""type"":""MultiPoint"",""coordinates"":[]}"
107,1993-12-01T00:00:00,0.0,taojiadahu,"{""type"":""MultiPoint"",""coordinates"":[]}"
108,1994-01-01T00:00:00,0.0,taojiadahu,"{""type"":""MultiPoint"",""coordinates"":[]}"
109,1994-02-01T00:00:00,0.0,taojiadahu,"{""type"":""MultiPoint"",""coordinates"":[]}"
110,1994-03-01T00:00:00,0.0,taojiadahu,"{""type"":""MultiPoint"",""coordinates"":[]}"
111,1994-04-01T00:00:00,0.0,taojiadahu,"{""type"":""MultiPoint"",""coordinates"":[]}"
112,1994-05-01T00:00:00,0.0,taojiadahu,"{""type"":""MultiPoint"",""coordinates"":[]}"
113,1994-06-01T00:00:00,0.0,taojiadahu,"{""type"":""MultiPoint"",""coordinates"":[]}"
114,1994-07-01T00:00:00,0.0,taojiadahu,"{""type"":""MultiPoint"",""coordinates"":[]}"
115,1994-08-01T00:00:00,2.90797893884397,taojiadahu,"{""type"":""MultiPoint"",""coordinates"":[]}"
116,1994-09-01T00:00:00,4.316766529264801,taojiadahu,"{""type"":""MultiPoint"",""coordinates"":[]}"
117,1994-10-01T00:00:00,7.2931162312646,taojiadahu,"{""type"":""MultiPoint"",""coordinates"":[]}"
118,1994-11-01T00:00:00,0.0,taojiadahu,"{""type"":""MultiPoint"",""coordinates"":[]}"
119,1994-12-01T00:00:00,0.0,taojiadahu,"{""type"":""MultiPoint"",""coordinates"":[]}"
120,1995-01-01T00:00:00,0.0,taojiadahu,"{""type"":""MultiPoint"",""coordinates"":[]}"
121,1995-02-01T00:00:00,0.0,taojiadahu,"{""type"":""MultiPoint"",""coordinates"":[]}"
122,1995-03-01T00:00:00,0.0,taojiadahu,"{""type"":""MultiPoint"",""coordinates"":[]}"
123,1995-04-01T00:00:00,3.8224558755083855,taojiadahu,"{""type"":""MultiPoint"",""coordinates"":[]}"
124,1995-05-01T00:00:00,0.9157565481935988,taojiadahu,"{""type"":""MultiPoint"",""coordinates"":[]}"
125,1995-06-01T00:00:00,7.721057825763299,taojiadahu,"{""type"":""MultiPoint"",""coordinates"":[]}"
126,1995-07-01T00:00:00,0.0,taojiadahu,"{""type"":""MultiPoint"",""coordinates"":[]}"
127,1995-08-01T00:00:00,0.0,taojiadahu,"{""type"":""MultiPoint"",""coordinates"":[]}"
128,1995-09-01T00:00:00,0.0,taojiadahu,"{""type"":""MultiPoint"",""coordinates"":[]}"
129,1995-10-01T00:00:00,8.20362890600251,taojiadahu,"{""type"":""MultiPoint"",""coordinates"":[]}"
130,1995-11-01T00:00:00,6.597585925925577,taojiadahu,"{""type"":""MultiPoint"",""coordinates"":[]}"
131,1995-12-01T00:00:00,0.0,taojiadahu,"{""type"":""MultiPoint"",""coordinates"":[]}"
132,1996-01-01T00:00:00,4.20927958375651,taojiadahu,"{""type"":""MultiPoint"",""coordinates"":[]}"
133,1996-02-01T00:00:00,8.262348757712216,taojiadahu,"{""type"":""MultiPoint"",""coordinates"":[]}"
134,1996-03-01T00:00:00,0.0,taojiadahu,"{""type"":""MultiPoint"",""coordinates"":[]}"
135,1996-04-01T00:00:00,0.7174170091100356,taojiadahu,"{""type"":""MultiPoint"",""coordinates"":[]}"
136,1996-05-01T00:00:00,4.773244860497806,taojiadahu,"{""type"":""MultiPoint"",""coordinates"":[]}"
137,1996-06-01T00:00:00,5.360180059547574,taojiadahu,"{""type"":""MultiPoint"",""coordinates"":[]}"
138,1996-07-01T00:00:00,0.0,taojiadahu,"{""type"":""MultiPoint"",""coordinates"":[]}"
139,1996-08-01T00:00:00,1.8509774757036994,taojiadahu,"{""type"":""MultiPoint"",""coordinates"":[]}"
140,1996-09-01T00:00:00,3.720584766293036,taojiadahu,"{""type"":""MultiPoint"",""coordinates"":[]}"
141,1996-10-01T00:00:00,6.363561601971317,taojiadahu,"{""type"":""MultiPoint"",""coordinates"":[]}"
142,1996-11-01T00:00:00,0.0,taojiadahu,"{""type"":""MultiPoint"",""coordinates"":[]}"
143,1996-12-01T00:00:00,0.0,taojiadahu,"{""type"":""MultiPoint"",""coordinates"":[]}"
144,1997-01-01T00:00:00,0.0,taojiadahu,"{""type"":""MultiPoint"",""coordinates"":[]}"
145,1997-02-01T00:00:00,0.0,taojiadahu,"{""type"":""MultiPoint"",""coordinates"":[]}"
146,1997-03-01T00:00:00,0.0,taojiadahu,"{""type"":""MultiPoint"",""coordinates"":[]}"
147,1997-04-01T00:00:00,0.0,taojiadahu,"{""type"":""MultiPoint"",""coordinates"":[]}"
148,1997-05-01T00:00:00,0.0,taojiadahu,"{""type"":""MultiPoint"",""coordinates"":[]}"
149,1997-06-01T00:00:00,0.0,taojiadahu,"{""type"":""MultiPoint"",""coordinates"":[]}"
150,1997-07-01T00:00:00,0.0,taojiadahu,"{""type"":""MultiPoint"",""coordinates"":[]}"
151,1997-08-01T00:00:00,0.0,taojiadahu,"{""type"":""MultiPoint"",""coordinates"":[]}"
152,1997-09-01T00:00:00,0.0,taojiadahu,"{""type"":""MultiPoint"",""coordinates"":[]}"
153,1997-10-01T00:00:00,0.0,taojiadahu,"{""type"":""MultiPoint"",""coordinates"":[]}"
154,1997-11-01T00:00:00,0.0,taojiadahu,"{""type"":""MultiPoint"",""coordinates"":[]}"
155,1997-12-01T00:00:00,0.0,taojiadahu,"{""type"":""MultiPoint"",""coordinates"":[]}"
156,1998-01-01T00:00:00,0.0,taojiadahu,"{""type"":""MultiPoint"",""coordinates"":[]}"
157,1998-02-01T00:00:00,0.0,taojiadahu,"{""type"":""MultiPoint"",""coordinates"":[]}"
158,1998-03-01T00:00:00,0.0,taojiadahu,"{""type"":""MultiPoint"",""coordinates"":[]}"
159,1998-04-01T00:00:00,0.0,taojiadahu,"{""type"":""MultiPoint"",""coordinates"":[]}"
160,1998-05-01T00:00:00,0.0,taojiadahu,"{""type"":""MultiPoint"",""coordinates"":[]}"
161,1998-06-01T00:00:00,0.0,taojiadahu,"{""type"":""MultiPoint"",""coordinates"":[]}"
162,1998-07-01T00:00:00,0.0,taojiadahu,"{""type"":""MultiPoint"",""coordinates"":[]}"
163,1998-08-01T00:00:00,0.0,taojiadahu,"{""type"":""MultiPoint"",""coordinates"":[]}"
164,1998-09-01T00:00:00,0.0,taojiadahu,"{""type"":""MultiPoint"",""coordinates"":[]}"
165,1998-10-01T00:00:00,0.0,taojiadahu,"{""type"":""MultiPoint"",""coordinates"":[]}"
166,1998-11-01T00:00:00,0.0,taojiadahu,"{""type"":""MultiPoint"",""coordinates"":[]}"
167,1998-12-01T00:00:00,0.0,taojiadahu,"{""type"":""MultiPoint"",""coordinates"":[]}"
168,1999-01-01T00:00:00,0.0,taojiadahu,"{""type"":""MultiPoint"",""coordinates"":[]}"
169,1999-02-01T00:00:00,0.0,taojiadahu,"{""type"":""MultiPoint"",""coordinates"":[]}"
170,1999-03-01T00:00:00,0.0,taojiadahu,"{""type"":""MultiPoint"",""coordinates"":[]}"
171,1999-04-01T00:00:00,0.0,taojiadahu,"{""type"":""MultiPoint"",""coordinates"":[]}"
172,1999-05-01T00:00:00,0.0,taojiadahu,"{""type"":""MultiPoint"",""coordinates"":[]}"
173,1999-06-01T00:00:00,0.0,taojiadahu,"{""type"":""MultiPoint"",""coordinates"":[]}"
174,1999-07-01T00:00:00,0.0,taojiadahu,"{""type"":""MultiPoint"",""coordinates"":[]}"
175,1999-08-01T00:00:00,0.11808553015136719,taojiadahu,"{""type"":""MultiPoint"",""coordinates"":[]}"
176,1999-09-01T00:00:00,7.243323675089996,taojiadahu,"{""type"":""MultiPoint"",""coordinates"":[]}"
177,1999-10-01T00:00:00,0.0,taojiadahu,"{""type"":""MultiPoint"",""coordinates"":[]}"
178,1999-11-01T00:00:00,0.0663873646850586,taojiadahu,"{""type"":""MultiPoint"",""coordinates"":[]}"
179,1999-12-01T00:00:00,0.0,taojiadahu,"{""type"":""MultiPoint"",""coordinates"":[]}"
180,2000-01-01T00:00:00,6.498764823768522,taojiadahu,"{""type"":""MultiPoint"",""coordinates"":[]}"
181,2000-02-01T00:00:00,8.977856915703985,taojiadahu,"{""type"":""MultiPoint"",""coordinates"":[]}"
182,2000-03-01T00:00:00,8.39404003978463,taojiadahu,"{""type"":""MultiPoint"",""coordinates"":[]}"
183,2000-04-01T00:00:00,0.0856681226196289,taojiadahu,"{""type"":""MultiPoint"",""coordinates"":[]}"
184,2000-05-01T00:00:00,3.370130828189386,taojiadahu,"{""type"":""MultiPoint"",""coordinates"":[]}"
185,2000-06-01T00:00:00,4.2421502690597235,taojiadahu,"{""type"":""MultiPoint"",""coordinates"":[]}"
186,2000-07-01T00:00:00,1.1636586430726295,taojiadahu,"{""type"":""MultiPoint"",""coordinates"":[]}"
187,2000-08-01T00:00:00,4.574473010121065,taojiadahu,"{""type"":""MultiPoint"",""coordinates"":[]}"
188,2000-09-01T00:00:00,4.995441311677104,taojiadahu,"{""type"":""MultiPoint"",""coordinates"":[]}"
189,2000-10-01T00:00:00,8.03130553211407,taojiadahu,"{""type"":""MultiPoint"",""coordinates"":[]}"
190,2000-11-01T00:00:00,9.40139950364679,taojiadahu,"{""type"":""MultiPoint"",""coordinates"":[]}"
191,2000-12-01T00:00:00,0.0,taojiadahu,"{""type"":""MultiPoint"",""coordinates"":[]}"
192,2001-01-01T00:00:00,8.229123215016566,taojiadahu,"{""type"":""MultiPoint"",""coordinates"":[]}"
193,2001-02-01T00:00:00,0.39559187122587314,taojiadahu,"{""type"":""MultiPoint"",""coordinates"":[]}"
194,2001-03-01T00:00:00,8.449632708204316,taojiadahu,"{""type"":""MultiPoint"",""coordinates"":[]}"
195,2001-04-01T00:00:00,5.533222774863328,taojiadahu,"{""type"":""MultiPoint"",""coordinates"":[]}"
196,2001-05-01T00:00:00,1.3337554871694526,taojiadahu,"{""type"":""MultiPoint"",""coordinates"":[]}"
197,2001-06-01T00:00:00,3.5039972528296373,taojiadahu,"{""type"":""MultiPoint"",""coordinates"":[]}"
198,2001-07-01T00:00:00,4.96313651640673,taojiadahu,"{""type"":""MultiPoint"",""coordinates"":[]}"
199,2001-08-01T00:00:00,0.004565151052916284,taojiadahu,"{""type"":""MultiPoint"",""coordinates"":[]}"
200,2001-09-01T00:00:00,5.257323458186369,taojiadahu,"{""type"":""MultiPoint"",""coordinates"":[]}"
201,2001-10-01T00:00:00,5.740097544719622,taojiadahu,"{""type"":""MultiPoint"",""coordinates"":[]}"
202,2001-11-01T00:00:00,8.969905779527846,taojiadahu,"{""type"":""MultiPoint"",""coordinates"":[]}"
203,2001-12-01T00:00:00,0.0,taojiadahu,"{""type"":""MultiPoint"",""coordinates"":[]}"
204,2002-01-01T00:00:00,7.495659823779297,taojiadahu,"{""type"":""MultiPoint"",""coordinates"":[]}"
205,2002-02-01T00:00:00,2.0921368547107173,taojiadahu,"{""type"":""MultiPoint"",""coordinates"":[]}"
206,2002-03-01T00:00:00,4.047568571778541,taojiadahu,"{""type"":""MultiPoint"",""coordinates"":[]}"
207,2002-04-01T00:00:00,4.086820378631711,taojiadahu,"{""type"":""MultiPoint"",""coordinates"":[]}"
208,2002-05-01T00:00:00,8.686336310405173,taojiadahu,"{""type"":""MultiPoint"",""coordinates"":[]}"
209,2002-06-01T00:00:00,0.0,taojiadahu,"{""type"":""MultiPoint"",""coordinates"":[]}"
210,2002-07-01T00:00:00,7.263964851603907,taojiadahu,"{""type"":""MultiPoint"",""coordinates"":[]}"
211,2002-08-01T00:00:00,7.406555119581995,taojiadahu,"{""type"":""MultiPoint"",""coordinates"":[]}"
212,2002-09-01T00:00:00,7.310288571476474,taojiadahu,"{""type"":""MultiPoint"",""coordinates"":[]}"
213,2002-10-01T00:00:00,8.151018514064894,taojiadahu,"{""type"":""MultiPoint"",""coordinates"":[]}"
214,2002-11-01T00:00:00,8.376550169076719,taojiadahu,"{""type"":""MultiPoint"",""coordinates"":[]}"
215,2002-12-01T00:00:00,0.0,taojiadahu,"{""type"":""MultiPoint"",""coordinates"":[]}"
216,2003-01-01T00:00:00,7.80664095890611,taojiadahu,"{""type"":""MultiPoint"",""coordinates"":[]}"
217,2003-02-01T00:00:00,7.0008777776455755,taojiadahu,"{""type"":""MultiPoint"",""coordinates"":[]}"
218,2003-03-01T00:00:00,7.2237532252944066,taojiadahu,"{""type"":""MultiPoint"",""coordinates"":[]}"
219,2003-04-01T00:00:00,7.034940123292211,taojiadahu,"{""type"":""MultiPoint"",""coordinates"":[]}"
220,2003-05-01T00:00:00,8.757521443808876,taojiadahu,"{""type"":""MultiPoint"",""coordinates"":[]}"
221,2003-06-01T00:00:00,0.6823194243609261,taojiadahu,"{""type"":""MultiPoint"",""coordinates"":[]}"
222,2003-07-01T00:00:00,7.029489401698933,taojiadahu,"{""type"":""MultiPoint"",""coordinates"":[]}"
223,2003-08-01T00:00:00,5.072038152398324,taojiadahu,"{""type"":""MultiPoint"",""coordinates"":[]}"
224,2003-09-01T00:00:00,5.402739303975664,taojiadahu,"{""type"":""MultiPoint"",""coordinates"":[]}"
225,2003-10-01T00:00:00,8.271961502798046,taojiadahu,"{""type"":""MultiPoint"",""coordinates"":[]}"
226,2003-11-01T00:00:00,8.354042488239127,taojiadahu,"{""type"":""MultiPoint"",""coordinates"":[]}"
227,2003-12-01T00:00:00,0.0,taojiadahu,"{""type"":""MultiPoint"",""coordinates"":[]}"
228,2004-01-01T00:00:00,8.827133286035396,taojiadahu,"{""type"":""MultiPoint"",""coordinates"":[]}"
229,2004-02-01T00:00:00,8.105354562403061,taojiadahu,"{""type"":""MultiPoint"",""coordinates"":[]}"
230,2004-03-01T00:00:00,8.137868221693331,taojiadahu,"{""type"":""MultiPoint"",""coordinates"":[]}"
231,2004-04-01T00:00:00,6.662525270112875,taojiadahu,"{""type"":""MultiPoint"",""coordinates"":[]}"
232,2004-05-01T00:00:00,4.935228818321558,taojiadahu,"{""type"":""MultiPoint"",""coordinates"":[]}"
233,2004-06-01T00:00:00,6.769076080947455,taojiadahu,"{""type"":""MultiPoint"",""coordinates"":[]}"
234,2004-07-01T00:00:00,8.158981499268776,taojiadahu,"{""type"":""MultiPoint"",""coordinates"":[]}"
235,2004-08-01T00:00:00,7.543128687630928,taojiadahu,"{""type"":""MultiPoint"",""coordinates"":[]}"
236,2004-09-01T00:00:00,8.552725201489732,taojiadahu,"{""type"":""MultiPoint"",""coordinates"":[]}"
237,2004-10-01T00:00:00,9.199740105592491,taojiadahu,"{""type"":""MultiPoint"",""coordinates"":[]}"
238,2004-11-01T00:00:00,8.410924768553729,taojiadahu,"{""type"":""MultiPoint"",""coordinates"":[]}"
239,2004-12-01T00:00:00,0.0,taojiadahu,"{""type"":""MultiPoint"",""coordinates"":[]}"
240,2005-01-01T00:00:00,8.959980751962222,taojiadahu,"{""type"":""MultiPoint"",""coordinates"":[]}"
241,2005-02-01T00:00:00,4.897077072642845,taojiadahu,"{""type"":""MultiPoint"",""coordinates"":[]}"
242,2005-03-01T00:00:00,8.254385768292115,taojiadahu,"{""type"":""MultiPoint"",""coordinates"":[]}"
243,2005-04-01T00:00:00,6.071451971913056,taojiadahu,"{""type"":""MultiPoint"",""coordinates"":[]}"
244,2005-05-01T00:00:00,6.725068786306343,taojiadahu,"{""type"":""MultiPoint"",""coordinates"":[]}"
245,2005-06-01T00:00:00,3.3301159784268246,taojiadahu,"{""type"":""MultiPoint"",""coordinates"":[]}"
246,2005-07-01T00:00:00,6.181008717678653,taojiadahu,"{""type"":""MultiPoint"",""coordinates"":[]}"
247,2005-08-01T00:00:00,4.2465721861261105,taojiadahu,"{""type"":""MultiPoint"",""coordinates"":[]}"
248,2005-09-01T00:00:00,6.586090588312125,taojiadahu,"{""type"":""MultiPoint"",""coordinates"":[]}"
249,2005-10-01T00:00:00,5.45475403359758,taojiadahu,"{""type"":""MultiPoint"",""coordinates"":[]}"
250,2005-11-01T00:00:00,9.196653988556744,taojiadahu,"{""type"":""MultiPoint"",""coordinates"":[]}"
251,2005-12-01T00:00:00,0.0,taojiadahu,"{""type"":""MultiPoint"",""coordinates"":[]}"
252,2006-01-01T00:00:00,8.931905741914157,taojiadahu,"{""type"":""MultiPoint"",""coordinates"":[]}"
253,2006-02-01T00:00:00,0.0,taojiadahu,"{""type"":""MultiPoint"",""coordinates"":[]}"
254,2006-03-01T00:00:00,7.816246169618135,taojiadahu,"{""type"":""MultiPoint"",""coordinates"":[]}"
255,2006-04-01T00:00:00,6.037067582161455,taojiadahu,"{""type"":""MultiPoint"",""coordinates"":[]}"
256,2006-05-01T00:00:00,3.678408457644713,taojiadahu,"{""type"":""MultiPoint"",""coordinates"":[]}"
257,2006-06-01T00:00:00,5.577548366896686,taojiadahu,"{""type"":""MultiPoint"",""coordinates"":[]}"
258,2006-07-01T00:00:00,5.6329629856103045,taojiadahu,"{""type"":""MultiPoint"",""coordinates"":[]}"
259,2006-08-01T00:00:00,5.536027575453814,taojiadahu,"{""type"":""MultiPoint"",""coordinates"":[]}"
260,2006-09-01T00:00:00,5.148456424854473,taojiadahu,"{""type"":""MultiPoint"",""coordinates"":[]}"
261,2006-10-01T00:00:00,7.833401626342058,taojiadahu,"{""type"":""MultiPoint"",""coordinates"":[]}"
262,2006-11-01T00:00:00,7.664115721657667,taojiadahu,"{""type"":""MultiPoint"",""coordinates"":[]}"
263,2006-12-01T00:00:00,0.0,taojiadahu,"{""type"":""MultiPoint"",""coordinates"":[]}"
264,2007-01-01T00:00:00,7.645925215685315,taojiadahu,"{""type"":""MultiPoint"",""coordinates"":[]}"
265,2007-02-01T00:00:00,8.031009096895344,taojiadahu,"{""type"":""MultiPoint"",""coordinates"":[]}"
266,2007-03-01T00:00:00,8.426395946530807,taojiadahu,"{""type"":""MultiPoint"",""coordinates"":[]}"
267,2007-04-01T00:00:00,7.458610178971594,taojiadahu,"{""type"":""MultiPoint"",""coordinates"":[]}"
268,2007-05-01T00:00:00,6.3135739186985385,taojiadahu,"{""type"":""MultiPoint"",""coordinates"":[]}"
269,2007-06-01T00:00:00,0.18984420080566405,taojiadahu,"{""type"":""MultiPoint"",""coordinates"":[]}"
270,2007-07-01T00:00:00,6.52578681370658,taojiadahu,"{""type"":""MultiPoint"",""coordinates"":[]}"
271,2007-08-01T00:00:00,5.871586288304228,taojiadahu,"{""type"":""MultiPoint"",""coordinates"":[]}"
272,2007-09-01T00:00:00,5.301881818474505,taojiadahu,"{""type"":""MultiPoint"",""coordinates"":[]}"
273,2007-10-01T00:00:00,4.696636672585641,taojiadahu,"{""type"":""MultiPoint"",""coordinates"":[]}"
274,2007-11-01T00:00:00,8.886666242901962,taojiadahu,"{""type"":""MultiPoint"",""coordinates"":[]}"
275,2007-12-01T00:00:00,0.0,taojiadahu,"{""type"":""MultiPoint"",""coordinates"":[]}"
276,2008-01-01T00:00:00,0.0,taojiadahu,"{""type"":""MultiPoint"",""coordinates"":[]}"
277,2008-02-01T00:00:00,9.01833991076229,taojiadahu,"{""type"":""MultiPoint"",""coordinates"":[]}"
278,2008-03-01T00:00:00,8.941974170242364,taojiadahu,"{""type"":""MultiPoint"",""coordinates"":[]}"
279,2008-04-01T00:00:00,5.598615367357921,taojiadahu,"{""type"":""MultiPoint"",""coordinates"":[]}"
280,2008-05-01T00:00:00,2.41004886151147,taojiadahu,"{""type"":""MultiPoint"",""coordinates"":[]}"
281,2008-06-01T00:00:00,0.0,taojiadahu,"{""type"":""MultiPoint"",""coordinates"":[]}"
282,2008-07-01T00:00:00,3.2144187130859376,taojiadahu,"{""type"":""MultiPoint"",""coordinates"":[]}"
283,2008-08-01T00:00:00,3.441091705259316,taojiadahu,"{""type"":""MultiPoint"",""coordinates"":[]}"
284,2008-09-01T00:00:00,2.3817200736825983,taojiadahu,"{""type"":""MultiPoint"",""coordinates"":[]}"
285,2008-10-01T00:00:00,6.828112001699168,taojiadahu,"{""type"":""MultiPoint"",""coordinates"":[]}"
286,2008-11-01T00:00:00,8.193173525628062,taojiadahu,"{""type"":""MultiPoint"",""coordinates"":[]}"
287,2008-12-01T00:00:00,0.0,taojiadahu,"{""type"":""MultiPoint"",""coordinates"":[]}"
288,2009-01-01T00:00:00,9.419235969295963,taojiadahu,"{""type"":""MultiPoint"",""coordinates"":[]}"
289,2009-02-01T00:00:00,9.019636097024117,taojiadahu,"{""type"":""MultiPoint"",""coordinates"":[]}"
290,2009-03-01T00:00:00,8.795421888245578,taojiadahu,"{""type"":""MultiPoint"",""coordinates"":[]}"
291,2009-04-01T00:00:00,7.075142485279274,taojiadahu,"{""type"":""MultiPoint"",""coordinates"":[]}"
292,2009-05-01T00:00:00,6.190777126393038,taojiadahu,"{""type"":""MultiPoint"",""coordinates"":[]}"
293,2009-06-01T00:00:00,6.712291868363442,taojiadahu,"{""type"":""MultiPoint"",""coordinates"":[]}"
294,2009-07-01T00:00:00,6.676488878988348,taojiadahu,"{""type"":""MultiPoint"",""coordinates"":[]}"
295,2009-08-01T00:00:00,4.288117246459482,taojiadahu,"{""type"":""MultiPoint"",""coordinates"":[]}"
296,2009-09-01T00:00:00,6.934268768599925,taojiadahu,"{""type"":""MultiPoint"",""coordinates"":[]}"
297,2009-10-01T00:00:00,8.273273975956696,taojiadahu,"{""type"":""MultiPoint"",""coordinates"":[]}"
298,2009-11-01T00:00:00,9.44375195487826,taojiadahu,"{""type"":""MultiPoint"",""coordinates"":[]}"
299,2009-12-01T00:00:00,0.0,taojiadahu,"{""type"":""MultiPoint"",""coordinates"":[]}"
300,2010-01-01T00:00:00,9.318287970155723,taojiadahu,"{""type"":""MultiPoint"",""coordinates"":[]}"
301,2010-02-01T00:00:00,9.070694556757905,taojiadahu,"{""type"":""MultiPoint"",""coordinates"":[]}"
302,2010-03-01T00:00:00,8.774003043610453,taojiadahu,"{""type"":""MultiPoint"",""coordinates"":[]}"
303,2010-04-01T00:00:00,0.07022824542236328,taojiadahu,"{""type"":""MultiPoint"",""coordinates"":[]}"
304,2010-05-01T00:00:00,3.3955090697883157,taojiadahu,"{""type"":""MultiPoint"",""coordinates"":[]}"
305,2010-06-01T00:00:00,2.034456259102376,taojiadahu,"{""type"":""MultiPoint"",""coordinates"":[]}"
306,2010-07-01T00:00:00,3.6272206532920688,taojiadahu,"{""type"":""MultiPoint"",""coordinates"":[]}"
307,2010-08-01T00:00:00,5.220115536994726,taojiadahu,"{""type"":""MultiPoint"",""coordinates"":[]}"
308,2010-09-01T00:00:00,5.729560427166628,taojiadahu,"{""type"":""MultiPoint"",""coordinates"":[]}"
309,2010-10-01T00:00:00,8.761250462936575,taojiadahu,"{""type"":""MultiPoint"",""coordinates"":[]}"
310,2010-11-01T00:00:00,9.285334590026611,taojiadahu,"{""type"":""MultiPoint"",""coordinates"":[]}"
311,2010-12-01T00:00:00,0.0,taojiadahu,"{""type"":""MultiPoint"",""coordinates"":[]}"
312,2011-01-01T00:00:00,9.576374116088145,taojiadahu,"{""type"":""MultiPoint"",""coordinates"":[]}"
313,2011-02-01T00:00:00,9.443958743129357,taojiadahu,"{""type"":""MultiPoint"",""coordinates"":[]}"
314,2011-03-01T00:00:00,9.059665369044877,taojiadahu,"{""type"":""MultiPoint"",""coordinates"":[]}"
315,2011-04-01T00:00:00,1.9368604228838753,taojiadahu,"{""type"":""MultiPoint"",""coordinates"":[]}"
316,2011-05-01T00:00:00,3.9665869797009052,taojiadahu,"{""type"":""MultiPoint"",""coordinates"":[]}"
317,2011-06-01T00:00:00,4.655812944585344,taojiadahu,"{""type"":""MultiPoint"",""coordinates"":[]}"
318,2011-07-01T00:00:00,1.9030163064515357,taojiadahu,"{""type"":""MultiPoint"",""coordinates"":[]}"
319,2011-08-01T00:00:00,7.227791002175485,taojiadahu,"{""type"":""MultiPoint"",""coordinates"":[]}"
320,2011-09-01T00:00:00,7.708875331876149,taojiadahu,"{""type"":""MultiPoint"",""coordinates"":[]}"
321,2011-10-01T00:00:00,8.308146576797785,taojiadahu,"{""type"":""MultiPoint"",""coordinates"":[]}"
322,2011-11-01T00:00:00,7.402356308501121,taojiadahu,"{""type"":""MultiPoint"",""coordinates"":[]}"
323,2011-12-01T00:00:00,0.0,taojiadahu,"{""type"":""MultiPoint"",""coordinates"":[]}"
324,2012-01-01T00:00:00,9.170869034117931,taojiadahu,"{""type"":""MultiPoint"",""coordinates"":[]}"
325,2012-02-01T00:00:00,5.958349666284897,taojiadahu,"{""type"":""MultiPoint"",""coordinates"":[]}"
326,2012-03-01T00:00:00,6.22587730646326,taojiadahu,"{""type"":""MultiPoint"",""coordinates"":[]}"
327,2012-04-01T00:00:00,0.0,taojiadahu,"{""type"":""MultiPoint"",""coordinates"":[]}"
328,2012-05-01T00:00:00,4.5192684783239025,taojiadahu,"{""type"":""MultiPoint"",""coordinates"":[]}"
329,2012-06-01T00:00:00,3.3342143243456075,taojiadahu,"{""type"":""MultiPoint"",""coordinates"":[]}"
330,2012-07-01T00:00:00,5.729885617216221,taojiadahu,"{""type"":""MultiPoint"",""coordinates"":[]}"
331,2012-08-01T00:00:00,0.0,taojiadahu,"{""type"":""MultiPoint"",""coordinates"":[]}"
332,2012-09-01T00:00:00,2.9879586290661386,taojiadahu,"{""type"":""MultiPoint"",""coordinates"":[]}"
333,2012-10-01T00:00:00,7.040313658762494,taojiadahu,"{""type"":""MultiPoint"",""coordinates"":[]}"
334,2012-11-01T00:00:00,5.9735782763803495,taojiadahu,"{""type"":""MultiPoint"",""coordinates"":[]}"
335,2012-12-01T00:00:00,0.0,taojiadahu,"{""type"":""MultiPoint"",""coordinates"":[]}"
336,2013-01-01T00:00:00,7.130288583103317,taojiadahu,"{""type"":""MultiPoint"",""coordinates"":[]}"
337,2013-02-01T00:00:00,3.849854525831035,taojiadahu,"{""type"":""MultiPoint"",""coordinates"":[]}"
338,2013-03-01T00:00:00,0.0,taojiadahu,"{""type"":""MultiPoint"",""coordinates"":[]}"
339,2013-04-01T00:00:00,5.8398973158397,taojiadahu,"{""type"":""MultiPoint"",""coordinates"":[]}"
340,2013-05-01T00:00:00,7.156758722897519,taojiadahu,"{""type"":""MultiPoint"",""coordinates"":[]}"
341,2013-06-01T00:00:00,5.677005941875382,taojiadahu,"{""type"":""MultiPoint"",""coordinates"":[]}"
342,2013-07-01T00:00:00,8.913531048120353,taojiadahu,"{""type"":""MultiPoint"",""coordinates"":[]}"
343,2013-08-01T00:00:00,8.542167650301584,taojiadahu,"{""type"":""MultiPoint"",""coordinates"":[]}"
344,2013-09-01T00:00:00,8.350227932806277,taojiadahu,"{""type"":""MultiPoint"",""coordinates"":[]}"
345,2013-10-01T00:00:00,8.978440800233365,taojiadahu,"{""type"":""MultiPoint"",""coordinates"":[]}"
346,2013-11-01T00:00:00,9.28756767266989,taojiadahu,"{""type"":""MultiPoint"",""coordinates"":[]}"
347,2013-12-01T00:00:00,0.0,taojiadahu,"{""type"":""MultiPoint"",""coordinates"":[]}"
348,2014-01-01T00:00:00,9.32679063836263,taojiadahu,"{""type"":""MultiPoint"",""coordinates"":[]}"
349,2014-02-01T00:00:00,8.971484091290638,taojiadahu,"{""type"":""MultiPoint"",""coordinates"":[]}"
350,2014-03-01T00:00:00,8.855170020941753,taojiadahu,"{""type"":""MultiPoint"",""coordinates"":[]}"
351,2014-04-01T00:00:00,8.071032489044548,taojiadahu,"{""type"":""MultiPoint"",""coordinates"":[]}"
352,2014-05-01T00:00:00,5.021011537835333,taojiadahu,"{""type"":""MultiPoint"",""coordinates"":[]}"
353,2014-06-01T00:00:00,0.0,taojiadahu,"{""type"":""MultiPoint"",""coordinates"":[]}"
354,2014-07-01T00:00:00,5.376560391530953,taojiadahu,"{""type"":""MultiPoint"",""coordinates"":[]}"
355,2014-08-01T00:00:00,6.959130905044377,taojiadahu,"{""type"":""MultiPoint"",""coordinates"":[]}"
356,2014-09-01T00:00:00,8.586342599538522,taojiadahu,"{""type"":""MultiPoint"",""coordinates"":[]}"
357,2014-10-01T00:00:00,9.005293000711353,taojiadahu,"{""type"":""MultiPoint"",""coordinates"":[]}"
358,2014-11-01T00:00:00,0.0,taojiadahu,"{""type"":""MultiPoint"",""coordinates"":[]}"
359,2014-12-01T00:00:00,0.0,taojiadahu,"{""type"":""MultiPoint"",""coordinates"":[]}"
360,2015-01-01T00:00:00,5.586059196758196,taojiadahu,"{""type"":""MultiPoint"",""coordinates"":[]}"
361,2015-02-01T00:00:00,4.866759073292452,taojiadahu,"{""type"":""MultiPoint"",""coordinates"":[]}"
362,2015-03-01T00:00:00,8.292407381229175,taojiadahu,"{""type"":""MultiPoint"",""coordinates"":[]}"
363,2015-04-01T00:00:00,6.882663891292078,taojiadahu,"{""type"":""MultiPoint"",""coordinates"":[]}"
364,2015-05-01T00:00:00,4.70424730663512,taojiadahu,"{""type"":""MultiPoint"",""coordinates"":[]}"
365,2015-06-01T00:00:00,8.369852853290633,taojiadahu,"{""type"":""MultiPoint"",""coordinates"":[]}"
366,2015-07-01T00:00:00,8.521946926563691,taojiadahu,"{""type"":""MultiPoint"",""coordinates"":[]}"
367,2015-08-01T00:00:00,8.450866241795437,taojiadahu,"{""type"":""MultiPoint"",""coordinates"":[]}"
368,2015-09-01T00:00:00,8.204594804259296,taojiadahu,"{""type"":""MultiPoint"",""coordinates"":[]}"
369,2015-10-01T00:00:00,8.818207950338916,taojiadahu,"{""type"":""MultiPoint"",""coordinates"":[]}"
370,2015-11-01T00:00:00,9.422782828714524,taojiadahu,"{""type"":""MultiPoint"",""coordinates"":[]}"
371,2015-12-01T00:00:00,0.0,taojiadahu,"{""type"":""MultiPoint"",""coordinates"":[]}"
372,2016-01-01T00:00:00,0.0,taojiadahu,"{""type"":""MultiPoint"",""coordinates"":[]}"
373,2016-02-01T00:00:00,9.134632602843277,taojiadahu,"{""type"":""MultiPoint"",""coordinates"":[]}"
374,2016-03-01T00:00:00,8.942840663595037,taojiadahu,"{""type"":""MultiPoint"",""coordinates"":[]}"
375,2016-04-01T00:00:00,8.13818718959482,taojiadahu,"{""type"":""MultiPoint"",""coordinates"":[]}"
376,2016-05-01T00:00:00,3.197022697193101,taojiadahu,"{""type"":""MultiPoint"",""coordinates"":[]}"
377,2016-06-01T00:00:00,5.751034201239852,taojiadahu,"{""type"":""MultiPoint"",""coordinates"":[]}"
378,2016-07-01T00:00:00,7.9999543459968105,taojiadahu,"{""type"":""MultiPoint"",""coordinates"":[]}"
379,2016-08-01T00:00:00,6.842270611192174,taojiadahu,"{""type"":""MultiPoint"",""coordinates"":[]}"
380,2016-09-01T00:00:00,7.307916877486883,taojiadahu,"{""type"":""MultiPoint"",""coordinates"":[]}"
381,2016-10-01T00:00:00,5.127637110625144,taojiadahu,"{""type"":""MultiPoint"",""coordinates"":[]}"
382,2016-11-01T00:00:00,9.086086830066632,taojiadahu,"{""type"":""MultiPoint"",""coordinates"":[]}"
383,2016-12-01T00:00:00,0.0,taojiadahu,"{""type"":""MultiPoint"",""coordinates"":[]}"
384,2017-01-01T00:00:00,8.105079480039587,taojiadahu,"{""type"":""MultiPoint"",""coordinates"":[]}"
385,2017-02-01T00:00:00,9.34391885982259,taojiadahu,"{""type"":""MultiPoint"",""coordinates"":[]}"
386,2017-03-01T00:00:00,7.762610740992645,taojiadahu,"{""type"":""MultiPoint"",""coordinates"":[]}"
387,2017-04-01T00:00:00,8.32509188327876,taojiadahu,"{""type"":""MultiPoint"",""coordinates"":[]}"
388,2017-05-01T00:00:00,2.099324756777296,taojiadahu,"{""type"":""MultiPoint"",""coordinates"":[]}"
389,2017-06-01T00:00:00,2.2874524595782115,taojiadahu,"{""type"":""MultiPoint"",""coordinates"":[]}"
390,2017-07-01T00:00:00,4.310480313859768,taojiadahu,"{""type"":""MultiPoint"",""coordinates"":[]}"
391,2017-08-01T00:00:00,3.8946392168945336,taojiadahu,"{""type"":""MultiPoint"",""coordinates"":[]}"
392,2017-09-01T00:00:00,4.1839948030785665,taojiadahu,"{""type"":""MultiPoint"",""coordinates"":[]}"
393,2017-10-01T00:00:00,8.10183848993566,taojiadahu,"{""type"":""MultiPoint"",""coordinates"":[]}"
394,2017-11-01T00:00:00,8.314741858981982,taojiadahu,"{""type"":""MultiPoint"",""coordinates"":[]}"
395,2017-12-01T00:00:00,0.0,taojiadahu,"{""type"":""MultiPoint"",""coordinates"":[]}"
396,2018-01-01T00:00:00,0.0,taojiadahu,"{""type"":""MultiPoint"",""coordinates"":[]}"
397,2018-02-01T00:00:00,6.149637173649088,taojiadahu,"{""type"":""MultiPoint"",""coordinates"":[]}"
398,2018-03-01T00:00:00,7.732706769523113,taojiadahu,"{""type"":""MultiPoint"",""coordinates"":[]}"
399,2018-04-01T00:00:00,7.0905018565843765,taojiadahu,"{""type"":""MultiPoint"",""coordinates"":[]}"
400,2018-05-01T00:00:00,3.374063839458153,taojiadahu,"{""type"":""MultiPoint"",""coordinates"":[]}"
401,2018-06-01T00:00:00,7.353316922738348,taojiadahu,"{""type"":""MultiPoint"",""coordinates"":[]}"
402,2018-07-01T00:00:00,8.285372804406022,taojiadahu,"{""type"":""MultiPoint"",""coordinates"":[]}"
403,2018-08-01T00:00:00,8.006662814576874,taojiadahu,"{""type"":""MultiPoint"",""coordinates"":[]}"
404,2018-09-01T00:00:00,8.243788907373048,taojiadahu,"{""type"":""MultiPoint"",""coordinates"":[]}"
405,2018-10-01T00:00:00,8.520772900544047,taojiadahu,"{""type"":""MultiPoint"",""coordinates"":[]}"
406,2018-11-01T00:00:00,8.873142161070337,taojiadahu,"{""type"":""MultiPoint"",""coordinates"":[]}"
407,2018-12-01T00:00:00,0.0,taojiadahu,"{""type"":""MultiPoint"",""coordinates"":[]}"
408,2019-01-01T00:00:00,0.0,taojiadahu,"{""type"":""MultiPoint"",""coordinates"":[]}"
409,2019-02-01T00:00:00,0.03859327618408203,taojiadahu,"{""type"":""MultiPoint"",""coordinates"":[]}"
410,2019-03-01T00:00:00,8.929858901176418,taojiadahu,"{""type"":""MultiPoint"",""coordinates"":[]}"
411,2019-04-01T00:00:00,6.139920243668141,taojiadahu,"{""type"":""MultiPoint"",""coordinates"":[]}"
412,2019-05-01T00:00:00,5.880259599995693,taojiadahu,"{""type"":""MultiPoint"",""coordinates"":[]}"
413,2019-06-01T00:00:00,8.319353886940632,taojiadahu,"{""type"":""MultiPoint"",""coordinates"":[]}"
414,2019-07-01T00:00:00,7.940636150949996,taojiadahu,"{""type"":""MultiPoint"",""coordinates"":[]}"
415,2019-08-01T00:00:00,7.908387969020234,taojiadahu,"{""type"":""MultiPoint"",""coordinates"":[]}"
416,2019-09-01T00:00:00,7.822500096076518,taojiadahu,"{""type"":""MultiPoint"",""coordinates"":[]}"
417,2019-10-01T00:00:00,8.277996555645876,taojiadahu,"{""type"":""MultiPoint"",""coordinates"":[]}"
418,2019-11-01T00:00:00,8.442581650745106,taojiadahu,"{""type"":""MultiPoint"",""coordinates"":[]}"
419,2019-12-01T00:00:00,0.0,taojiadahu,"{""type"":""MultiPoint"",""coordinates"":[]}"
420,2020-01-01T00:00:00,0.0,taojiadahu,"{""type"":""MultiPoint"",""coordinates"":[]}"
421,2020-02-01T00:00:00,9.336356702145087,taojiadahu,"{""type"":""MultiPoint"",""coordinates"":[]}"
422,2020-03-01T00:00:00,8.971269776880355,taojiadahu,"{""type"":""MultiPoint"",""coordinates"":[]}"
423,2020-04-01T00:00:00,8.282680155184876,taojiadahu,"{""type"":""MultiPoint"",""coordinates"":[]}"
424,2020-05-01T00:00:00,5.568457694896023,taojiadahu,"{""type"":""MultiPoint"",""coordinates"":[]}"
425,2020-06-01T00:00:00,7.526264472733564,taojiadahu,"{""type"":""MultiPoint"",""coordinates"":[]}"
426,2020-07-01T00:00:00,0.0,taojiadahu,"{""type"":""MultiPoint"",""coordinates"":[]}"
427,2020-08-01T00:00:00,9.118166018244716,taojiadahu,"{""type"":""MultiPoint"",""coordinates"":[]}"
428,2020-09-01T00:00:00,5.22447544613348,taojiadahu,"{""type"":""MultiPoint"",""coordinates"":[]}"
429,2020-10-01T00:00:00,8.477989203421075,taojiadahu,"{""type"":""MultiPoint"",""coordinates"":[]}"
430,2020-11-01T00:00:00,8.675259421710797,taojiadahu,"{""type"":""MultiPoint"",""coordinates"":[]}"
431,2020-12-01T00:00:00,0.0,taojiadahu,"{""type"":""MultiPoint"",""coordinates"":[]}"
