system:index,Date,area_km2,lake,.geo
0,1985-01-01T00:00:00,0.0,futouhu,"{""type"":""MultiPoint"",""coordinates"":[]}"
1,1985-02-01T00:00:00,0.0,futouhu,"{""type"":""MultiPoint"",""coordinates"":[]}"
2,1985-03-01T00:00:00,0.0,futouhu,"{""type"":""MultiPoint"",""coordinates"":[]}"
3,1985-04-01T00:00:00,0.0,futouhu,"{""type"":""MultiPoint"",""coordinates"":[]}"
4,1985-05-01T00:00:00,0.0,futouhu,"{""type"":""MultiPoint"",""coordinates"":[]}"
5,1985-06-01T00:00:00,0.0,futouhu,"{""type"":""MultiPoint"",""coordinates"":[]}"
6,1985-07-01T00:00:00,0.0,futouhu,"{""type"":""MultiPoint"",""coordinates"":[]}"
7,1985-08-01T00:00:00,0.0,futouhu,"{""type"":""MultiPoint"",""coordinates"":[]}"
8,1985-09-01T00:00:00,0.0,futouhu,"{""type"":""MultiPoint"",""coordinates"":[]}"
9,1985-10-01T00:00:00,0.0,futouhu,"{""type"":""MultiPoint"",""coordinates"":[]}"
10,1985-11-01T00:00:00,0.0,futouhu,"{""type"":""MultiPoint"",""coordinates"":[]}"
11,1985-12-01T00:00:00,0.0,futouhu,"{""type"":""MultiPoint"",""coordinates"":[]}"
12,1986-01-01T00:00:00,0.0,futouhu,"{""type"":""MultiPoint"",""coordinates"":[]}"
13,1986-02-01T00:00:00,0.0,futouhu,"{""type"":""MultiPoint"",""coordinates"":[]}"
14,1986-03-01T00:00:00,0.0,futouhu,"{""type"":""MultiPoint"",""coordinates"":[]}"
15,1986-04-01T00:00:00,0.0,futouhu,"{""type"":""MultiPoint"",""coordinates"":[]}"
16,1986-05-01T00:00:00,0.0,futouhu,"{""type"":""MultiPoint"",""coordinates"":[]}"
17,1986-06-01T00:00:00,0.0,futouhu,"{""type"":""MultiPoint"",""coordinates"":[]}"
18,1986-07-01T00:00:00,0.0,futouhu,"{""type"":""MultiPoint"",""coordinates"":[]}"
19,1986-08-01T00:00:00,0.0,futouhu,"{""type"":""MultiPoint"",""coordinates"":[]}"
20,1986-09-01T00:00:00,0.0,futouhu,"{""type"":""MultiPoint"",""coordinates"":[]}"
21,1986-10-01T00:00:00,0.0,futouhu,"{""type"":""MultiPoint"",""coordinates"":[]}"
22,1986-11-01T00:00:00,0.0,futouhu,"{""type"":""MultiPoint"",""coordinates"":[]}"
23,1986-12-01T00:00:00,0.0,futouhu,"{""type"":""MultiPoint"",""coordinates"":[]}"
24,1987-01-01T00:00:00,0.0,futouhu,"{""type"":""MultiPoint"",""coordinates"":[]}"
25,1987-02-01T00:00:00,0.0,futouhu,"{""type"":""MultiPoint"",""coordinates"":[]}"
26,1987-03-01T00:00:00,0.0,futouhu,"{""type"":""MultiPoint"",""coordinates"":[]}"
27,1987-04-01T00:00:00,0.0,futouhu,"{""type"":""MultiPoint"",""coordinates"":[]}"
28,1987-05-01T00:00:00,0.0,futouhu,"{""type"":""MultiPoint"",""coordinates"":[]}"
29,1987-06-01T00:00:00,0.0,futouhu,"{""type"":""MultiPoint"",""coordinates"":[]}"
30,1987-07-01T00:00:00,0.0,futouhu,"{""type"":""MultiPoint"",""coordinates"":[]}"
31,1987-08-01T00:00:00,0.0,futouhu,"{""type"":""MultiPoint"",""coordinates"":[]}"
32,1987-09-01T00:00:00,98.94470718397328,futouhu,"{""type"":""MultiPoint"",""coordinates"":[]}"
33,1987-10-01T00:00:00,0.0,futouhu,"{""type"":""MultiPoint"",""coordinates"":[]}"
34,1987-11-01T00:00:00,0.0,futouhu,"{""type"":""MultiPoint"",""coordinates"":[]}"
35,1987-12-01T00:00:00,0.0,futouhu,"{""type"":""MultiPoint"",""coordinates"":[]}"
36,1988-01-01T00:00:00,0.0,futouhu,"{""type"":""MultiPoint"",""coordinates"":[]}"
37,1988-02-01T00:00:00,0.0,futouhu,"{""type"":""MultiPoint"",""coordinates"":[]}"
38,1988-03-01T00:00:00,0.0,futouhu,"{""type"":""MultiPoint"",""coordinates"":[]}"
39,1988-04-01T00:00:00,0.0,futouhu,"{""type"":""MultiPoint"",""coordinates"":[]}"
40,1988-05-01T00:00:00,0.0,futouhu,"{""type"":""MultiPoint"",""coordinates"":[]}"
41,1988-06-01T00:00:00,0.0,futouhu,"{""type"":""MultiPoint"",""coordinates"":[]}"
42,1988-07-01T00:00:00,7.7532775169943475,futouhu,"{""type"":""MultiPoint"",""coordinates"":[]}"
43,1988-08-01T00:00:00,0.0,futouhu,"{""type"":""MultiPoint"",""coordinates"":[]}"
44,1988-09-01T00:00:00,0.0,futouhu,"{""type"":""MultiPoint"",""coordinates"":[]}"
45,1988-10-01T00:00:00,0.0,futouhu,"{""type"":""MultiPoint"",""coordinates"":[]}"
46,1988-11-01T00:00:00,0.0,futouhu,"{""type"":""MultiPoint"",""coordinates"":[]}"
47,1988-12-01T00:00:00,0.0,futouhu,"{""type"":""MultiPoint"",""coordinates"":[]}"
48,1989-01-01T00:00:00,0.0,futouhu,"{""type"":""MultiPoint"",""coordinates"":[]}"
49,1989-02-01T00:00:00,0.0,futouhu,"{""type"":""MultiPoint"",""coordinates"":[]}"
50,1989-03-01T00:00:00,0.0,futouhu,"{""type"":""MultiPoint"",""coordinates"":[]}"
51,1989-04-01T00:00:00,0.0,futouhu,"{""type"":""MultiPoint"",""coordinates"":[]}"
52,1989-05-01T00:00:00,0.0,futouhu,"{""type"":""MultiPoint"",""coordinates"":[]}"
53,1989-06-01T00:00:00,0.0,futouhu,"{""type"":""MultiPoint"",""coordinates"":[]}"
54,1989-07-01T00:00:00,0.0,futouhu,"{""type"":""MultiPoint"",""coordinates"":[]}"
55,1989-08-01T00:00:00,0.0,futouhu,"{""type"":""MultiPoint"",""coordinates"":[]}"
56,1989-09-01T00:00:00,0.0,futouhu,"{""type"":""MultiPoint"",""coordinates"":[]}"
57,1989-10-01T00:00:00,0.0,futouhu,"{""type"":""MultiPoint"",""coordinates"":[]}"
58,1989-11-01T00:00:00,0.0,futouhu,"{""type"":""MultiPoint"",""coordinates"":[]}"
59,1989-12-01T00:00:00,0.0,futouhu,"{""type"":""MultiPoint"",""coordinates"":[]}"
60,1990-01-01T00:00:00,0.0,futouhu,"{""type"":""MultiPoint"",""coordinates"":[]}"
61,1990-02-01T00:00:00,0.0,futouhu,"{""type"":""MultiPoint"",""coordinates"":[]}"
62,1990-03-01T00:00:00,0.0,futouhu,"{""type"":""MultiPoint"",""coordinates"":[]}"
63,1990-04-01T00:00:00,0.0,futouhu,"{""type"":""MultiPoint"",""coordinates"":[]}"
64,1990-05-01T00:00:00,0.0,futouhu,"{""type"":""MultiPoint"",""coordinates"":[]}"
65,1990-06-01T00:00:00,0.0,futouhu,"{""type"":""MultiPoint"",""coordinates"":[]}"
66,1990-07-01T00:00:00,0.0,futouhu,"{""type"":""MultiPoint"",""coordinates"":[]}"
67,1990-08-01T00:00:00,0.0,futouhu,"{""type"":""MultiPoint"",""coordinates"":[]}"
68,1990-09-01T00:00:00,102.27461000791654,futouhu,"{""type"":""MultiPoint"",""coordinates"":[]}"
69,1990-10-01T00:00:00,0.0,futouhu,"{""type"":""MultiPoint"",""coordinates"":[]}"
70,1990-11-01T00:00:00,0.0,futouhu,"{""type"":""MultiPoint"",""coordinates"":[]}"
71,1990-12-01T00:00:00,0.0,futouhu,"{""type"":""MultiPoint"",""coordinates"":[]}"
72,1991-01-01T00:00:00,0.0,futouhu,"{""type"":""MultiPoint"",""coordinates"":[]}"
73,1991-02-01T00:00:00,0.0,futouhu,"{""type"":""MultiPoint"",""coordinates"":[]}"
74,1991-03-01T00:00:00,0.0,futouhu,"{""type"":""MultiPoint"",""coordinates"":[]}"
75,1991-04-01T00:00:00,0.0,futouhu,"{""type"":""MultiPoint"",""coordinates"":[]}"
76,1991-05-01T00:00:00,0.0,futouhu,"{""type"":""MultiPoint"",""coordinates"":[]}"
77,1991-06-01T00:00:00,3.1926703608386466,futouhu,"{""type"":""MultiPoint"",""coordinates"":[]}"
78,1991-07-01T00:00:00,104.33866607117514,futouhu,"{""type"":""MultiPoint"",""coordinates"":[]}"
79,1991-08-01T00:00:00,0.0,futouhu,"{""type"":""MultiPoint"",""coordinates"":[]}"
80,1991-09-01T00:00:00,0.0,futouhu,"{""type"":""MultiPoint"",""coordinates"":[]}"
81,1991-10-01T00:00:00,0.0,futouhu,"{""type"":""MultiPoint"",""coordinates"":[]}"
82,1991-11-01T00:00:00,0.0,futouhu,"{""type"":""MultiPoint"",""coordinates"":[]}"
83,1991-12-01T00:00:00,0.0,futouhu,"{""type"":""MultiPoint"",""coordinates"":[]}"
84,1992-01-01T00:00:00,87.69126987405798,futouhu,"{""type"":""MultiPoint"",""coordinates"":[]}"
85,1992-02-01T00:00:00,38.97753257224268,futouhu,"{""type"":""MultiPoint"",""coordinates"":[]}"
86,1992-03-01T00:00:00,0.0,futouhu,"{""type"":""MultiPoint"",""coordinates"":[]}"
87,1992-04-01T00:00:00,0.0,futouhu,"{""type"":""MultiPoint"",""coordinates"":[]}"
88,1992-05-01T00:00:00,0.0,futouhu,"{""type"":""MultiPoint"",""coordinates"":[]}"
89,1992-06-01T00:00:00,0.0,futouhu,"{""type"":""MultiPoint"",""coordinates"":[]}"
90,1992-07-01T00:00:00,31.83918334482011,futouhu,"{""type"":""MultiPoint"",""coordinates"":[]}"
91,1992-08-01T00:00:00,0.0,futouhu,"{""type"":""MultiPoint"",""coordinates"":[]}"
92,1992-09-01T00:00:00,0.0,futouhu,"{""type"":""MultiPoint"",""coordinates"":[]}"
93,1992-10-01T00:00:00,15.961292140393077,futouhu,"{""type"":""MultiPoint"",""coordinates"":[]}"
94,1992-11-01T00:00:00,0.0,futouhu,"{""type"":""MultiPoint"",""coordinates"":[]}"
95,1992-12-01T00:00:00,0.0,futouhu,"{""type"":""MultiPoint"",""coordinates"":[]}"
96,1993-01-01T00:00:00,0.0,futouhu,"{""type"":""MultiPoint"",""coordinates"":[]}"
97,1993-02-01T00:00:00,0.0,futouhu,"{""type"":""MultiPoint"",""coordinates"":[]}"
98,1993-03-01T00:00:00,0.0,futouhu,"{""type"":""MultiPoint"",""coordinates"":[]}"
99,1993-04-01T00:00:00,0.0,futouhu,"{""type"":""MultiPoint"",""coordinates"":[]}"
100,1993-05-01T00:00:00,0.0,futouhu,"{""type"":""MultiPoint"",""coordinates"":[]}"
101,1993-06-01T00:00:00,0.0,futouhu,"{""type"":""MultiPoint"",""coordinates"":[]}"
102,1993-07-01T00:00:00,0.0,futouhu,"{""type"":""MultiPoint"",""coordinates"":[]}"
103,1993-08-01T00:00:00,0.0,futouhu,"{""type"":""MultiPoint"",""coordinates"":[]}"
104,1993-09-01T00:00:00,1.0662746396099012,futouhu,"{""type"":""MultiPoint"",""coordinates"":[]}"
105,1993-10-01T00:00:00,109.74500139096708,futouhu,"{""type"":""MultiPoint"",""coordinates"":[]}"
106,1993-11-01T00:00:00,0.0,futouhu,"{""type"":""MultiPoint"",""coordinates"":[]}"
107,1993-12-01T00:00:00,0.0,futouhu,"{""type"":""MultiPoint"",""coordinates"":[]}"
108,1994-01-01T00:00:00,0.0,futouhu,"{""type"":""MultiPoint"",""coordinates"":[]}"
109,1994-02-01T00:00:00,0.0,futouhu,"{""type"":""MultiPoint"",""coordinates"":[]}"
110,1994-03-01T00:00:00,0.0,futouhu,"{""type"":""MultiPoint"",""coordinates"":[]}"
111,1994-04-01T00:00:00,0.0,futouhu,"{""type"":""MultiPoint"",""coordinates"":[]}"
112,1994-05-01T00:00:00,0.0,futouhu,"{""type"":""MultiPoint"",""coordinates"":[]}"
113,1994-06-01T00:00:00,0.0,futouhu,"{""type"":""MultiPoint"",""coordinates"":[]}"
114,1994-07-01T00:00:00,0.0,futouhu,"{""type"":""MultiPoint"",""coordinates"":[]}"
115,1994-08-01T00:00:00,97.87162381065777,futouhu,"{""type"":""MultiPoint"",""coordinates"":[]}"
116,1994-09-01T00:00:00,105.92985782303953,futouhu,"{""type"":""MultiPoint"",""coordinates"":[]}"
117,1994-10-01T00:00:00,9.035780384911874,futouhu,"{""type"":""MultiPoint"",""coordinates"":[]}"
118,1994-11-01T00:00:00,0.0,futouhu,"{""type"":""MultiPoint"",""coordinates"":[]}"
119,1994-12-01T00:00:00,0.0,futouhu,"{""type"":""MultiPoint"",""coordinates"":[]}"
120,1995-01-01T00:00:00,0.0,futouhu,"{""type"":""MultiPoint"",""coordinates"":[]}"
121,1995-02-01T00:00:00,0.0,futouhu,"{""type"":""MultiPoint"",""coordinates"":[]}"
122,1995-03-01T00:00:00,0.0,futouhu,"{""type"":""MultiPoint"",""coordinates"":[]}"
123,1995-04-01T00:00:00,78.13148907441958,futouhu,"{""type"":""MultiPoint"",""coordinates"":[]}"
124,1995-05-01T00:00:00,7.215470410111253,futouhu,"{""type"":""MultiPoint"",""coordinates"":[]}"
125,1995-06-01T00:00:00,8.127395102754248,futouhu,"{""type"":""MultiPoint"",""coordinates"":[]}"
126,1995-07-01T00:00:00,0.0,futouhu,"{""type"":""MultiPoint"",""coordinates"":[]}"
127,1995-08-01T00:00:00,0.0,futouhu,"{""type"":""MultiPoint"",""coordinates"":[]}"
128,1995-09-01T00:00:00,0.0,futouhu,"{""type"":""MultiPoint"",""coordinates"":[]}"
129,1995-10-01T00:00:00,109.89038473429657,futouhu,"{""type"":""MultiPoint"",""coordinates"":[]}"
130,1995-11-01T00:00:00,0.27857305529713366,futouhu,"{""type"":""MultiPoint"",""coordinates"":[]}"
131,1995-12-01T00:00:00,24.865783012036598,futouhu,"{""type"":""MultiPoint"",""coordinates"":[]}"
132,1996-01-01T00:00:00,0.0,futouhu,"{""type"":""MultiPoint"",""coordinates"":[]}"
133,1996-02-01T00:00:00,18.24944877750175,futouhu,"{""type"":""MultiPoint"",""coordinates"":[]}"
134,1996-03-01T00:00:00,0.0,futouhu,"{""type"":""MultiPoint"",""coordinates"":[]}"
135,1996-04-01T00:00:00,0.0,futouhu,"{""type"":""MultiPoint"",""coordinates"":[]}"
136,1996-05-01T00:00:00,86.35801136400444,futouhu,"{""type"":""MultiPoint"",""coordinates"":[]}"
137,1996-06-01T00:00:00,100.9846348058194,futouhu,"{""type"":""MultiPoint"",""coordinates"":[]}"
138,1996-07-01T00:00:00,0.0,futouhu,"{""type"":""MultiPoint"",""coordinates"":[]}"
139,1996-08-01T00:00:00,111.70809058416512,futouhu,"{""type"":""MultiPoint"",""coordinates"":[]}"
140,1996-09-01T00:00:00,115.48527840769326,futouhu,"{""type"":""MultiPoint"",""coordinates"":[]}"
141,1996-10-01T00:00:00,119.52292565164291,futouhu,"{""type"":""MultiPoint"",""coordinates"":[]}"
142,1996-11-01T00:00:00,0.0,futouhu,"{""type"":""MultiPoint"",""coordinates"":[]}"
143,1996-12-01T00:00:00,0.0,futouhu,"{""type"":""MultiPoint"",""coordinates"":[]}"
144,1997-01-01T00:00:00,0.0,futouhu,"{""type"":""MultiPoint"",""coordinates"":[]}"
145,1997-02-01T00:00:00,0.0,futouhu,"{""type"":""MultiPoint"",""coordinates"":[]}"
146,1997-03-01T00:00:00,0.0,futouhu,"{""type"":""MultiPoint"",""coordinates"":[]}"
147,1997-04-01T00:00:00,0.0,futouhu,"{""type"":""MultiPoint"",""coordinates"":[]}"
148,1997-05-01T00:00:00,0.0,futouhu,"{""type"":""MultiPoint"",""coordinates"":[]}"
149,1997-06-01T00:00:00,0.0,futouhu,"{""type"":""MultiPoint"",""coordinates"":[]}"
150,1997-07-01T00:00:00,0.0,futouhu,"{""type"":""MultiPoint"",""coordinates"":[]}"
151,1997-08-01T00:00:00,0.0,futouhu,"{""type"":""MultiPoint"",""coordinates"":[]}"
152,1997-09-01T00:00:00,0.0,futouhu,"{""type"":""MultiPoint"",""coordinates"":[]}"
153,1997-10-01T00:00:00,0.0,futouhu,"{""type"":""MultiPoint"",""coordinates"":[]}"
154,1997-11-01T00:00:00,0.0,futouhu,"{""type"":""MultiPoint"",""coordinates"":[]}"
155,1997-12-01T00:00:00,0.0,futouhu,"{""type"":""MultiPoint"",""coordinates"":[]}"
156,1998-01-01T00:00:00,0.0,futouhu,"{""type"":""MultiPoint"",""coordinates"":[]}"
157,1998-02-01T00:00:00,0.0,futouhu,"{""type"":""MultiPoint"",""coordinates"":[]}"
158,1998-03-01T00:00:00,0.0,futouhu,"{""type"":""MultiPoint"",""coordinates"":[]}"
159,1998-04-01T00:00:00,0.0,futouhu,"{""type"":""MultiPoint"",""coordinates"":[]}"
160,1998-05-01T00:00:00,0.0,futouhu,"{""type"":""MultiPoint"",""coordinates"":[]}"
161,1998-06-01T00:00:00,0.0,futouhu,"{""type"":""MultiPoint"",""coordinates"":[]}"
162,1998-07-01T00:00:00,0.0,futouhu,"{""type"":""MultiPoint"",""coordinates"":[]}"
163,1998-08-01T00:00:00,0.0,futouhu,"{""type"":""MultiPoint"",""coordinates"":[]}"
164,1998-09-01T00:00:00,0.0,futouhu,"{""type"":""MultiPoint"",""coordinates"":[]}"
165,1998-10-01T00:00:00,0.0,futouhu,"{""type"":""MultiPoint"",""coordinates"":[]}"
166,1998-11-01T00:00:00,0.0,futouhu,"{""type"":""MultiPoint"",""coordinates"":[]}"
167,1998-12-01T00:00:00,0.0,futouhu,"{""type"":""MultiPoint"",""coordinates"":[]}"
168,1999-01-01T00:00:00,0.0,futouhu,"{""type"":""MultiPoint"",""coordinates"":[]}"
169,1999-02-01T00:00:00,0.0,futouhu,"{""type"":""MultiPoint"",""coordinates"":[]}"
170,1999-03-01T00:00:00,0.0,futouhu,"{""type"":""MultiPoint"",""coordinates"":[]}"
171,1999-04-01T00:00:00,0.0,futouhu,"{""type"":""MultiPoint"",""coordinates"":[]}"
172,1999-05-01T00:00:00,0.0,futouhu,"{""type"":""MultiPoint"",""coordinates"":[]}"
173,1999-06-01T00:00:00,0.0,futouhu,"{""type"":""MultiPoint"",""coordinates"":[]}"
174,1999-07-01T00:00:00,0.0,futouhu,"{""type"":""MultiPoint"",""coordinates"":[]}"
175,1999-08-01T00:00:00,1.0093868795692593,futouhu,"{""type"":""MultiPoint"",""coordinates"":[]}"
176,1999-09-01T00:00:00,110.00439585233956,futouhu,"{""type"":""MultiPoint"",""coordinates"":[]}"
177,1999-10-01T00:00:00,0.0,futouhu,"{""type"":""MultiPoint"",""coordinates"":[]}"
178,1999-11-01T00:00:00,115.59720761291844,futouhu,"{""type"":""MultiPoint"",""coordinates"":[]}"
179,1999-12-01T00:00:00,2.5040276295285695,futouhu,"{""type"":""MultiPoint"",""coordinates"":[]}"
180,2000-01-01T00:00:00,70.47026500138551,futouhu,"{""type"":""MultiPoint"",""coordinates"":[]}"
181,2000-02-01T00:00:00,101.93929335872589,futouhu,"{""type"":""MultiPoint"",""coordinates"":[]}"
182,2000-03-01T00:00:00,0.057724440212833183,futouhu,"{""type"":""MultiPoint"",""coordinates"":[]}"
183,2000-04-01T00:00:00,0.0,futouhu,"{""type"":""MultiPoint"",""coordinates"":[]}"
184,2000-05-01T00:00:00,1.7674975543768192,futouhu,"{""type"":""MultiPoint"",""coordinates"":[]}"
185,2000-06-01T00:00:00,60.983629357187304,futouhu,"{""type"":""MultiPoint"",""coordinates"":[]}"
186,2000-07-01T00:00:00,75.00436742294991,futouhu,"{""type"":""MultiPoint"",""coordinates"":[]}"
187,2000-08-01T00:00:00,69.93857214677232,futouhu,"{""type"":""MultiPoint"",""coordinates"":[]}"
188,2000-09-01T00:00:00,79.59592901835612,futouhu,"{""type"":""MultiPoint"",""coordinates"":[]}"
189,2000-10-01T00:00:00,111.0279587395553,futouhu,"{""type"":""MultiPoint"",""coordinates"":[]}"
190,2000-11-01T00:00:00,59.84879987694872,futouhu,"{""type"":""MultiPoint"",""coordinates"":[]}"
191,2000-12-01T00:00:00,24.60606426312637,futouhu,"{""type"":""MultiPoint"",""coordinates"":[]}"
192,2001-01-01T00:00:00,103.73186944603364,futouhu,"{""type"":""MultiPoint"",""coordinates"":[]}"
193,2001-02-01T00:00:00,0.26666625370136343,futouhu,"{""type"":""MultiPoint"",""coordinates"":[]}"
194,2001-03-01T00:00:00,76.29017174896646,futouhu,"{""type"":""MultiPoint"",""coordinates"":[]}"
195,2001-04-01T00:00:00,41.956615040667614,futouhu,"{""type"":""MultiPoint"",""coordinates"":[]}"
196,2001-05-01T00:00:00,68.10083088521816,futouhu,"{""type"":""MultiPoint"",""coordinates"":[]}"
197,2001-06-01T00:00:00,1.192539609761556,futouhu,"{""type"":""MultiPoint"",""coordinates"":[]}"
198,2001-07-01T00:00:00,81.88110621466231,futouhu,"{""type"":""MultiPoint"",""coordinates"":[]}"
199,2001-08-01T00:00:00,61.03055138097833,futouhu,"{""type"":""MultiPoint"",""coordinates"":[]}"
200,2001-09-01T00:00:00,90.64288350587687,futouhu,"{""type"":""MultiPoint"",""coordinates"":[]}"
201,2001-10-01T00:00:00,79.99703542118881,futouhu,"{""type"":""MultiPoint"",""coordinates"":[]}"
202,2001-11-01T00:00:00,100.3648686785712,futouhu,"{""type"":""MultiPoint"",""coordinates"":[]}"
203,2001-12-01T00:00:00,21.348058039211132,futouhu,"{""type"":""MultiPoint"",""coordinates"":[]}"
204,2002-01-01T00:00:00,40.1044719634249,futouhu,"{""type"":""MultiPoint"",""coordinates"":[]}"
205,2002-02-01T00:00:00,37.44677353074948,futouhu,"{""type"":""MultiPoint"",""coordinates"":[]}"
206,2002-03-01T00:00:00,78.12668963637763,futouhu,"{""type"":""MultiPoint"",""coordinates"":[]}"
207,2002-04-01T00:00:00,6.357387404865819,futouhu,"{""type"":""MultiPoint"",""coordinates"":[]}"
208,2002-05-01T00:00:00,31.160602868400314,futouhu,"{""type"":""MultiPoint"",""coordinates"":[]}"
209,2002-06-01T00:00:00,12.828336053054633,futouhu,"{""type"":""MultiPoint"",""coordinates"":[]}"
210,2002-07-01T00:00:00,80.30171320572235,futouhu,"{""type"":""MultiPoint"",""coordinates"":[]}"
211,2002-08-01T00:00:00,90.26598005722286,futouhu,"{""type"":""MultiPoint"",""coordinates"":[]}"
212,2002-09-01T00:00:00,100.31917115431325,futouhu,"{""type"":""MultiPoint"",""coordinates"":[]}"
213,2002-10-01T00:00:00,104.25955507080502,futouhu,"{""type"":""MultiPoint"",""coordinates"":[]}"
214,2002-11-01T00:00:00,51.71311878297246,futouhu,"{""type"":""MultiPoint"",""coordinates"":[]}"
215,2002-12-01T00:00:00,24.92619195492324,futouhu,"{""type"":""MultiPoint"",""coordinates"":[]}"
216,2003-01-01T00:00:00,110.13653046766696,futouhu,"{""type"":""MultiPoint"",""coordinates"":[]}"
217,2003-02-01T00:00:00,104.03230163182766,futouhu,"{""type"":""MultiPoint"",""coordinates"":[]}"
218,2003-03-01T00:00:00,96.95799393821451,futouhu,"{""type"":""MultiPoint"",""coordinates"":[]}"
219,2003-04-01T00:00:00,93.35250316278292,futouhu,"{""type"":""MultiPoint"",""coordinates"":[]}"
220,2003-05-01T00:00:00,89.25621579331938,futouhu,"{""type"":""MultiPoint"",""coordinates"":[]}"
221,2003-06-01T00:00:00,52.75325474836163,futouhu,"{""type"":""MultiPoint"",""coordinates"":[]}"
222,2003-07-01T00:00:00,77.97984357391874,futouhu,"{""type"":""MultiPoint"",""coordinates"":[]}"
223,2003-08-01T00:00:00,83.95551220959011,futouhu,"{""type"":""MultiPoint"",""coordinates"":[]}"
224,2003-09-01T00:00:00,104.39913883086008,futouhu,"{""type"":""MultiPoint"",""coordinates"":[]}"
225,2003-10-01T00:00:00,110.87419580789451,futouhu,"{""type"":""MultiPoint"",""coordinates"":[]}"
226,2003-11-01T00:00:00,114.66356796394491,futouhu,"{""type"":""MultiPoint"",""coordinates"":[]}"
227,2003-12-01T00:00:00,23.583773729711407,futouhu,"{""type"":""MultiPoint"",""coordinates"":[]}"
228,2004-01-01T00:00:00,102.74170498981539,futouhu,"{""type"":""MultiPoint"",""coordinates"":[]}"
229,2004-02-01T00:00:00,95.27056937139824,futouhu,"{""type"":""MultiPoint"",""coordinates"":[]}"
230,2004-03-01T00:00:00,77.19240586613722,futouhu,"{""type"":""MultiPoint"",""coordinates"":[]}"
231,2004-04-01T00:00:00,66.069434415473,futouhu,"{""type"":""MultiPoint"",""coordinates"":[]}"
232,2004-05-01T00:00:00,34.82852681074362,futouhu,"{""type"":""MultiPoint"",""coordinates"":[]}"
233,2004-06-01T00:00:00,45.32468773007499,futouhu,"{""type"":""MultiPoint"",""coordinates"":[]}"
234,2004-07-01T00:00:00,97.59852748583903,futouhu,"{""type"":""MultiPoint"",""coordinates"":[]}"
235,2004-08-01T00:00:00,72.48523580373461,futouhu,"{""type"":""MultiPoint"",""coordinates"":[]}"
236,2004-09-01T00:00:00,106.48054758477188,futouhu,"{""type"":""MultiPoint"",""coordinates"":[]}"
237,2004-10-01T00:00:00,99.29941617975722,futouhu,"{""type"":""MultiPoint"",""coordinates"":[]}"
238,2004-11-01T00:00:00,90.3854417283434,futouhu,"{""type"":""MultiPoint"",""coordinates"":[]}"
239,2004-12-01T00:00:00,22.316341372677545,futouhu,"{""type"":""MultiPoint"",""coordinates"":[]}"
240,2005-01-01T00:00:00,106.0265144585927,futouhu,"{""type"":""MultiPoint"",""coordinates"":[]}"
241,2005-02-01T00:00:00,80.25126266883898,futouhu,"{""type"":""MultiPoint"",""coordinates"":[]}"
242,2005-03-01T00:00:00,108.16351440214144,futouhu,"{""type"":""MultiPoint"",""coordinates"":[]}"
243,2005-04-01T00:00:00,78.21992982545599,futouhu,"{""type"":""MultiPoint"",""coordinates"":[]}"
244,2005-05-01T00:00:00,66.08997099971994,futouhu,"{""type"":""MultiPoint"",""coordinates"":[]}"
245,2005-06-01T00:00:00,53.934016395688985,futouhu,"{""type"":""MultiPoint"",""coordinates"":[]}"
246,2005-07-01T00:00:00,68.00288703795859,futouhu,"{""type"":""MultiPoint"",""coordinates"":[]}"
247,2005-08-01T00:00:00,71.71617224752124,futouhu,"{""type"":""MultiPoint"",""coordinates"":[]}"
248,2005-09-01T00:00:00,98.60554862092589,futouhu,"{""type"":""MultiPoint"",""coordinates"":[]}"
249,2005-10-01T00:00:00,107.3850662504394,futouhu,"{""type"":""MultiPoint"",""coordinates"":[]}"
250,2005-11-01T00:00:00,89.71501131297771,futouhu,"{""type"":""MultiPoint"",""coordinates"":[]}"
251,2005-12-01T00:00:00,18.486669733144964,futouhu,"{""type"":""MultiPoint"",""coordinates"":[]}"
252,2006-01-01T00:00:00,111.46068251715883,futouhu,"{""type"":""MultiPoint"",""coordinates"":[]}"
253,2006-02-01T00:00:00,71.85663711476103,futouhu,"{""type"":""MultiPoint"",""coordinates"":[]}"
254,2006-03-01T00:00:00,105.89192539280953,futouhu,"{""type"":""MultiPoint"",""coordinates"":[]}"
255,2006-04-01T00:00:00,93.26869122719752,futouhu,"{""type"":""MultiPoint"",""coordinates"":[]}"
256,2006-05-01T00:00:00,1.7586040562775254,futouhu,"{""type"":""MultiPoint"",""coordinates"":[]}"
257,2006-06-01T00:00:00,91.9050757708646,futouhu,"{""type"":""MultiPoint"",""coordinates"":[]}"
258,2006-07-01T00:00:00,93.04706299896466,futouhu,"{""type"":""MultiPoint"",""coordinates"":[]}"
259,2006-08-01T00:00:00,79.73357403941623,futouhu,"{""type"":""MultiPoint"",""coordinates"":[]}"
260,2006-09-01T00:00:00,95.41047932730652,futouhu,"{""type"":""MultiPoint"",""coordinates"":[]}"
261,2006-10-01T00:00:00,110.6297990611802,futouhu,"{""type"":""MultiPoint"",""coordinates"":[]}"
262,2006-11-01T00:00:00,111.97523663311276,futouhu,"{""type"":""MultiPoint"",""coordinates"":[]}"
263,2006-12-01T00:00:00,21.92930369321719,futouhu,"{""type"":""MultiPoint"",""coordinates"":[]}"
264,2007-01-01T00:00:00,101.57483794673571,futouhu,"{""type"":""MultiPoint"",""coordinates"":[]}"
265,2007-02-01T00:00:00,108.48525861249675,futouhu,"{""type"":""MultiPoint"",""coordinates"":[]}"
266,2007-03-01T00:00:00,104.7341713005911,futouhu,"{""type"":""MultiPoint"",""coordinates"":[]}"
267,2007-04-01T00:00:00,75.77771593689107,futouhu,"{""type"":""MultiPoint"",""coordinates"":[]}"
268,2007-05-01T00:00:00,80.35478433002852,futouhu,"{""type"":""MultiPoint"",""coordinates"":[]}"
269,2007-06-01T00:00:00,70.9882558779833,futouhu,"{""type"":""MultiPoint"",""coordinates"":[]}"
270,2007-07-01T00:00:00,67.13044919009627,futouhu,"{""type"":""MultiPoint"",""coordinates"":[]}"
271,2007-08-01T00:00:00,66.81853593137087,futouhu,"{""type"":""MultiPoint"",""coordinates"":[]}"
272,2007-09-01T00:00:00,94.98580549862534,futouhu,"{""type"":""MultiPoint"",""coordinates"":[]}"
273,2007-10-01T00:00:00,102.92442158544509,futouhu,"{""type"":""MultiPoint"",""coordinates"":[]}"
274,2007-11-01T00:00:00,88.06968893690859,futouhu,"{""type"":""MultiPoint"",""coordinates"":[]}"
275,2007-12-01T00:00:00,19.38520467014735,futouhu,"{""type"":""MultiPoint"",""coordinates"":[]}"
276,2008-01-01T00:00:00,0.0,futouhu,"{""type"":""MultiPoint"",""coordinates"":[]}"
277,2008-02-01T00:00:00,79.68498478633806,futouhu,"{""type"":""MultiPoint"",""coordinates"":[]}"
278,2008-03-01T00:00:00,98.2696996665931,futouhu,"{""type"":""MultiPoint"",""coordinates"":[]}"
279,2008-04-01T00:00:00,63.36525206868561,futouhu,"{""type"":""MultiPoint"",""coordinates"":[]}"
280,2008-05-01T00:00:00,58.94573088332734,futouhu,"{""type"":""MultiPoint"",""coordinates"":[]}"
281,2008-06-01T00:00:00,1.0703895192052504,futouhu,"{""type"":""MultiPoint"",""coordinates"":[]}"
282,2008-07-01T00:00:00,78.82743785516473,futouhu,"{""type"":""MultiPoint"",""coordinates"":[]}"
283,2008-08-01T00:00:00,65.08025626003942,futouhu,"{""type"":""MultiPoint"",""coordinates"":[]}"
284,2008-09-01T00:00:00,84.17277449093947,futouhu,"{""type"":""MultiPoint"",""coordinates"":[]}"
285,2008-10-01T00:00:00,104.65166631752669,futouhu,"{""type"":""MultiPoint"",""coordinates"":[]}"
286,2008-11-01T00:00:00,112.44766132921073,futouhu,"{""type"":""MultiPoint"",""coordinates"":[]}"
287,2008-12-01T00:00:00,24.83607565454292,futouhu,"{""type"":""MultiPoint"",""coordinates"":[]}"
288,2009-01-01T00:00:00,107.21367565971708,futouhu,"{""type"":""MultiPoint"",""coordinates"":[]}"
289,2009-02-01T00:00:00,100.43260212491262,futouhu,"{""type"":""MultiPoint"",""coordinates"":[]}"
290,2009-03-01T00:00:00,110.94210519966438,futouhu,"{""type"":""MultiPoint"",""coordinates"":[]}"
291,2009-04-01T00:00:00,80.379255806514,futouhu,"{""type"":""MultiPoint"",""coordinates"":[]}"
292,2009-05-01T00:00:00,81.94812897730236,futouhu,"{""type"":""MultiPoint"",""coordinates"":[]}"
293,2009-06-01T00:00:00,82.86836827136153,futouhu,"{""type"":""MultiPoint"",""coordinates"":[]}"
294,2009-07-01T00:00:00,97.20877859146908,futouhu,"{""type"":""MultiPoint"",""coordinates"":[]}"
295,2009-08-01T00:00:00,100.78787980494594,futouhu,"{""type"":""MultiPoint"",""coordinates"":[]}"
296,2009-09-01T00:00:00,108.44437299317292,futouhu,"{""type"":""MultiPoint"",""coordinates"":[]}"
297,2009-10-01T00:00:00,108.10871925278083,futouhu,"{""type"":""MultiPoint"",""coordinates"":[]}"
298,2009-11-01T00:00:00,109.43612398848093,futouhu,"{""type"":""MultiPoint"",""coordinates"":[]}"
299,2009-12-01T00:00:00,17.432872064276722,futouhu,"{""type"":""MultiPoint"",""coordinates"":[]}"
300,2010-01-01T00:00:00,21.311746744771096,futouhu,"{""type"":""MultiPoint"",""coordinates"":[]}"
301,2010-02-01T00:00:00,76.85436664909236,futouhu,"{""type"":""MultiPoint"",""coordinates"":[]}"
302,2010-03-01T00:00:00,110.07323793749994,futouhu,"{""type"":""MultiPoint"",""coordinates"":[]}"
303,2010-04-01T00:00:00,11.452714793237064,futouhu,"{""type"":""MultiPoint"",""coordinates"":[]}"
304,2010-05-01T00:00:00,9.87767374283926,futouhu,"{""type"":""MultiPoint"",""coordinates"":[]}"
305,2010-06-01T00:00:00,81.47237812686669,futouhu,"{""type"":""MultiPoint"",""coordinates"":[]}"
306,2010-07-01T00:00:00,104.27557942041359,futouhu,"{""type"":""MultiPoint"",""coordinates"":[]}"
307,2010-08-01T00:00:00,113.73881542851261,futouhu,"{""type"":""MultiPoint"",""coordinates"":[]}"
308,2010-09-01T00:00:00,113.93153226444873,futouhu,"{""type"":""MultiPoint"",""coordinates"":[]}"
309,2010-10-01T00:00:00,107.6583577400556,futouhu,"{""type"":""MultiPoint"",""coordinates"":[]}"
310,2010-11-01T00:00:00,30.70894336034862,futouhu,"{""type"":""MultiPoint"",""coordinates"":[]}"
311,2010-12-01T00:00:00,23.45998762370962,futouhu,"{""type"":""MultiPoint"",""coordinates"":[]}"
312,2011-01-01T00:00:00,114.14512809836135,futouhu,"{""type"":""MultiPoint"",""coordinates"":[]}"
313,2011-02-01T00:00:00,101.87795069806032,futouhu,"{""type"":""MultiPoint"",""coordinates"":[]}"
314,2011-03-01T00:00:00,102.86848751838636,futouhu,"{""type"":""MultiPoint"",""coordinates"":[]}"
315,2011-04-01T00:00:00,2.405207864203001,futouhu,"{""type"":""MultiPoint"",""coordinates"":[]}"
316,2011-05-01T00:00:00,2.8034306802490234,futouhu,"{""type"":""MultiPoint"",""coordinates"":[]}"
317,2011-06-01T00:00:00,71.88947753351405,futouhu,"{""type"":""MultiPoint"",""coordinates"":[]}"
318,2011-07-01T00:00:00,30.310717916848102,futouhu,"{""type"":""MultiPoint"",""coordinates"":[]}"
319,2011-08-01T00:00:00,12.787036212054323,futouhu,"{""type"":""MultiPoint"",""coordinates"":[]}"
320,2011-09-01T00:00:00,99.66186560558772,futouhu,"{""type"":""MultiPoint"",""coordinates"":[]}"
321,2011-10-01T00:00:00,78.90379828889431,futouhu,"{""type"":""MultiPoint"",""coordinates"":[]}"
322,2011-11-01T00:00:00,80.91251903838626,futouhu,"{""type"":""MultiPoint"",""coordinates"":[]}"
323,2011-12-01T00:00:00,18.56616922896943,futouhu,"{""type"":""MultiPoint"",""coordinates"":[]}"
324,2012-01-01T00:00:00,73.39444820671513,futouhu,"{""type"":""MultiPoint"",""coordinates"":[]}"
325,2012-02-01T00:00:00,73.39424443193792,futouhu,"{""type"":""MultiPoint"",""coordinates"":[]}"
326,2012-03-01T00:00:00,80.78657547141799,futouhu,"{""type"":""MultiPoint"",""coordinates"":[]}"
327,2012-04-01T00:00:00,0.0,futouhu,"{""type"":""MultiPoint"",""coordinates"":[]}"
328,2012-05-01T00:00:00,93.95224691569472,futouhu,"{""type"":""MultiPoint"",""coordinates"":[]}"
329,2012-06-01T00:00:00,55.76259765020422,futouhu,"{""type"":""MultiPoint"",""coordinates"":[]}"
330,2012-07-01T00:00:00,73.82643055632613,futouhu,"{""type"":""MultiPoint"",""coordinates"":[]}"
331,2012-08-01T00:00:00,0.10563454195604512,futouhu,"{""type"":""MultiPoint"",""coordinates"":[]}"
332,2012-09-01T00:00:00,54.81819539169151,futouhu,"{""type"":""MultiPoint"",""coordinates"":[]}"
333,2012-10-01T00:00:00,4.742477500327912,futouhu,"{""type"":""MultiPoint"",""coordinates"":[]}"
334,2012-11-01T00:00:00,5.092955137150541,futouhu,"{""type"":""MultiPoint"",""coordinates"":[]}"
335,2012-12-01T00:00:00,2.5049636908061905,futouhu,"{""type"":""MultiPoint"",""coordinates"":[]}"
336,2013-01-01T00:00:00,97.20947121514287,futouhu,"{""type"":""MultiPoint"",""coordinates"":[]}"
337,2013-02-01T00:00:00,4.444225473512658,futouhu,"{""type"":""MultiPoint"",""coordinates"":[]}"
338,2013-03-01T00:00:00,0.0,futouhu,"{""type"":""MultiPoint"",""coordinates"":[]}"
339,2013-04-01T00:00:00,85.29910948365016,futouhu,"{""type"":""MultiPoint"",""coordinates"":[]}"
340,2013-05-01T00:00:00,89.65758377269707,futouhu,"{""type"":""MultiPoint"",""coordinates"":[]}"
341,2013-06-01T00:00:00,81.17129405374469,futouhu,"{""type"":""MultiPoint"",""coordinates"":[]}"
342,2013-07-01T00:00:00,95.23356148949813,futouhu,"{""type"":""MultiPoint"",""coordinates"":[]}"
343,2013-08-01T00:00:00,96.37963874507791,futouhu,"{""type"":""MultiPoint"",""coordinates"":[]}"
344,2013-09-01T00:00:00,99.10475458765936,futouhu,"{""type"":""MultiPoint"",""coordinates"":[]}"
345,2013-10-01T00:00:00,108.04403954334855,futouhu,"{""type"":""MultiPoint"",""coordinates"":[]}"
346,2013-11-01T00:00:00,108.45541314132599,futouhu,"{""type"":""MultiPoint"",""coordinates"":[]}"
347,2013-12-01T00:00:00,23.344795054876794,futouhu,"{""type"":""MultiPoint"",""coordinates"":[]}"
348,2014-01-01T00:00:00,104.83149391933826,futouhu,"{""type"":""MultiPoint"",""coordinates"":[]}"
349,2014-02-01T00:00:00,8.795737381093225,futouhu,"{""type"":""MultiPoint"",""coordinates"":[]}"
350,2014-03-01T00:00:00,4.345504082817045,futouhu,"{""type"":""MultiPoint"",""coordinates"":[]}"
351,2014-04-01T00:00:00,42.91891963622232,futouhu,"{""type"":""MultiPoint"",""coordinates"":[]}"
352,2014-05-01T00:00:00,87.03506553459978,futouhu,"{""type"":""MultiPoint"",""coordinates"":[]}"
353,2014-06-01T00:00:00,0.0,futouhu,"{""type"":""MultiPoint"",""coordinates"":[]}"
354,2014-07-01T00:00:00,86.3080183568794,futouhu,"{""type"":""MultiPoint"",""coordinates"":[]}"
355,2014-08-01T00:00:00,99.06068964230838,futouhu,"{""type"":""MultiPoint"",""coordinates"":[]}"
356,2014-09-01T00:00:00,57.02333026250641,futouhu,"{""type"":""MultiPoint"",""coordinates"":[]}"
357,2014-10-01T00:00:00,106.96013416881698,futouhu,"{""type"":""MultiPoint"",""coordinates"":[]}"
358,2014-11-01T00:00:00,0.0,futouhu,"{""type"":""MultiPoint"",""coordinates"":[]}"
359,2014-12-01T00:00:00,24.77832795520759,futouhu,"{""type"":""MultiPoint"",""coordinates"":[]}"
360,2015-01-01T00:00:00,3.669362658810844,futouhu,"{""type"":""MultiPoint"",""coordinates"":[]}"
361,2015-02-01T00:00:00,2.124113194508272,futouhu,"{""type"":""MultiPoint"",""coordinates"":[]}"
362,2015-03-01T00:00:00,108.78785057972489,futouhu,"{""type"":""MultiPoint"",""coordinates"":[]}"
363,2015-04-01T00:00:00,107.05445699798484,futouhu,"{""type"":""MultiPoint"",""coordinates"":[]}"
364,2015-05-01T00:00:00,21.037465279500793,futouhu,"{""type"":""MultiPoint"",""coordinates"":[]}"
365,2015-06-01T00:00:00,81.87459232298852,futouhu,"{""type"":""MultiPoint"",""coordinates"":[]}"
366,2015-07-01T00:00:00,87.95238200659276,futouhu,"{""type"":""MultiPoint"",""coordinates"":[]}"
367,2015-08-01T00:00:00,96.63670940322076,futouhu,"{""type"":""MultiPoint"",""coordinates"":[]}"
368,2015-09-01T00:00:00,95.17064047069974,futouhu,"{""type"":""MultiPoint"",""coordinates"":[]}"
369,2015-10-01T00:00:00,106.62104053578524,futouhu,"{""type"":""MultiPoint"",""coordinates"":[]}"
370,2015-11-01T00:00:00,109.46806850993484,futouhu,"{""type"":""MultiPoint"",""coordinates"":[]}"
371,2015-12-01T00:00:00,0.0,futouhu,"{""type"":""MultiPoint"",""coordinates"":[]}"
372,2016-01-01T00:00:00,0.0,futouhu,"{""type"":""MultiPoint"",""coordinates"":[]}"
373,2016-02-01T00:00:00,78.71799263483491,futouhu,"{""type"":""MultiPoint"",""coordinates"":[]}"
374,2016-03-01T00:00:00,100.97675634372705,futouhu,"{""type"":""MultiPoint"",""coordinates"":[]}"
375,2016-04-01T00:00:00,109.27961188519811,futouhu,"{""type"":""MultiPoint"",""coordinates"":[]}"
376,2016-05-01T00:00:00,73.79172178443885,futouhu,"{""type"":""MultiPoint"",""coordinates"":[]}"
377,2016-06-01T00:00:00,100.59326060859763,futouhu,"{""type"":""MultiPoint"",""coordinates"":[]}"
378,2016-07-01T00:00:00,119.30000666760614,futouhu,"{""type"":""MultiPoint"",""coordinates"":[]}"
379,2016-08-01T00:00:00,113.47957141682885,futouhu,"{""type"":""MultiPoint"",""coordinates"":[]}"
380,2016-09-01T00:00:00,114.85018312515548,futouhu,"{""type"":""MultiPoint"",""coordinates"":[]}"
381,2016-10-01T00:00:00,14.038726680420647,futouhu,"{""type"":""MultiPoint"",""coordinates"":[]}"
382,2016-11-01T00:00:00,116.77848834407162,futouhu,"{""type"":""MultiPoint"",""coordinates"":[]}"
383,2016-12-01T00:00:00,0.0,futouhu,"{""type"":""MultiPoint"",""coordinates"":[]}"
384,2017-01-01T00:00:00,9.941370311385572,futouhu,"{""type"":""MultiPoint"",""coordinates"":[]}"
385,2017-02-01T00:00:00,103.61682779605235,futouhu,"{""type"":""MultiPoint"",""coordinates"":[]}"
386,2017-03-01T00:00:00,30.011845710876695,futouhu,"{""type"":""MultiPoint"",""coordinates"":[]}"
387,2017-04-01T00:00:00,90.25127938241243,futouhu,"{""type"":""MultiPoint"",""coordinates"":[]}"
388,2017-05-01T00:00:00,4.066256095222025,futouhu,"{""type"":""MultiPoint"",""coordinates"":[]}"
389,2017-06-01T00:00:00,0.2826565454101562,futouhu,"{""type"":""MultiPoint"",""coordinates"":[]}"
390,2017-07-01T00:00:00,101.57646474168949,futouhu,"{""type"":""MultiPoint"",""coordinates"":[]}"
391,2017-08-01T00:00:00,103.57124516850456,futouhu,"{""type"":""MultiPoint"",""coordinates"":[]}"
392,2017-09-01T00:00:00,69.74280991874565,futouhu,"{""type"":""MultiPoint"",""coordinates"":[]}"
393,2017-10-01T00:00:00,111.56796523713236,futouhu,"{""type"":""MultiPoint"",""coordinates"":[]}"
394,2017-11-01T00:00:00,98.83518039675538,futouhu,"{""type"":""MultiPoint"",""coordinates"":[]}"
395,2017-12-01T00:00:00,0.0,futouhu,"{""type"":""MultiPoint"",""coordinates"":[]}"
396,2018-01-01T00:00:00,0.0,futouhu,"{""type"":""MultiPoint"",""coordinates"":[]}"
397,2018-02-01T00:00:00,106.3484280502125,futouhu,"{""type"":""MultiPoint"",""coordinates"":[]}"
398,2018-03-01T00:00:00,100.2829441547678,futouhu,"{""type"":""MultiPoint"",""coordinates"":[]}"
399,2018-04-01T00:00:00,102.95227987353483,futouhu,"{""type"":""MultiPoint"",""coordinates"":[]}"
400,2018-05-01T00:00:00,0.0,futouhu,"{""type"":""MultiPoint"",""coordinates"":[]}"
401,2018-06-01T00:00:00,90.87238989421806,futouhu,"{""type"":""MultiPoint"",""coordinates"":[]}"
402,2018-07-01T00:00:00,91.40471067745116,futouhu,"{""type"":""MultiPoint"",""coordinates"":[]}"
403,2018-08-01T00:00:00,92.61914708500218,futouhu,"{""type"":""MultiPoint"",""coordinates"":[]}"
404,2018-09-01T00:00:00,91.6728312682452,futouhu,"{""type"":""MultiPoint"",""coordinates"":[]}"
405,2018-10-01T00:00:00,89.59632159598917,futouhu,"{""type"":""MultiPoint"",""coordinates"":[]}"
406,2018-11-01T00:00:00,98.95770202675916,futouhu,"{""type"":""MultiPoint"",""coordinates"":[]}"
407,2018-12-01T00:00:00,0.0,futouhu,"{""type"":""MultiPoint"",""coordinates"":[]}"
408,2019-01-01T00:00:00,0.0,futouhu,"{""type"":""MultiPoint"",""coordinates"":[]}"
409,2019-02-01T00:00:00,68.55831333350707,futouhu,"{""type"":""MultiPoint"",""coordinates"":[]}"
410,2019-03-01T00:00:00,112.40896374463482,futouhu,"{""type"":""MultiPoint"",""coordinates"":[]}"
411,2019-04-01T00:00:00,47.346492072230916,futouhu,"{""type"":""MultiPoint"",""coordinates"":[]}"
412,2019-05-01T00:00:00,17.648447558868074,futouhu,"{""type"":""MultiPoint"",""coordinates"":[]}"
413,2019-06-01T00:00:00,75.20983222618746,futouhu,"{""type"":""MultiPoint"",""coordinates"":[]}"
414,2019-07-01T00:00:00,50.79576392360842,futouhu,"{""type"":""MultiPoint"",""coordinates"":[]}"
415,2019-08-01T00:00:00,78.82293167157773,futouhu,"{""type"":""MultiPoint"",""coordinates"":[]}"
416,2019-09-01T00:00:00,58.462884946527446,futouhu,"{""type"":""MultiPoint"",""coordinates"":[]}"
417,2019-10-01T00:00:00,102.71616050273254,futouhu,"{""type"":""MultiPoint"",""coordinates"":[]}"
418,2019-11-01T00:00:00,99.72603886525212,futouhu,"{""type"":""MultiPoint"",""coordinates"":[]}"
419,2019-12-01T00:00:00,0.0,futouhu,"{""type"":""MultiPoint"",""coordinates"":[]}"
420,2020-01-01T00:00:00,0.0,futouhu,"{""type"":""MultiPoint"",""coordinates"":[]}"
421,2020-02-01T00:00:00,111.95725158553647,futouhu,"{""type"":""MultiPoint"",""coordinates"":[]}"
422,2020-03-01T00:00:00,92.03869812243242,futouhu,"{""type"":""MultiPoint"",""coordinates"":[]}"
423,2020-04-01T00:00:00,98.78980182245182,futouhu,"{""type"":""MultiPoint"",""coordinates"":[]}"
424,2020-05-01T00:00:00,47.38248934227513,futouhu,"{""type"":""MultiPoint"",""coordinates"":[]}"
425,2020-06-01T00:00:00,47.53929383020189,futouhu,"{""type"":""MultiPoint"",""coordinates"":[]}"
426,2020-07-01T00:00:00,18.086661055528108,futouhu,"{""type"":""MultiPoint"",""coordinates"":[]}"
427,2020-08-01T00:00:00,117.9374735870701,futouhu,"{""type"":""MultiPoint"",""coordinates"":[]}"
428,2020-09-01T00:00:00,55.933961769632916,futouhu,"{""type"":""MultiPoint"",""coordinates"":[]}"
429,2020-10-01T00:00:00,115.70438581188625,futouhu,"{""type"":""MultiPoint"",""coordinates"":[]}"
430,2020-11-01T00:00:00,62.842306123626805,futouhu,"{""type"":""MultiPoint"",""coordinates"":[]}"
431,2020-12-01T00:00:00,0.0,futouhu,"{""type"":""MultiPoint"",""coordinates"":[]}"
