system:index,Date,area_km2,lake,.geo
0,1985-01-01T00:00:00,0.0,houguanhu,"{""type"":""MultiPoint"",""coordinates"":[]}"
1,1985-02-01T00:00:00,0.0,houguanhu,"{""type"":""MultiPoint"",""coordinates"":[]}"
2,1985-03-01T00:00:00,0.0,houguanhu,"{""type"":""MultiPoint"",""coordinates"":[]}"
3,1985-04-01T00:00:00,0.0,houguanhu,"{""type"":""MultiPoint"",""coordinates"":[]}"
4,1985-05-01T00:00:00,0.0,houguanhu,"{""type"":""MultiPoint"",""coordinates"":[]}"
5,1985-06-01T00:00:00,0.0,houguanhu,"{""type"":""MultiPoint"",""coordinates"":[]}"
6,1985-07-01T00:00:00,0.0,houguanhu,"{""type"":""MultiPoint"",""coordinates"":[]}"
7,1985-08-01T00:00:00,0.0,houguanhu,"{""type"":""MultiPoint"",""coordinates"":[]}"
8,1985-09-01T00:00:00,0.0,houguanhu,"{""type"":""MultiPoint"",""coordinates"":[]}"
9,1985-10-01T00:00:00,0.0,houguanhu,"{""type"":""MultiPoint"",""coordinates"":[]}"
10,1985-11-01T00:00:00,0.0,houguanhu,"{""type"":""MultiPoint"",""coordinates"":[]}"
11,1985-12-01T00:00:00,0.0,houguanhu,"{""type"":""MultiPoint"",""coordinates"":[]}"
12,1986-01-01T00:00:00,0.0,houguanhu,"{""type"":""MultiPoint"",""coordinates"":[]}"
13,1986-02-01T00:00:00,0.0,houguanhu,"{""type"":""MultiPoint"",""coordinates"":[]}"
14,1986-03-01T00:00:00,0.0,houguanhu,"{""type"":""MultiPoint"",""coordinates"":[]}"
15,1986-04-01T00:00:00,0.0,houguanhu,"{""type"":""MultiPoint"",""coordinates"":[]}"
16,1986-05-01T00:00:00,0.0,houguanhu,"{""type"":""MultiPoint"",""coordinates"":[]}"
17,1986-06-01T00:00:00,0.0,houguanhu,"{""type"":""MultiPoint"",""coordinates"":[]}"
18,1986-07-01T00:00:00,0.0,houguanhu,"{""type"":""MultiPoint"",""coordinates"":[]}"
19,1986-08-01T00:00:00,0.0,houguanhu,"{""type"":""MultiPoint"",""coordinates"":[]}"
20,1986-09-01T00:00:00,0.0,houguanhu,"{""type"":""MultiPoint"",""coordinates"":[]}"
21,1986-10-01T00:00:00,0.0,houguanhu,"{""type"":""MultiPoint"",""coordinates"":[]}"
22,1986-11-01T00:00:00,0.0,houguanhu,"{""type"":""MultiPoint"",""coordinates"":[]}"
23,1986-12-01T00:00:00,0.0,houguanhu,"{""type"":""MultiPoint"",""coordinates"":[]}"
24,1987-01-01T00:00:00,0.0,houguanhu,"{""type"":""MultiPoint"",""coordinates"":[]}"
25,1987-02-01T00:00:00,0.0,houguanhu,"{""type"":""MultiPoint"",""coordinates"":[]}"
26,1987-03-01T00:00:00,0.0,houguanhu,"{""type"":""MultiPoint"",""coordinates"":[]}"
27,1987-04-01T00:00:00,0.0,houguanhu,"{""type"":""MultiPoint"",""coordinates"":[]}"
28,1987-05-01T00:00:00,0.0,houguanhu,"{""type"":""MultiPoint"",""coordinates"":[]}"
29,1987-06-01T00:00:00,0.0,houguanhu,"{""type"":""MultiPoint"",""coordinates"":[]}"
30,1987-07-01T00:00:00,0.0,houguanhu,"{""type"":""MultiPoint"",""coordinates"":[]}"
31,1987-08-01T00:00:00,0.0,houguanhu,"{""type"":""MultiPoint"",""coordinates"":[]}"
32,1987-09-01T00:00:00,28.29755259733241,houguanhu,"{""type"":""MultiPoint"",""coordinates"":[]}"
33,1987-10-01T00:00:00,0.0,houguanhu,"{""type"":""MultiPoint"",""coordinates"":[]}"
34,1987-11-01T00:00:00,0.0,houguanhu,"{""type"":""MultiPoint"",""coordinates"":[]}"
35,1987-12-01T00:00:00,0.0,houguanhu,"{""type"":""MultiPoint"",""coordinates"":[]}"
36,1988-01-01T00:00:00,0.0,houguanhu,"{""type"":""MultiPoint"",""coordinates"":[]}"
37,1988-02-01T00:00:00,0.0,houguanhu,"{""type"":""MultiPoint"",""coordinates"":[]}"
38,1988-03-01T00:00:00,0.0,houguanhu,"{""type"":""MultiPoint"",""coordinates"":[]}"
39,1988-04-01T00:00:00,0.0,houguanhu,"{""type"":""MultiPoint"",""coordinates"":[]}"
40,1988-05-01T00:00:00,0.0,houguanhu,"{""type"":""MultiPoint"",""coordinates"":[]}"
41,1988-06-01T00:00:00,0.0,houguanhu,"{""type"":""MultiPoint"",""coordinates"":[]}"
42,1988-07-01T00:00:00,0.0,houguanhu,"{""type"":""MultiPoint"",""coordinates"":[]}"
43,1988-08-01T00:00:00,0.0,houguanhu,"{""type"":""MultiPoint"",""coordinates"":[]}"
44,1988-09-01T00:00:00,0.0,houguanhu,"{""type"":""MultiPoint"",""coordinates"":[]}"
45,1988-10-01T00:00:00,0.0,houguanhu,"{""type"":""MultiPoint"",""coordinates"":[]}"
46,1988-11-01T00:00:00,0.0,houguanhu,"{""type"":""MultiPoint"",""coordinates"":[]}"
47,1988-12-01T00:00:00,0.0,houguanhu,"{""type"":""MultiPoint"",""coordinates"":[]}"
48,1989-01-01T00:00:00,0.0,houguanhu,"{""type"":""MultiPoint"",""coordinates"":[]}"
49,1989-02-01T00:00:00,0.0,houguanhu,"{""type"":""MultiPoint"",""coordinates"":[]}"
50,1989-03-01T00:00:00,0.0,houguanhu,"{""type"":""MultiPoint"",""coordinates"":[]}"
51,1989-04-01T00:00:00,0.0,houguanhu,"{""type"":""MultiPoint"",""coordinates"":[]}"
52,1989-05-01T00:00:00,0.0,houguanhu,"{""type"":""MultiPoint"",""coordinates"":[]}"
53,1989-06-01T00:00:00,0.0,houguanhu,"{""type"":""MultiPoint"",""coordinates"":[]}"
54,1989-07-01T00:00:00,0.0,houguanhu,"{""type"":""MultiPoint"",""coordinates"":[]}"
55,1989-08-01T00:00:00,0.0,houguanhu,"{""type"":""MultiPoint"",""coordinates"":[]}"
56,1989-09-01T00:00:00,0.0,houguanhu,"{""type"":""MultiPoint"",""coordinates"":[]}"
57,1989-10-01T00:00:00,0.0,houguanhu,"{""type"":""MultiPoint"",""coordinates"":[]}"
58,1989-11-01T00:00:00,0.0,houguanhu,"{""type"":""MultiPoint"",""coordinates"":[]}"
59,1989-12-01T00:00:00,0.0,houguanhu,"{""type"":""MultiPoint"",""coordinates"":[]}"
60,1990-01-01T00:00:00,0.0,houguanhu,"{""type"":""MultiPoint"",""coordinates"":[]}"
61,1990-02-01T00:00:00,0.0,houguanhu,"{""type"":""MultiPoint"",""coordinates"":[]}"
62,1990-03-01T00:00:00,0.0,houguanhu,"{""type"":""MultiPoint"",""coordinates"":[]}"
63,1990-04-01T00:00:00,0.0,houguanhu,"{""type"":""MultiPoint"",""coordinates"":[]}"
64,1990-05-01T00:00:00,0.0,houguanhu,"{""type"":""MultiPoint"",""coordinates"":[]}"
65,1990-06-01T00:00:00,0.0,houguanhu,"{""type"":""MultiPoint"",""coordinates"":[]}"
66,1990-07-01T00:00:00,0.0,houguanhu,"{""type"":""MultiPoint"",""coordinates"":[]}"
67,1990-08-01T00:00:00,0.0,houguanhu,"{""type"":""MultiPoint"",""coordinates"":[]}"
68,1990-09-01T00:00:00,29.94684647281184,houguanhu,"{""type"":""MultiPoint"",""coordinates"":[]}"
69,1990-10-01T00:00:00,0.0,houguanhu,"{""type"":""MultiPoint"",""coordinates"":[]}"
70,1990-11-01T00:00:00,0.0,houguanhu,"{""type"":""MultiPoint"",""coordinates"":[]}"
71,1990-12-01T00:00:00,0.0,houguanhu,"{""type"":""MultiPoint"",""coordinates"":[]}"
72,1991-01-01T00:00:00,0.0,houguanhu,"{""type"":""MultiPoint"",""coordinates"":[]}"
73,1991-02-01T00:00:00,0.0,houguanhu,"{""type"":""MultiPoint"",""coordinates"":[]}"
74,1991-03-01T00:00:00,0.0,houguanhu,"{""type"":""MultiPoint"",""coordinates"":[]}"
75,1991-04-01T00:00:00,0.0,houguanhu,"{""type"":""MultiPoint"",""coordinates"":[]}"
76,1991-05-01T00:00:00,0.0,houguanhu,"{""type"":""MultiPoint"",""coordinates"":[]}"
77,1991-06-01T00:00:00,0.10127403259277344,houguanhu,"{""type"":""MultiPoint"",""coordinates"":[]}"
78,1991-07-01T00:00:00,37.305885889126635,houguanhu,"{""type"":""MultiPoint"",""coordinates"":[]}"
79,1991-08-01T00:00:00,0.0,houguanhu,"{""type"":""MultiPoint"",""coordinates"":[]}"
80,1991-09-01T00:00:00,0.0,houguanhu,"{""type"":""MultiPoint"",""coordinates"":[]}"
81,1991-10-01T00:00:00,0.0,houguanhu,"{""type"":""MultiPoint"",""coordinates"":[]}"
82,1991-11-01T00:00:00,0.0,houguanhu,"{""type"":""MultiPoint"",""coordinates"":[]}"
83,1991-12-01T00:00:00,0.0,houguanhu,"{""type"":""MultiPoint"",""coordinates"":[]}"
84,1992-01-01T00:00:00,35.86405741082623,houguanhu,"{""type"":""MultiPoint"",""coordinates"":[]}"
85,1992-02-01T00:00:00,17.49150160831299,houguanhu,"{""type"":""MultiPoint"",""coordinates"":[]}"
86,1992-03-01T00:00:00,0.0,houguanhu,"{""type"":""MultiPoint"",""coordinates"":[]}"
87,1992-04-01T00:00:00,0.0,houguanhu,"{""type"":""MultiPoint"",""coordinates"":[]}"
88,1992-05-01T00:00:00,0.0,houguanhu,"{""type"":""MultiPoint"",""coordinates"":[]}"
89,1992-06-01T00:00:00,0.0,houguanhu,"{""type"":""MultiPoint"",""coordinates"":[]}"
90,1992-07-01T00:00:00,0.0,houguanhu,"{""type"":""MultiPoint"",""coordinates"":[]}"
91,1992-08-01T00:00:00,0.0,houguanhu,"{""type"":""MultiPoint"",""coordinates"":[]}"
92,1992-09-01T00:00:00,0.0,houguanhu,"{""type"":""MultiPoint"",""coordinates"":[]}"
93,1992-10-01T00:00:00,0.0,houguanhu,"{""type"":""MultiPoint"",""coordinates"":[]}"
94,1992-11-01T00:00:00,0.0,houguanhu,"{""type"":""MultiPoint"",""coordinates"":[]}"
95,1992-12-01T00:00:00,0.0,houguanhu,"{""type"":""MultiPoint"",""coordinates"":[]}"
96,1993-01-01T00:00:00,0.0,houguanhu,"{""type"":""MultiPoint"",""coordinates"":[]}"
97,1993-02-01T00:00:00,0.0,houguanhu,"{""type"":""MultiPoint"",""coordinates"":[]}"
98,1993-03-01T00:00:00,0.0,houguanhu,"{""type"":""MultiPoint"",""coordinates"":[]}"
99,1993-04-01T00:00:00,0.0,houguanhu,"{""type"":""MultiPoint"",""coordinates"":[]}"
100,1993-05-01T00:00:00,0.0,houguanhu,"{""type"":""MultiPoint"",""coordinates"":[]}"
101,1993-06-01T00:00:00,0.0,houguanhu,"{""type"":""MultiPoint"",""coordinates"":[]}"
102,1993-07-01T00:00:00,0.0,houguanhu,"{""type"":""MultiPoint"",""coordinates"":[]}"
103,1993-08-01T00:00:00,0.0,houguanhu,"{""type"":""MultiPoint"",""coordinates"":[]}"
104,1993-09-01T00:00:00,0.0,houguanhu,"{""type"":""MultiPoint"",""coordinates"":[]}"
105,1993-10-01T00:00:00,27.039519638062004,houguanhu,"{""type"":""MultiPoint"",""coordinates"":[]}"
106,1993-11-01T00:00:00,0.0,houguanhu,"{""type"":""MultiPoint"",""coordinates"":[]}"
107,1993-12-01T00:00:00,0.0,houguanhu,"{""type"":""MultiPoint"",""coordinates"":[]}"
108,1994-01-01T00:00:00,0.0,houguanhu,"{""type"":""MultiPoint"",""coordinates"":[]}"
109,1994-02-01T00:00:00,0.0,houguanhu,"{""type"":""MultiPoint"",""coordinates"":[]}"
110,1994-03-01T00:00:00,0.0,houguanhu,"{""type"":""MultiPoint"",""coordinates"":[]}"
111,1994-04-01T00:00:00,0.0,houguanhu,"{""type"":""MultiPoint"",""coordinates"":[]}"
112,1994-05-01T00:00:00,0.0,houguanhu,"{""type"":""MultiPoint"",""coordinates"":[]}"
113,1994-06-01T00:00:00,0.0,houguanhu,"{""type"":""MultiPoint"",""coordinates"":[]}"
114,1994-07-01T00:00:00,0.0,houguanhu,"{""type"":""MultiPoint"",""coordinates"":[]}"
115,1994-08-01T00:00:00,15.021096722116031,houguanhu,"{""type"":""MultiPoint"",""coordinates"":[]}"
116,1994-09-01T00:00:00,18.80212462711852,houguanhu,"{""type"":""MultiPoint"",""coordinates"":[]}"
117,1994-10-01T00:00:00,0.0,houguanhu,"{""type"":""MultiPoint"",""coordinates"":[]}"
118,1994-11-01T00:00:00,0.0,houguanhu,"{""type"":""MultiPoint"",""coordinates"":[]}"
119,1994-12-01T00:00:00,0.0,houguanhu,"{""type"":""MultiPoint"",""coordinates"":[]}"
120,1995-01-01T00:00:00,0.0,houguanhu,"{""type"":""MultiPoint"",""coordinates"":[]}"
121,1995-02-01T00:00:00,0.0,houguanhu,"{""type"":""MultiPoint"",""coordinates"":[]}"
122,1995-03-01T00:00:00,0.0,houguanhu,"{""type"":""MultiPoint"",""coordinates"":[]}"
123,1995-04-01T00:00:00,17.71400304706553,houguanhu,"{""type"":""MultiPoint"",""coordinates"":[]}"
124,1995-05-01T00:00:00,10.130820111924596,houguanhu,"{""type"":""MultiPoint"",""coordinates"":[]}"
125,1995-06-01T00:00:00,0.0,houguanhu,"{""type"":""MultiPoint"",""coordinates"":[]}"
126,1995-07-01T00:00:00,0.0,houguanhu,"{""type"":""MultiPoint"",""coordinates"":[]}"
127,1995-08-01T00:00:00,0.0,houguanhu,"{""type"":""MultiPoint"",""coordinates"":[]}"
128,1995-09-01T00:00:00,0.0,houguanhu,"{""type"":""MultiPoint"",""coordinates"":[]}"
129,1995-10-01T00:00:00,24.969353000604848,houguanhu,"{""type"":""MultiPoint"",""coordinates"":[]}"
130,1995-11-01T00:00:00,0.0,houguanhu,"{""type"":""MultiPoint"",""coordinates"":[]}"
131,1995-12-01T00:00:00,0.0,houguanhu,"{""type"":""MultiPoint"",""coordinates"":[]}"
132,1996-01-01T00:00:00,0.0,houguanhu,"{""type"":""MultiPoint"",""coordinates"":[]}"
133,1996-02-01T00:00:00,12.861200459805337,houguanhu,"{""type"":""MultiPoint"",""coordinates"":[]}"
134,1996-03-01T00:00:00,0.0,houguanhu,"{""type"":""MultiPoint"",""coordinates"":[]}"
135,1996-04-01T00:00:00,0.0,houguanhu,"{""type"":""MultiPoint"",""coordinates"":[]}"
136,1996-05-01T00:00:00,0.0904326792602539,houguanhu,"{""type"":""MultiPoint"",""coordinates"":[]}"
137,1996-06-01T00:00:00,23.978834833679677,houguanhu,"{""type"":""MultiPoint"",""coordinates"":[]}"
138,1996-07-01T00:00:00,0.0,houguanhu,"{""type"":""MultiPoint"",""coordinates"":[]}"
139,1996-08-01T00:00:00,7.188515492676977,houguanhu,"{""type"":""MultiPoint"",""coordinates"":[]}"
140,1996-09-01T00:00:00,19.678634689772416,houguanhu,"{""type"":""MultiPoint"",""coordinates"":[]}"
141,1996-10-01T00:00:00,34.613424905532916,houguanhu,"{""type"":""MultiPoint"",""coordinates"":[]}"
142,1996-11-01T00:00:00,0.0,houguanhu,"{""type"":""MultiPoint"",""coordinates"":[]}"
143,1996-12-01T00:00:00,0.0,houguanhu,"{""type"":""MultiPoint"",""coordinates"":[]}"
144,1997-01-01T00:00:00,0.0,houguanhu,"{""type"":""MultiPoint"",""coordinates"":[]}"
145,1997-02-01T00:00:00,0.0,houguanhu,"{""type"":""MultiPoint"",""coordinates"":[]}"
146,1997-03-01T00:00:00,0.0,houguanhu,"{""type"":""MultiPoint"",""coordinates"":[]}"
147,1997-04-01T00:00:00,0.0,houguanhu,"{""type"":""MultiPoint"",""coordinates"":[]}"
148,1997-05-01T00:00:00,0.0,houguanhu,"{""type"":""MultiPoint"",""coordinates"":[]}"
149,1997-06-01T00:00:00,0.0,houguanhu,"{""type"":""MultiPoint"",""coordinates"":[]}"
150,1997-07-01T00:00:00,0.0,houguanhu,"{""type"":""MultiPoint"",""coordinates"":[]}"
151,1997-08-01T00:00:00,0.0,houguanhu,"{""type"":""MultiPoint"",""coordinates"":[]}"
152,1997-09-01T00:00:00,0.0,houguanhu,"{""type"":""MultiPoint"",""coordinates"":[]}"
153,1997-10-01T00:00:00,0.0,houguanhu,"{""type"":""MultiPoint"",""coordinates"":[]}"
154,1997-11-01T00:00:00,0.0,houguanhu,"{""type"":""MultiPoint"",""coordinates"":[]}"
155,1997-12-01T00:00:00,0.0,houguanhu,"{""type"":""MultiPoint"",""coordinates"":[]}"
156,1998-01-01T00:00:00,0.0,houguanhu,"{""type"":""MultiPoint"",""coordinates"":[]}"
157,1998-02-01T00:00:00,0.0,houguanhu,"{""type"":""MultiPoint"",""coordinates"":[]}"
158,1998-03-01T00:00:00,0.0,houguanhu,"{""type"":""MultiPoint"",""coordinates"":[]}"
159,1998-04-01T00:00:00,0.0,houguanhu,"{""type"":""MultiPoint"",""coordinates"":[]}"
160,1998-05-01T00:00:00,0.0,houguanhu,"{""type"":""MultiPoint"",""coordinates"":[]}"
161,1998-06-01T00:00:00,0.0,houguanhu,"{""type"":""MultiPoint"",""coordinates"":[]}"
162,1998-07-01T00:00:00,0.0,houguanhu,"{""type"":""MultiPoint"",""coordinates"":[]}"
163,1998-08-01T00:00:00,0.0,houguanhu,"{""type"":""MultiPoint"",""coordinates"":[]}"
164,1998-09-01T00:00:00,0.0,houguanhu,"{""type"":""MultiPoint"",""coordinates"":[]}"
165,1998-10-01T00:00:00,0.0,houguanhu,"{""type"":""MultiPoint"",""coordinates"":[]}"
166,1998-11-01T00:00:00,0.0,houguanhu,"{""type"":""MultiPoint"",""coordinates"":[]}"
167,1998-12-01T00:00:00,0.0,houguanhu,"{""type"":""MultiPoint"",""coordinates"":[]}"
168,1999-01-01T00:00:00,0.0,houguanhu,"{""type"":""MultiPoint"",""coordinates"":[]}"
169,1999-02-01T00:00:00,0.0,houguanhu,"{""type"":""MultiPoint"",""coordinates"":[]}"
170,1999-03-01T00:00:00,0.0,houguanhu,"{""type"":""MultiPoint"",""coordinates"":[]}"
171,1999-04-01T00:00:00,0.0,houguanhu,"{""type"":""MultiPoint"",""coordinates"":[]}"
172,1999-05-01T00:00:00,0.0,houguanhu,"{""type"":""MultiPoint"",""coordinates"":[]}"
173,1999-06-01T00:00:00,0.0,houguanhu,"{""type"":""MultiPoint"",""coordinates"":[]}"
174,1999-07-01T00:00:00,0.0,houguanhu,"{""type"":""MultiPoint"",""coordinates"":[]}"
175,1999-08-01T00:00:00,0.0,houguanhu,"{""type"":""MultiPoint"",""coordinates"":[]}"
176,1999-09-01T00:00:00,6.255606591999847,houguanhu,"{""type"":""MultiPoint"",""coordinates"":[]}"
177,1999-10-01T00:00:00,0.0,houguanhu,"{""type"":""MultiPoint"",""coordinates"":[]}"
178,1999-11-01T00:00:00,24.994847588464854,houguanhu,"{""type"":""MultiPoint"",""coordinates"":[]}"
179,1999-12-01T00:00:00,0.0,houguanhu,"{""type"":""MultiPoint"",""coordinates"":[]}"
180,2000-01-01T00:00:00,0.0,houguanhu,"{""type"":""MultiPoint"",""coordinates"":[]}"
181,2000-02-01T00:00:00,34.87683529546451,houguanhu,"{""type"":""MultiPoint"",""coordinates"":[]}"
182,2000-03-01T00:00:00,0.0,houguanhu,"{""type"":""MultiPoint"",""coordinates"":[]}"
183,2000-04-01T00:00:00,0.0,houguanhu,"{""type"":""MultiPoint"",""coordinates"":[]}"
184,2000-05-01T00:00:00,0.0,houguanhu,"{""type"":""MultiPoint"",""coordinates"":[]}"
185,2000-06-01T00:00:00,16.92860049345536,houguanhu,"{""type"":""MultiPoint"",""coordinates"":[]}"
186,2000-07-01T00:00:00,25.908587731410375,houguanhu,"{""type"":""MultiPoint"",""coordinates"":[]}"
187,2000-08-01T00:00:00,21.180204596312766,houguanhu,"{""type"":""MultiPoint"",""coordinates"":[]}"
188,2000-09-01T00:00:00,30.89818579139141,houguanhu,"{""type"":""MultiPoint"",""coordinates"":[]}"
189,2000-10-01T00:00:00,35.84318709053765,houguanhu,"{""type"":""MultiPoint"",""coordinates"":[]}"
190,2000-11-01T00:00:00,0.13139410003662108,houguanhu,"{""type"":""MultiPoint"",""coordinates"":[]}"
191,2000-12-01T00:00:00,0.0,houguanhu,"{""type"":""MultiPoint"",""coordinates"":[]}"
192,2001-01-01T00:00:00,38.02061465768659,houguanhu,"{""type"":""MultiPoint"",""coordinates"":[]}"
193,2001-02-01T00:00:00,0.44097534935398475,houguanhu,"{""type"":""MultiPoint"",""coordinates"":[]}"
194,2001-03-01T00:00:00,34.13241250753223,houguanhu,"{""type"":""MultiPoint"",""coordinates"":[]}"
195,2001-04-01T00:00:00,19.395301488731953,houguanhu,"{""type"":""MultiPoint"",""coordinates"":[]}"
196,2001-05-01T00:00:00,23.52782219530317,houguanhu,"{""type"":""MultiPoint"",""coordinates"":[]}"
197,2001-06-01T00:00:00,1.9682905587435853,houguanhu,"{""type"":""MultiPoint"",""coordinates"":[]}"
198,2001-07-01T00:00:00,29.982766075075652,houguanhu,"{""type"":""MultiPoint"",""coordinates"":[]}"
199,2001-08-01T00:00:00,4.170768645936255,houguanhu,"{""type"":""MultiPoint"",""coordinates"":[]}"
200,2001-09-01T00:00:00,28.652341734883873,houguanhu,"{""type"":""MultiPoint"",""coordinates"":[]}"
201,2001-10-01T00:00:00,10.561997397409957,houguanhu,"{""type"":""MultiPoint"",""coordinates"":[]}"
202,2001-11-01T00:00:00,34.45108320840227,houguanhu,"{""type"":""MultiPoint"",""coordinates"":[]}"
203,2001-12-01T00:00:00,0.0,houguanhu,"{""type"":""MultiPoint"",""coordinates"":[]}"
204,2002-01-01T00:00:00,6.132855003510598,houguanhu,"{""type"":""MultiPoint"",""coordinates"":[]}"
205,2002-02-01T00:00:00,31.677903767831374,houguanhu,"{""type"":""MultiPoint"",""coordinates"":[]}"
206,2002-03-01T00:00:00,29.106086722556697,houguanhu,"{""type"":""MultiPoint"",""coordinates"":[]}"
207,2002-04-01T00:00:00,4.195314661623251,houguanhu,"{""type"":""MultiPoint"",""coordinates"":[]}"
208,2002-05-01T00:00:00,0.0,houguanhu,"{""type"":""MultiPoint"",""coordinates"":[]}"
209,2002-06-01T00:00:00,9.160246707458496,houguanhu,"{""type"":""MultiPoint"",""coordinates"":[]}"
210,2002-07-01T00:00:00,30.469233928489782,houguanhu,"{""type"":""MultiPoint"",""coordinates"":[]}"
211,2002-08-01T00:00:00,30.939699825891843,houguanhu,"{""type"":""MultiPoint"",""coordinates"":[]}"
212,2002-09-01T00:00:00,31.956638506373753,houguanhu,"{""type"":""MultiPoint"",""coordinates"":[]}"
213,2002-10-01T00:00:00,35.458402753036204,houguanhu,"{""type"":""MultiPoint"",""coordinates"":[]}"
214,2002-11-01T00:00:00,0.5324182737199372,houguanhu,"{""type"":""MultiPoint"",""coordinates"":[]}"
215,2002-12-01T00:00:00,0.0,houguanhu,"{""type"":""MultiPoint"",""coordinates"":[]}"
216,2003-01-01T00:00:00,38.776105903895946,houguanhu,"{""type"":""MultiPoint"",""coordinates"":[]}"
217,2003-02-01T00:00:00,38.0231462468843,houguanhu,"{""type"":""MultiPoint"",""coordinates"":[]}"
218,2003-03-01T00:00:00,2.6178217074529915,houguanhu,"{""type"":""MultiPoint"",""coordinates"":[]}"
219,2003-04-01T00:00:00,34.14231544875056,houguanhu,"{""type"":""MultiPoint"",""coordinates"":[]}"
220,2003-05-01T00:00:00,32.904881828371764,houguanhu,"{""type"":""MultiPoint"",""coordinates"":[]}"
221,2003-06-01T00:00:00,18.30300858920013,houguanhu,"{""type"":""MultiPoint"",""coordinates"":[]}"
222,2003-07-01T00:00:00,27.508115308043486,houguanhu,"{""type"":""MultiPoint"",""coordinates"":[]}"
223,2003-08-01T00:00:00,8.437689851278863,houguanhu,"{""type"":""MultiPoint"",""coordinates"":[]}"
224,2003-09-01T00:00:00,31.844268830946504,houguanhu,"{""type"":""MultiPoint"",""coordinates"":[]}"
225,2003-10-01T00:00:00,35.00286529698465,houguanhu,"{""type"":""MultiPoint"",""coordinates"":[]}"
226,2003-11-01T00:00:00,35.78501640257808,houguanhu,"{""type"":""MultiPoint"",""coordinates"":[]}"
227,2003-12-01T00:00:00,0.0,houguanhu,"{""type"":""MultiPoint"",""coordinates"":[]}"
228,2004-01-01T00:00:00,37.63242320987956,houguanhu,"{""type"":""MultiPoint"",""coordinates"":[]}"
229,2004-02-01T00:00:00,35.740507386726904,houguanhu,"{""type"":""MultiPoint"",""coordinates"":[]}"
230,2004-03-01T00:00:00,30.371006288823388,houguanhu,"{""type"":""MultiPoint"",""coordinates"":[]}"
231,2004-04-01T00:00:00,23.327735272894408,houguanhu,"{""type"":""MultiPoint"",""coordinates"":[]}"
232,2004-05-01T00:00:00,0.04904199752412684,houguanhu,"{""type"":""MultiPoint"",""coordinates"":[]}"
233,2004-06-01T00:00:00,0.14678790283203125,houguanhu,"{""type"":""MultiPoint"",""coordinates"":[]}"
234,2004-07-01T00:00:00,30.133606511716362,houguanhu,"{""type"":""MultiPoint"",""coordinates"":[]}"
235,2004-08-01T00:00:00,11.95435200946404,houguanhu,"{""type"":""MultiPoint"",""coordinates"":[]}"
236,2004-09-01T00:00:00,31.927733595707185,houguanhu,"{""type"":""MultiPoint"",""coordinates"":[]}"
237,2004-10-01T00:00:00,35.15745522130439,houguanhu,"{""type"":""MultiPoint"",""coordinates"":[]}"
238,2004-11-01T00:00:00,35.52980375028124,houguanhu,"{""type"":""MultiPoint"",""coordinates"":[]}"
239,2004-12-01T00:00:00,0.0,houguanhu,"{""type"":""MultiPoint"",""coordinates"":[]}"
240,2005-01-01T00:00:00,37.53587570573302,houguanhu,"{""type"":""MultiPoint"",""coordinates"":[]}"
241,2005-02-01T00:00:00,32.125398134537775,houguanhu,"{""type"":""MultiPoint"",""coordinates"":[]}"
242,2005-03-01T00:00:00,35.37087466853459,houguanhu,"{""type"":""MultiPoint"",""coordinates"":[]}"
243,2005-04-01T00:00:00,22.16634998984902,houguanhu,"{""type"":""MultiPoint"",""coordinates"":[]}"
244,2005-05-01T00:00:00,29.534553842467304,houguanhu,"{""type"":""MultiPoint"",""coordinates"":[]}"
245,2005-06-01T00:00:00,13.656325774780273,houguanhu,"{""type"":""MultiPoint"",""coordinates"":[]}"
246,2005-07-01T00:00:00,15.419106351083554,houguanhu,"{""type"":""MultiPoint"",""coordinates"":[]}"
247,2005-08-01T00:00:00,21.201514119278485,houguanhu,"{""type"":""MultiPoint"",""coordinates"":[]}"
248,2005-09-01T00:00:00,26.642154828885182,houguanhu,"{""type"":""MultiPoint"",""coordinates"":[]}"
249,2005-10-01T00:00:00,0.07728696325683594,houguanhu,"{""type"":""MultiPoint"",""coordinates"":[]}"
250,2005-11-01T00:00:00,27.75548938741623,houguanhu,"{""type"":""MultiPoint"",""coordinates"":[]}"
251,2005-12-01T00:00:00,0.0,houguanhu,"{""type"":""MultiPoint"",""coordinates"":[]}"
252,2006-01-01T00:00:00,30.679406819130577,houguanhu,"{""type"":""MultiPoint"",""coordinates"":[]}"
253,2006-02-01T00:00:00,7.963995212649356,houguanhu,"{""type"":""MultiPoint"",""coordinates"":[]}"
254,2006-03-01T00:00:00,36.10495527251887,houguanhu,"{""type"":""MultiPoint"",""coordinates"":[]}"
255,2006-04-01T00:00:00,25.220223071950635,houguanhu,"{""type"":""MultiPoint"",""coordinates"":[]}"
256,2006-05-01T00:00:00,23.335811213112986,houguanhu,"{""type"":""MultiPoint"",""coordinates"":[]}"
257,2006-06-01T00:00:00,25.945015259817087,houguanhu,"{""type"":""MultiPoint"",""coordinates"":[]}"
258,2006-07-01T00:00:00,17.0560094910556,houguanhu,"{""type"":""MultiPoint"",""coordinates"":[]}"
259,2006-08-01T00:00:00,17.88429778949812,houguanhu,"{""type"":""MultiPoint"",""coordinates"":[]}"
260,2006-09-01T00:00:00,26.69023553987295,houguanhu,"{""type"":""MultiPoint"",""coordinates"":[]}"
261,2006-10-01T00:00:00,30.98934024309082,houguanhu,"{""type"":""MultiPoint"",""coordinates"":[]}"
262,2006-11-01T00:00:00,33.29235221973543,houguanhu,"{""type"":""MultiPoint"",""coordinates"":[]}"
263,2006-12-01T00:00:00,0.0,houguanhu,"{""type"":""MultiPoint"",""coordinates"":[]}"
264,2007-01-01T00:00:00,34.462632515665696,houguanhu,"{""type"":""MultiPoint"",""coordinates"":[]}"
265,2007-02-01T00:00:00,36.62462534525842,houguanhu,"{""type"":""MultiPoint"",""coordinates"":[]}"
266,2007-03-01T00:00:00,34.64209630226285,houguanhu,"{""type"":""MultiPoint"",""coordinates"":[]}"
267,2007-04-01T00:00:00,26.732852261494244,houguanhu,"{""type"":""MultiPoint"",""coordinates"":[]}"
268,2007-05-01T00:00:00,27.321159316558237,houguanhu,"{""type"":""MultiPoint"",""coordinates"":[]}"
269,2007-06-01T00:00:00,19.473821332877122,houguanhu,"{""type"":""MultiPoint"",""coordinates"":[]}"
270,2007-07-01T00:00:00,15.225239558263683,houguanhu,"{""type"":""MultiPoint"",""coordinates"":[]}"
271,2007-08-01T00:00:00,14.005978905737303,houguanhu,"{""type"":""MultiPoint"",""coordinates"":[]}"
272,2007-09-01T00:00:00,26.137425790810262,houguanhu,"{""type"":""MultiPoint"",""coordinates"":[]}"
273,2007-10-01T00:00:00,28.54458642076009,houguanhu,"{""type"":""MultiPoint"",""coordinates"":[]}"
274,2007-11-01T00:00:00,28.70696109041486,houguanhu,"{""type"":""MultiPoint"",""coordinates"":[]}"
275,2007-12-01T00:00:00,0.0,houguanhu,"{""type"":""MultiPoint"",""coordinates"":[]}"
276,2008-01-01T00:00:00,0.0,houguanhu,"{""type"":""MultiPoint"",""coordinates"":[]}"
277,2008-02-01T00:00:00,36.60128389607028,houguanhu,"{""type"":""MultiPoint"",""coordinates"":[]}"
278,2008-03-01T00:00:00,34.90253718332782,houguanhu,"{""type"":""MultiPoint"",""coordinates"":[]}"
279,2008-04-01T00:00:00,22.13834967121104,houguanhu,"{""type"":""MultiPoint"",""coordinates"":[]}"
280,2008-05-01T00:00:00,21.776323984746718,houguanhu,"{""type"":""MultiPoint"",""coordinates"":[]}"
281,2008-06-01T00:00:00,0.0,houguanhu,"{""type"":""MultiPoint"",""coordinates"":[]}"
282,2008-07-01T00:00:00,22.870312005394073,houguanhu,"{""type"":""MultiPoint"",""coordinates"":[]}"
283,2008-08-01T00:00:00,17.566085858703612,houguanhu,"{""type"":""MultiPoint"",""coordinates"":[]}"
284,2008-09-01T00:00:00,5.440662950129251,houguanhu,"{""type"":""MultiPoint"",""coordinates"":[]}"
285,2008-10-01T00:00:00,30.259721610406615,houguanhu,"{""type"":""MultiPoint"",""coordinates"":[]}"
286,2008-11-01T00:00:00,33.935825897125135,houguanhu,"{""type"":""MultiPoint"",""coordinates"":[]}"
287,2008-12-01T00:00:00,0.0,houguanhu,"{""type"":""MultiPoint"",""coordinates"":[]}"
288,2009-01-01T00:00:00,35.1718099595423,houguanhu,"{""type"":""MultiPoint"",""coordinates"":[]}"
289,2009-02-01T00:00:00,17.907539063785325,houguanhu,"{""type"":""MultiPoint"",""coordinates"":[]}"
290,2009-03-01T00:00:00,34.17160682772575,houguanhu,"{""type"":""MultiPoint"",""coordinates"":[]}"
291,2009-04-01T00:00:00,21.999797982381423,houguanhu,"{""type"":""MultiPoint"",""coordinates"":[]}"
292,2009-05-01T00:00:00,27.737598862101958,houguanhu,"{""type"":""MultiPoint"",""coordinates"":[]}"
293,2009-06-01T00:00:00,7.716052501098633,houguanhu,"{""type"":""MultiPoint"",""coordinates"":[]}"
294,2009-07-01T00:00:00,18.0990965315906,houguanhu,"{""type"":""MultiPoint"",""coordinates"":[]}"
295,2009-08-01T00:00:00,12.30097234095818,houguanhu,"{""type"":""MultiPoint"",""coordinates"":[]}"
296,2009-09-01T00:00:00,26.583331060116038,houguanhu,"{""type"":""MultiPoint"",""coordinates"":[]}"
297,2009-10-01T00:00:00,17.697655579063277,houguanhu,"{""type"":""MultiPoint"",""coordinates"":[]}"
298,2009-11-01T00:00:00,34.85904700830174,houguanhu,"{""type"":""MultiPoint"",""coordinates"":[]}"
299,2009-12-01T00:00:00,0.0,houguanhu,"{""type"":""MultiPoint"",""coordinates"":[]}"
300,2010-01-01T00:00:00,29.68410607373861,houguanhu,"{""type"":""MultiPoint"",""coordinates"":[]}"
301,2010-02-01T00:00:00,28.997870281432636,houguanhu,"{""type"":""MultiPoint"",""coordinates"":[]}"
302,2010-03-01T00:00:00,26.36533181418242,houguanhu,"{""type"":""MultiPoint"",""coordinates"":[]}"
303,2010-04-01T00:00:00,0.0015455506591796875,houguanhu,"{""type"":""MultiPoint"",""coordinates"":[]}"
304,2010-05-01T00:00:00,0.42270931115722654,houguanhu,"{""type"":""MultiPoint"",""coordinates"":[]}"
305,2010-06-01T00:00:00,11.766593272949219,houguanhu,"{""type"":""MultiPoint"",""coordinates"":[]}"
306,2010-07-01T00:00:00,23.060417928990024,houguanhu,"{""type"":""MultiPoint"",""coordinates"":[]}"
307,2010-08-01T00:00:00,5.9822651395828546,houguanhu,"{""type"":""MultiPoint"",""coordinates"":[]}"
308,2010-09-01T00:00:00,26.327511997481047,houguanhu,"{""type"":""MultiPoint"",""coordinates"":[]}"
309,2010-10-01T00:00:00,30.07728065321834,houguanhu,"{""type"":""MultiPoint"",""coordinates"":[]}"
310,2010-11-01T00:00:00,25.250487577771963,houguanhu,"{""type"":""MultiPoint"",""coordinates"":[]}"
311,2010-12-01T00:00:00,0.0,houguanhu,"{""type"":""MultiPoint"",""coordinates"":[]}"
312,2011-01-01T00:00:00,37.39050782333528,houguanhu,"{""type"":""MultiPoint"",""coordinates"":[]}"
313,2011-02-01T00:00:00,36.57577483486231,houguanhu,"{""type"":""MultiPoint"",""coordinates"":[]}"
314,2011-03-01T00:00:00,34.66175538580895,houguanhu,"{""type"":""MultiPoint"",""coordinates"":[]}"
315,2011-04-01T00:00:00,0.0,houguanhu,"{""type"":""MultiPoint"",""coordinates"":[]}"
316,2011-05-01T00:00:00,0.0,houguanhu,"{""type"":""MultiPoint"",""coordinates"":[]}"
317,2011-06-01T00:00:00,21.722786821618655,houguanhu,"{""type"":""MultiPoint"",""coordinates"":[]}"
318,2011-07-01T00:00:00,7.188513671539186,houguanhu,"{""type"":""MultiPoint"",""coordinates"":[]}"
319,2011-08-01T00:00:00,25.20885567134531,houguanhu,"{""type"":""MultiPoint"",""coordinates"":[]}"
320,2011-09-01T00:00:00,18.328936532302915,houguanhu,"{""type"":""MultiPoint"",""coordinates"":[]}"
321,2011-10-01T00:00:00,22.384909179226504,houguanhu,"{""type"":""MultiPoint"",""coordinates"":[]}"
322,2011-11-01T00:00:00,28.133764238181918,houguanhu,"{""type"":""MultiPoint"",""coordinates"":[]}"
323,2011-12-01T00:00:00,0.0,houguanhu,"{""type"":""MultiPoint"",""coordinates"":[]}"
324,2012-01-01T00:00:00,35.058877923957844,houguanhu,"{""type"":""MultiPoint"",""coordinates"":[]}"
325,2012-02-01T00:00:00,30.624953400337965,houguanhu,"{""type"":""MultiPoint"",""coordinates"":[]}"
326,2012-03-01T00:00:00,30.890504227805707,houguanhu,"{""type"":""MultiPoint"",""coordinates"":[]}"
327,2012-04-01T00:00:00,0.0,houguanhu,"{""type"":""MultiPoint"",""coordinates"":[]}"
328,2012-05-01T00:00:00,19.778713843682503,houguanhu,"{""type"":""MultiPoint"",""coordinates"":[]}"
329,2012-06-01T00:00:00,17.900474351644835,houguanhu,"{""type"":""MultiPoint"",""coordinates"":[]}"
330,2012-07-01T00:00:00,16.984011680197565,houguanhu,"{""type"":""MultiPoint"",""coordinates"":[]}"
331,2012-08-01T00:00:00,0.0,houguanhu,"{""type"":""MultiPoint"",""coordinates"":[]}"
332,2012-09-01T00:00:00,7.199832488411459,houguanhu,"{""type"":""MultiPoint"",""coordinates"":[]}"
333,2012-10-01T00:00:00,0.0,houguanhu,"{""type"":""MultiPoint"",""coordinates"":[]}"
334,2012-11-01T00:00:00,0.0,houguanhu,"{""type"":""MultiPoint"",""coordinates"":[]}"
335,2012-12-01T00:00:00,0.0,houguanhu,"{""type"":""MultiPoint"",""coordinates"":[]}"
336,2013-01-01T00:00:00,35.31196056873348,houguanhu,"{""type"":""MultiPoint"",""coordinates"":[]}"
337,2013-02-01T00:00:00,0.0,houguanhu,"{""type"":""MultiPoint"",""coordinates"":[]}"
338,2013-03-01T00:00:00,0.0,houguanhu,"{""type"":""MultiPoint"",""coordinates"":[]}"
339,2013-04-01T00:00:00,22.926748562923173,houguanhu,"{""type"":""MultiPoint"",""coordinates"":[]}"
340,2013-05-01T00:00:00,29.200693289896414,houguanhu,"{""type"":""MultiPoint"",""coordinates"":[]}"
341,2013-06-01T00:00:00,27.952021939747535,houguanhu,"{""type"":""MultiPoint"",""coordinates"":[]}"
342,2013-07-01T00:00:00,30.15495389460354,houguanhu,"{""type"":""MultiPoint"",""coordinates"":[]}"
343,2013-08-01T00:00:00,30.5963845068728,houguanhu,"{""type"":""MultiPoint"",""coordinates"":[]}"
344,2013-09-01T00:00:00,30.190842045523613,houguanhu,"{""type"":""MultiPoint"",""coordinates"":[]}"
345,2013-10-01T00:00:00,32.058590377987855,houguanhu,"{""type"":""MultiPoint"",""coordinates"":[]}"
346,2013-11-01T00:00:00,32.94252133404398,houguanhu,"{""type"":""MultiPoint"",""coordinates"":[]}"
347,2013-12-01T00:00:00,0.0,houguanhu,"{""type"":""MultiPoint"",""coordinates"":[]}"
348,2014-01-01T00:00:00,35.315287708584655,houguanhu,"{""type"":""MultiPoint"",""coordinates"":[]}"
349,2014-02-01T00:00:00,0.0,houguanhu,"{""type"":""MultiPoint"",""coordinates"":[]}"
350,2014-03-01T00:00:00,0.013916208679199219,houguanhu,"{""type"":""MultiPoint"",""coordinates"":[]}"
351,2014-04-01T00:00:00,20.743599203600354,houguanhu,"{""type"":""MultiPoint"",""coordinates"":[]}"
352,2014-05-01T00:00:00,27.70877804949856,houguanhu,"{""type"":""MultiPoint"",""coordinates"":[]}"
353,2014-06-01T00:00:00,0.0,houguanhu,"{""type"":""MultiPoint"",""coordinates"":[]}"
354,2014-07-01T00:00:00,18.73107586920166,houguanhu,"{""type"":""MultiPoint"",""coordinates"":[]}"
355,2014-08-01T00:00:00,23.519985016840923,houguanhu,"{""type"":""MultiPoint"",""coordinates"":[]}"
356,2014-09-01T00:00:00,26.798075919091797,houguanhu,"{""type"":""MultiPoint"",""coordinates"":[]}"
357,2014-10-01T00:00:00,30.427396055559228,houguanhu,"{""type"":""MultiPoint"",""coordinates"":[]}"
358,2014-11-01T00:00:00,0.0,houguanhu,"{""type"":""MultiPoint"",""coordinates"":[]}"
359,2014-12-01T00:00:00,0.0,houguanhu,"{""type"":""MultiPoint"",""coordinates"":[]}"
360,2015-01-01T00:00:00,0.0,houguanhu,"{""type"":""MultiPoint"",""coordinates"":[]}"
361,2015-02-01T00:00:00,0.0,houguanhu,"{""type"":""MultiPoint"",""coordinates"":[]}"
362,2015-03-01T00:00:00,32.46268234947223,houguanhu,"{""type"":""MultiPoint"",""coordinates"":[]}"
363,2015-04-01T00:00:00,14.18430507100854,houguanhu,"{""type"":""MultiPoint"",""coordinates"":[]}"
364,2015-05-01T00:00:00,0.0,houguanhu,"{""type"":""MultiPoint"",""coordinates"":[]}"
365,2015-06-01T00:00:00,14.507317251738185,houguanhu,"{""type"":""MultiPoint"",""coordinates"":[]}"
366,2015-07-01T00:00:00,27.953445987243416,houguanhu,"{""type"":""MultiPoint"",""coordinates"":[]}"
367,2015-08-01T00:00:00,29.97166469105201,houguanhu,"{""type"":""MultiPoint"",""coordinates"":[]}"
368,2015-09-01T00:00:00,25.882307278435448,houguanhu,"{""type"":""MultiPoint"",""coordinates"":[]}"
369,2015-10-01T00:00:00,30.249858333759388,houguanhu,"{""type"":""MultiPoint"",""coordinates"":[]}"
370,2015-11-01T00:00:00,33.60115974669836,houguanhu,"{""type"":""MultiPoint"",""coordinates"":[]}"
371,2015-12-01T00:00:00,0.0,houguanhu,"{""type"":""MultiPoint"",""coordinates"":[]}"
372,2016-01-01T00:00:00,0.0,houguanhu,"{""type"":""MultiPoint"",""coordinates"":[]}"
373,2016-02-01T00:00:00,29.37076695295555,houguanhu,"{""type"":""MultiPoint"",""coordinates"":[]}"
374,2016-03-01T00:00:00,33.48399911221901,houguanhu,"{""type"":""MultiPoint"",""coordinates"":[]}"
375,2016-04-01T00:00:00,25.392120650017954,houguanhu,"{""type"":""MultiPoint"",""coordinates"":[]}"
376,2016-05-01T00:00:00,20.740742329149672,houguanhu,"{""type"":""MultiPoint"",""coordinates"":[]}"
377,2016-06-01T00:00:00,23.455562528570198,houguanhu,"{""type"":""MultiPoint"",""coordinates"":[]}"
378,2016-07-01T00:00:00,33.050810012613226,houguanhu,"{""type"":""MultiPoint"",""coordinates"":[]}"
379,2016-08-01T00:00:00,24.347214007888134,houguanhu,"{""type"":""MultiPoint"",""coordinates"":[]}"
380,2016-09-01T00:00:00,31.160413469329477,houguanhu,"{""type"":""MultiPoint"",""coordinates"":[]}"
381,2016-10-01T00:00:00,0.01081823046875,houguanhu,"{""type"":""MultiPoint"",""coordinates"":[]}"
382,2016-11-01T00:00:00,34.12420322289919,houguanhu,"{""type"":""MultiPoint"",""coordinates"":[]}"
383,2016-12-01T00:00:00,0.0,houguanhu,"{""type"":""MultiPoint"",""coordinates"":[]}"
384,2017-01-01T00:00:00,0.0,houguanhu,"{""type"":""MultiPoint"",""coordinates"":[]}"
385,2017-02-01T00:00:00,36.007321465683894,houguanhu,"{""type"":""MultiPoint"",""coordinates"":[]}"
386,2017-03-01T00:00:00,11.937546975030157,houguanhu,"{""type"":""MultiPoint"",""coordinates"":[]}"
387,2017-04-01T00:00:00,29.845705663967003,houguanhu,"{""type"":""MultiPoint"",""coordinates"":[]}"
388,2017-05-01T00:00:00,0.0,houguanhu,"{""type"":""MultiPoint"",""coordinates"":[]}"
389,2017-06-01T00:00:00,12.265477717384726,houguanhu,"{""type"":""MultiPoint"",""coordinates"":[]}"
390,2017-07-01T00:00:00,31.12732973493915,houguanhu,"{""type"":""MultiPoint"",""coordinates"":[]}"
391,2017-08-01T00:00:00,30.734359990225517,houguanhu,"{""type"":""MultiPoint"",""coordinates"":[]}"
392,2017-09-01T00:00:00,20.735122163005755,houguanhu,"{""type"":""MultiPoint"",""coordinates"":[]}"
393,2017-10-01T00:00:00,32.7723445592199,houguanhu,"{""type"":""MultiPoint"",""coordinates"":[]}"
394,2017-11-01T00:00:00,32.1405476933048,houguanhu,"{""type"":""MultiPoint"",""coordinates"":[]}"
395,2017-12-01T00:00:00,0.0,houguanhu,"{""type"":""MultiPoint"",""coordinates"":[]}"
396,2018-01-01T00:00:00,0.0,houguanhu,"{""type"":""MultiPoint"",""coordinates"":[]}"
397,2018-02-01T00:00:00,33.335989889734606,houguanhu,"{""type"":""MultiPoint"",""coordinates"":[]}"
398,2018-03-01T00:00:00,34.13192969370165,houguanhu,"{""type"":""MultiPoint"",""coordinates"":[]}"
399,2018-04-01T00:00:00,32.176032567998426,houguanhu,"{""type"":""MultiPoint"",""coordinates"":[]}"
400,2018-05-01T00:00:00,3.579093761255601,houguanhu,"{""type"":""MultiPoint"",""coordinates"":[]}"
401,2018-06-01T00:00:00,27.10230995550202,houguanhu,"{""type"":""MultiPoint"",""coordinates"":[]}"
402,2018-07-01T00:00:00,27.335019310060506,houguanhu,"{""type"":""MultiPoint"",""coordinates"":[]}"
403,2018-08-01T00:00:00,26.90494047486117,houguanhu,"{""type"":""MultiPoint"",""coordinates"":[]}"
404,2018-09-01T00:00:00,28.75654284259847,houguanhu,"{""type"":""MultiPoint"",""coordinates"":[]}"
405,2018-10-01T00:00:00,28.02255561972776,houguanhu,"{""type"":""MultiPoint"",""coordinates"":[]}"
406,2018-11-01T00:00:00,31.478582827535465,houguanhu,"{""type"":""MultiPoint"",""coordinates"":[]}"
407,2018-12-01T00:00:00,0.0,houguanhu,"{""type"":""MultiPoint"",""coordinates"":[]}"
408,2019-01-01T00:00:00,0.0,houguanhu,"{""type"":""MultiPoint"",""coordinates"":[]}"
409,2019-02-01T00:00:00,11.16655622082735,houguanhu,"{""type"":""MultiPoint"",""coordinates"":[]}"
410,2019-03-01T00:00:00,33.73529610101033,houguanhu,"{""type"":""MultiPoint"",""coordinates"":[]}"
411,2019-04-01T00:00:00,24.79883276022279,houguanhu,"{""type"":""MultiPoint"",""coordinates"":[]}"
412,2019-05-01T00:00:00,0.0,houguanhu,"{""type"":""MultiPoint"",""coordinates"":[]}"
413,2019-06-01T00:00:00,29.44574367929784,houguanhu,"{""type"":""MultiPoint"",""coordinates"":[]}"
414,2019-07-01T00:00:00,24.08307049800811,houguanhu,"{""type"":""MultiPoint"",""coordinates"":[]}"
415,2019-08-01T00:00:00,28.67049821311228,houguanhu,"{""type"":""MultiPoint"",""coordinates"":[]}"
416,2019-09-01T00:00:00,18.668101779748298,houguanhu,"{""type"":""MultiPoint"",""coordinates"":[]}"
417,2019-10-01T00:00:00,28.639435191135313,houguanhu,"{""type"":""MultiPoint"",""coordinates"":[]}"
418,2019-11-01T00:00:00,19.19595907050423,houguanhu,"{""type"":""MultiPoint"",""coordinates"":[]}"
419,2019-12-01T00:00:00,0.0,houguanhu,"{""type"":""MultiPoint"",""coordinates"":[]}"
420,2020-01-01T00:00:00,0.0,houguanhu,"{""type"":""MultiPoint"",""coordinates"":[]}"
421,2020-02-01T00:00:00,34.81772647721545,houguanhu,"{""type"":""MultiPoint"",""coordinates"":[]}"
422,2020-03-01T00:00:00,30.56152193910702,houguanhu,"{""type"":""MultiPoint"",""coordinates"":[]}"
423,2020-04-01T00:00:00,32.04214708632143,houguanhu,"{""type"":""MultiPoint"",""coordinates"":[]}"
424,2020-05-01T00:00:00,22.71886600821677,houguanhu,"{""type"":""MultiPoint"",""coordinates"":[]}"
425,2020-06-01T00:00:00,22.446881123826685,houguanhu,"{""type"":""MultiPoint"",""coordinates"":[]}"
426,2020-07-01T00:00:00,0.18936014654541017,houguanhu,"{""type"":""MultiPoint"",""coordinates"":[]}"
427,2020-08-01T00:00:00,30.443324818362743,houguanhu,"{""type"":""MultiPoint"",""coordinates"":[]}"
428,2020-09-01T00:00:00,3.6124086721840047,houguanhu,"{""type"":""MultiPoint"",""coordinates"":[]}"
429,2020-10-01T00:00:00,22.86009627824875,houguanhu,"{""type"":""MultiPoint"",""coordinates"":[]}"
430,2020-11-01T00:00:00,0.0,houguanhu,"{""type"":""MultiPoint"",""coordinates"":[]}"
431,2020-12-01T00:00:00,0.0,houguanhu,"{""type"":""MultiPoint"",""coordinates"":[]}"
